-- phpMyAdmin SQL Dump
-- version 4.7.0
-- https://www.phpmyadmin.net/
--
-- Servidor: 127.0.0.1
-- Tiempo de generación: 23-01-2018 a las 00:28:47
-- Versión del servidor: 10.1.25-MariaDB
-- Versión de PHP: 5.6.31

SET SQL_MODE = "NO_AUTO_VALUE_ON_ZERO";
SET AUTOCOMMIT = 0;
START TRANSACTION;
SET time_zone = "+00:00";


/*!40101 SET @OLD_CHARACTER_SET_CLIENT=@@CHARACTER_SET_CLIENT */;
/*!40101 SET @OLD_CHARACTER_SET_RESULTS=@@CHARACTER_SET_RESULTS */;
/*!40101 SET @OLD_COLLATION_CONNECTION=@@COLLATION_CONNECTION */;
/*!40101 SET NAMES utf8mb4 */;

--
-- Base de datos: `wmsdb`
--

-- --------------------------------------------------------

--
-- Estructura de tabla para la tabla `almacen`
--

CREATE TABLE `almacen` (
  `idAlmacen` int(11) NOT NULL,
  `descripcion` varchar(45) DEFAULT NULL,
  `prioridad` int(11) DEFAULT NULL
) ENGINE=InnoDB DEFAULT CHARSET=utf8;

--
-- Volcado de datos para la tabla `almacen`
--

INSERT INTO `almacen` (`idAlmacen`, `descripcion`, `prioridad`) VALUES
(1, 'Mostrador', 2),
(2, 'Almacén Principal', 1),
(3, 'Almacén Secundario', 3);

-- --------------------------------------------------------

--
-- Estructura de tabla para la tabla `campana`
--

CREATE TABLE `campana` (
  `idCampana` int(11) NOT NULL
) ENGINE=InnoDB DEFAULT CHARSET=utf8;

--
-- Volcado de datos para la tabla `campana`
--

INSERT INTO `campana` (`idCampana`) VALUES
(1),
(2),
(3),
(4),
(5),
(6),
(7),
(8),
(9),
(10),
(11),
(12),
(13);

-- --------------------------------------------------------

--
-- Estructura de tabla para la tabla `catalogo`
--

CREATE TABLE `catalogo` (
  `idCatalogo` varchar(45) NOT NULL,
  `idCampana` int(11) NOT NULL,
  `stock` int(11) DEFAULT NULL,
  `tipo` varchar(45) DEFAULT NULL,
  `fecha` varchar(45) DEFAULT NULL,
  `fechaInicio` varchar(45) DEFAULT NULL,
  `fechaFin` varchar(45) DEFAULT NULL
) ENGINE=InnoDB DEFAULT CHARSET=utf8;

--
-- Volcado de datos para la tabla `catalogo`
--

INSERT INTO `catalogo` (`idCatalogo`, `idCampana`, `stock`, `tipo`, `fecha`, `fechaInicio`, `fechaFin`) VALUES
('2017C13', 13, 0, 'Productos', '2017-12-13', '2017-12-04', '2017-12-27'),
('2018C1', 1, 0, 'Productos', '2018-01-22', '2018-01-01', '2018-01-26');

-- --------------------------------------------------------

--
-- Estructura de tabla para la tabla `catalogoproducto`
--

CREATE TABLE `catalogoproducto` (
  `idProducto` varchar(45) NOT NULL,
  `idCatalogo` varchar(45) NOT NULL,
  `idCatalogoProducto` varchar(45) DEFAULT NULL,
  `precio` float DEFAULT NULL,
  `precioBase` float DEFAULT NULL,
  `promocion` varchar(300) DEFAULT NULL
) ENGINE=InnoDB DEFAULT CHARSET=utf8;

--
-- Volcado de datos para la tabla `catalogoproducto`
--

INSERT INTO `catalogoproducto` (`idProducto`, `idCatalogo`, `idCatalogoProducto`, `precio`, `precioBase`, `promocion`) VALUES
('0000883', '2017C13', '2077', 125, 190, '0.3'),
('0000883', '2018C1', '200', 190, 190, '0.3'),
('0002183', '2017C13', '2020', 176, 176, 'SET CON DEO 45%'),
('0002183', '2018C1', '230', 99, 176, 'SET CON DEO 45%'),
('0002279', '2018C1', '240', 154, 154, 'OM 45%'),
('0002426', '2017C13', '2014', 165, 165, 'OUT'),
('0002426', '2018C1', '233', 165, 165, 'OUT'),
('0002645', '2017C13', '2074', 190, 190, 'SET CON DEO 45%'),
('0002645', '2018C1', '201', 99, 190, 'SET CON DEO 45%'),
('0002998', '2018C1', '207', 172, 172, 'OM 45%'),
('0003529', '2017C13', '707', 50, 50, 'OUT'),
('0003529', '2018C1', '4153', 50, 50, 'OUT'),
('0003590', '2017C13', '1606', 26, 26, 'OUT'),
('0003590', '2018C1', '347', 12.9, 26, 'PI'),
('0003701', '2017C13', '1605', 26, 26, 'OUT'),
('0003701', '2018C1', '346', 12.9, 26, 'PI'),
('0003724', '2017C13', '2223', 100, 100, 'OUT'),
('0003725', '2017C13', '2224', 48, 100, 'MPA 50%'),
('0003726', '2017C13', '2058', 109, 172, '35%  + CAPI / PT X RECOM'),
('0003911', '2017C13', '353', 50, 50, 'OUT'),
('0003911', '2018C1', '4157', 32, 50, '0.35'),
('0004002', '2017C13', '2217', 85, 125, '30% / OE N1 y N2'),
('0004002', '2018C1', '217', 125, 125, '30% / OE N1 y N2'),
('0004153', '2017C13', '573', 62, 62, 'OUT'),
('0004153', '2018C1', '4162', 62, 62, 'OUT'),
('0004164', '2017C13', '2156', 115, 115, 'SET CON ESMALTE 45%'),
('0004347', '2017C13', '2157', 122, 122, 'OUT'),
('0004347', '2018C1', '245', 59, 122, 'OUT'),
('0004348', '2017C13', '48', 69, 110, '0.35'),
('0004348', '2018C1', '24', 64, 110, '0.4'),
('0004422', '2017C13', '360', 60, 60, 'OUT'),
('0004422', '2018C1', '4118', 60, 60, 'OUT'),
('0004476', '2017C13', '2165', 86, 165, '45% + DISCOVER'),
('0004476', '2018C1', '243', 165, 165, '45% + DISCOVER'),
('0004493', '2017C13', '2154', 120, 120, 'OUT'),
('0004493', '2018C1', '219', 55, 115, 'OUT'),
('0004495', '2017C13', '2171', 125, 190, '0.3'),
('0004495', '2018C1', '212', 99, 190, '0.3'),
('0004630', '2017C13', '55', 79, 149, '45%MPA'),
('0004630', '2018C1', '18', 94, 149, '0.35'),
('0004645', '2017C13', '2177', 176, 176, 'OUT'),
('0004645', '2018C1', '232', 92, 176, 'OUT'),
('0004646', '2018C1', '231', 176, 176, '35% + CAPI + CCUU'),
('0004647', '2017C13', '77', 59, 92, '0.35'),
('0004647', '2018C1', '52', 54, 92, '0.4'),
('0004651', '2017C13', '69', 52, 89, '0.4'),
('0004651', '2018C1', '9', 55, 89, '0.35'),
('0004652', '2017C13', '72', 58, 98, '0.4'),
('0004652', '2018C1', '8', 62, 98, '0.35'),
('0004653', '2018C1', '19', 119, 188, '0.35'),
('0004654', '2017C13', '70', 30, 51, '0.4'),
('0004654', '2018C1', '2', 25.5, 51, 'MPA 50%'),
('0004655', '2017C13', '73', 34, 57, '0.4'),
('0004655', '2018C1', '1', 28.5, 57, 'MPA 50%'),
('0004670', '2017C13', '71', 30, 51, '0.4'),
('0004670', '2018C1', '6', 25.5, 51, 'MPA 50%'),
('0004671', '2017C13', '74', 34, 57, '0.4'),
('0004671', '2018C1', '5', 28.5, 57, 'MPA 50%'),
('0004683', '2017C13', '2199', 128, 208, '35% + CAPI + CCUU + DISCOVER'),
('0004683', '2018C1', '205', 208, 208, '35% + CAPI + CCUU + DISCOVER'),
('0004684', '2017C13', '2197', 190, 190, 'OUT'),
('0004684', '2018C1', '236', 119, 190, 'OUT'),
('0004694', '2017C13', '1675', 58, 106, '0.45'),
('0004694', '2018C1', '330', 106, 106, 'out'),
('0004733', '2017C13', '78', 129, 205, '0.35'),
('0004733', '2018C1', '17', 109, 205, '0.45'),
('0004734', '2017C13', '79', 72, 131, '45%MPA'),
('0004734', '2018C1', '15', 85, 131, '0.35'),
('0004750', '2018C1', '3', 39, 69, '0.4'),
('0004770', '2017C13', '2183', 85, 125, '30% / OE N2'),
('0004770', '2018C1', '218', 125, 125, '30% / OE N2'),
('0004828', '2017C13', '86', 115, 178, '0.35'),
('0004828', '2018C1', '21', 105, 178, '0.4'),
('0004829', '2017C13', '81', 39, 66, '0.4'),
('0004829', '2018C1', '12', 42, 66, '0.35'),
('0004830', '2017C13', '84', 39, 66, '0.4'),
('0004830', '2018C1', '11', 42, 66, '0.35'),
('0004834', '2017C13', '2201', 120, 120, 'OUT'),
('0004834', '2018C1', '270', 115, 115, 'OUT'),
('0004836', '2017C13', '169', 75, 75, 'OUT'),
('0004836', '2018C1', '4121', 75, 75, 'OUT'),
('0004837', '2017C13', '170', 75, 75, 'OUT'),
('0004837', '2018C1', '4122', 75, 75, 'OUT'),
('0004838', '2017C13', '171', 75, 75, 'OUT'),
('0004838', '2018C1', '4123', 75, 75, 'OUT'),
('0004839', '2017C13', '172', 75, 75, 'OUT'),
('0004839', '2018C1', '4124', 75, 75, 'OUT'),
('0004841', '2017C13', '173', 75, 75, 'OUT'),
('0004841', '2018C1', '4126', 75, 75, 'OUT'),
('0004843', '2017C13', '175', 75, 75, 'OUT'),
('0004843', '2018C1', '4128', 75, 75, 'OUT'),
('0004845', '2017C13', '176', 75, 75, 'OUT'),
('0004845', '2018C1', '4130', 75, 75, 'OUT'),
('0004849', '2017C13', '128', 50, 78, '0.35'),
('0004849', '2018C1', '4000', 48, 74, '0.35'),
('0004850', '2017C13', '129', 50, 78, '0.35'),
('0004850', '2018C1', '4001', 48, 74, '0.35'),
('0004851', '2017C13', '130', 50, 78, '0.35'),
('0004851', '2018C1', '4002', 48, 74, '0.35'),
('0004880', '2017C13', '2189', 172, 172, 'OUT / PT X RECOM'),
('0004882', '2017C13', '2195', 42, 65, '0.35'),
('0004882', '2018C1', '273', 65, 65, '0.35'),
('0004883', '2017C13', '2196', 42, 65, '0.35'),
('0004883', '2018C1', '274', 65, 65, '0.35'),
('0004884', '2017C13', '776', 46, 78, '0.4'),
('0004884', '2018C1', '4015', 50, 78, '0.35'),
('0004885', '2017C13', '777', 46, 78, '0.4'),
('0004885', '2018C1', '4018', 50, 78, '0.35'),
('0004886', '2017C13', '778', 46, 78, '0.4'),
('0004886', '2018C1', '4021', 50, 78, '0.35'),
('0004887', '2017C13', '779', 46, 78, '40% (SUG)'),
('0004887', '2018C1', '4017', 50, 78, '0.35'),
('0004888', '2017C13', '774', 46, 78, '0.4'),
('0004888', '2018C1', '4012', 50, 78, '35% (SUG)'),
('0004889', '2017C13', '780', 46, 78, '0.4'),
('0004889', '2018C1', '4016', 50, 78, '0.35'),
('0004890', '2017C13', '233', 35, 50, '1x S/. 35 2x S/. 55'),
('0004890', '2018C1', '4066', 32, 50, 'OUT'),
('0004891', '2017C13', '199', 35, 50, 'OUT'),
('0004891', '2018C1', '4067', 32, 50, 'OUT'),
('0004892', '2017C13', '200', 35, 50, '1x S/. 35 2x S/. 55'),
('0004892', '2018C1', '4044', 32, 50, '20+20%'),
('0004893', '2017C13', '211', 35, 50, '1x S/. 35 2x S/. 55'),
('0004893', '2018C1', '4045', 32, 50, '20+20%'),
('0004894', '2017C13', '201', 35, 50, 'OUT'),
('0004894', '2018C1', '4052', 32, 50, '20+20%'),
('0004895', '2017C13', '202', 35, 50, '1x S/. 35 2x S/. 55 (SUG)'),
('0004895', '2018C1', '4053', 32, 50, '20+20%'),
('0004896', '2017C13', '213', 35, 50, 'OUT'),
('0004896', '2018C1', '4054', 32, 50, 'OUT'),
('0004897', '2017C13', '207', 35, 50, '1x S/. 35 2x S/. 55'),
('0004897', '2018C1', '4065', 32, 50, '20+20%'),
('0004898', '2017C13', '208', 35, 50, 'OUT'),
('0004898', '2018C1', '4062', 32, 50, '20+20%'),
('0004899', '2017C13', '231', 35, 50, 'OUT'),
('0004900', '2017C13', '209', 35, 50, 'OUT'),
('0004900', '2018C1', '4049', 32, 50, '20+20%'),
('0004901', '2017C13', '218', 35, 50, '1x S/. 35 2x S/. 55'),
('0004901', '2018C1', '4061', 32, 50, 'OUT'),
('0004902', '2017C13', '219', 35, 50, 'OUT'),
('0004902', '2018C1', '4055', 32, 50, '20+20%'),
('0004904', '2017C13', '2202', 105, 158, '0.3'),
('0004936', '2017C13', '154', 44, 81, 'MPA 45%'),
('0004936', '2018C1', '4023', 56, 81, '0.3'),
('0004937', '2017C13', '155', 44, 81, 'MPA 45%'),
('0004937', '2018C1', '4024', 56, 81, '0.3'),
('0004938', '2017C13', '156', 44, 81, 'MPA 45%'),
('0004938', '2018C1', '4025', 56, 81, '0.3'),
('0004939', '2017C13', '157', 44, 81, 'MPA 45%'),
('0004939', '2018C1', '4026', 56, 81, '0.3'),
('0004940', '2017C13', '158', 44, 81, 'MPA 45%'),
('0004940', '2018C1', '4027', 56, 81, '0.3'),
('0004942', '2017C13', '159', 44, 81, 'MPA 45%'),
('0004942', '2018C1', '4029', 56, 81, '0.3'),
('0004943', '2017C13', '160', 44, 81, 'MPA 45%'),
('0004943', '2018C1', '4030', 56, 81, '0.3'),
('0004944', '2017C13', '161', 44, 81, 'MPA 45%'),
('0004944', '2018C1', '4031', 56, 81, '0.3'),
('0004945', '2017C13', '162', 44, 81, 'MPA 45%'),
('0004945', '2018C1', '4032', 56, 81, '0.3'),
('0004946', '2017C13', '163', 44, 81, 'MPA 45%'),
('0004946', '2018C1', '4033', 56, 81, '0.3'),
('0004959', '2017C13', '2200', 154, 154, 'SET CON BL 50%'),
('0004966', '2017C13', '220', 35, 50, 'OUT'),
('0004966', '2018C1', '4064', 32, 50, '20+20%'),
('0005009', '2017C13', '87', 195, 195, 'OUT'),
('0005009', '2018C1', '64', 115, 195, '0.4'),
('0005029', '2017C13', '2214', 99, 185, '0.45'),
('0005029', '2018C1', '202', 122, 185, '0.45'),
('0005030', '2017C13', '2215', 115, 172, '0.3'),
('0005030', '2018C1', '206', 104, 172, '0.3'),
('0005050', '2017C13', '195', 37, 58, '20+20%'),
('0005050', '2018C1', '4396', 31, 58, 'MPA 45%'),
('0005052', '2017C13', '483', 37, 58, '20+20%'),
('0005055', '2017C13', '283', 54, 54, 'OUT'),
('0005055', '2018C1', '4405', 54, 54, 'OUT'),
('0005056', '2017C13', '284', 54, 54, 'OUT'),
('0005056', '2018C1', '4406', 54, 54, 'OUT'),
('0005057', '2017C13', '285', 54, 54, 'OUT'),
('0005057', '2018C1', '4407', 54, 54, 'OUT'),
('0005059', '2017C13', '287', 54, 54, 'OUT'),
('0005059', '2018C1', '4409', 54, 54, 'OUT'),
('0005060', '2017C13', '288', 54, 54, 'OUT'),
('0005060', '2018C1', '4410', 54, 54, 'OUT'),
('0005061', '2017C13', '708', 48, 48, 'OUT'),
('0005061', '2018C1', '4411', 48, 48, 'OUT'),
('0005062', '2017C13', '709', 48, 48, 'OUT'),
('0005062', '2018C1', '4412', 48, 48, 'OUT'),
('0005063', '2017C13', '710', 48, 48, 'OUT'),
('0005063', '2018C1', '4413', 48, 48, 'OUT'),
('0005064', '2017C13', '711', 48, 48, 'OUT'),
('0005064', '2018C1', '4414', 48, 48, 'OUT'),
('0005065', '2017C13', '712', 48, 48, 'OUT'),
('0005065', '2018C1', '4415', 48, 48, 'OUT'),
('0005066', '2017C13', '713', 48, 48, 'OUT'),
('0005066', '2018C1', '4416', 48, 48, 'OUT'),
('0005069', '2017C13', '68', 99, 153, '0.35'),
('0005069', '2018C1', '20', 79, 153, '0.45'),
('0005087', '2017C13', '1604', 58, 106, '0.45'),
('0005087', '2018C1', '329', 106, 106, 'out'),
('0005099', '2017C13', '134', 63, 91, '30% + CAPI'),
('0005099', '2018C1', '4041', 58, 91, '20+20%'),
('0005100', '2017C13', '135', 63, 91, '30% + CAPI'),
('0005100', '2018C1', '4042', 58, 91, '20+20%'),
('0005101', '2017C13', '136', 63, 91, '30% + CAPI'),
('0005101', '2018C1', '4043', 58, 91, '20+20%'),
('0005102', '2017C13', '137', 50, 78, '0.35'),
('0005102', '2018C1', '4004', 78, 78, 'OUT - Boletin S/.50'),
('0005103', '2017C13', '138', 50, 78, '0.35'),
('0005103', '2018C1', '4005', 78, 78, 'OUT - Boletin S/.50'),
('0005104', '2017C13', '139', 50, 78, '0.35'),
('0005104', '2018C1', '4006', 78, 78, 'OUT - Boletin S/.50'),
('0005106', '2017C13', '270', 59, 99, '0.4'),
('0005106', '2018C1', '4684', 54, 99, 'MPA 45%'),
('0005107', '2017C13', '271', 59, 99, '0.4'),
('0005107', '2018C1', '4685', 54, 99, 'MPA 45%'),
('0005108', '2017C13', '272', 59, 99, '0.4'),
('0005108', '2018C1', '4686', 54, 99, 'MPA 45%'),
('0005109', '2017C13', '273', 59, 99, '0.4'),
('0005109', '2018C1', '4687', 54, 99, 'MPA 45%'),
('0005110', '2017C13', '274', 59, 99, '0.4'),
('0005110', '2018C1', '4039', 54, 99, 'MPA 45%'),
('0005114', '2017C13', '297', 32, 32, 'OUT'),
('0005114', '2018C1', '4460', 19, 32, '0.4'),
('0005120', '2017C13', '2213', 172, 172, 'OUT'),
('0005120', '2018C1', '213', 94, 172, 'OUT'),
('0005121', '2017C13', '381', 36, 60, 'MPA 40% '),
('0005121', '2018C1', '4464', 60, 60, 'OUT'),
('0005122', '2017C13', '382', 36, 60, 'MPA 40% '),
('0005122', '2018C1', '4465', 60, 60, 'OUT'),
('0005123', '2017C13', '383', 36, 60, 'MPA 40% '),
('0005123', '2018C1', '4466', 60, 60, 'OUT'),
('0005124', '2017C13', '384', 36, 60, 'MPA 40% (SUG)'),
('0005124', '2018C1', '4467', 60, 60, 'OUT'),
('0005125', '2017C13', '385', 36, 60, 'MPA 40% '),
('0005125', '2018C1', '4468', 60, 60, 'OUT'),
('0005126', '2017C13', '386', 36, 60, 'MPA 40% '),
('0005126', '2018C1', '4469', 60, 60, 'OUT'),
('0005127', '2017C13', '387', 36, 60, 'MPA 40% '),
('0005127', '2018C1', '4470', 60, 60, 'OUT'),
('0005133', '2017C13', '2226', 154, 154, 'SET CON BL 50%'),
('0005133', '2018C1', '238', 99, 154, 'SET CON BL 50%'),
('0005135', '2017C13', '2227', 115, 172, '0.3'),
('0005135', '2018C1', '208', 109, 172, '0.3'),
('0005138', '2017C13', '8', 45, 82, '0.45'),
('0005138', '2018C1', '141', 52, 82, '0.35'),
('0005139', '2017C13', '789', 63, 97, 'OUT'),
('0005139', '2018C1', '4471', 61.9, 97, 'PD S/ 61.90'),
('0005140', '2017C13', '396', 63, 97, '0.35'),
('0005140', '2018C1', '4472', 61.9, 97, 'PD S/ 61.90'),
('0005147', '2017C13', '89', 35, 54, '0.35'),
('0005147', '2018C1', '4', 32, 54, '0.4'),
('0005148', '2017C13', '90', 35, 54, '0.35'),
('0005148', '2018C1', '53', 32, 54, '0.4'),
('0005149', '2017C13', '1714', 59, 98, '35% + CAPI (2X S/.70)'),
('0005149', '2018C1', '331', 59, 98, '35% + CAPI + CCUU'),
('0005150', '2017C13', '1715', 90, 90, 'OUT'),
('0005151', '2017C13', '9', 29, 55, '0.45'),
('0005151', '2018C1', '139', 26, 55, 'PI'),
('0005152', '2017C13', '11', 27, 50, '0.45'),
('0005152', '2018C1', '140', 32, 50, '0.35'),
('0005153', '2017C13', '10', 25, 42, '0.35'),
('0005153', '2018C1', '142', 26, 42, '0.35'),
('0005157', '2017C13', '1729', 27, 55, 'PI'),
('0005157', '2018C1', '372', 27, 55, 'PI'),
('0011001', '2017C13', '2225', 125, 190, '0.3'),
('0011001', '2018C1', '2102', 99, 190, '0.3'),
('0011002', '2017C13', '1762', 29, 46, '0.35'),
('0011002', '2018C1', '450', 29, 46, '0.35'),
('0011004', '2017C13', '2209', 55, 55, '2X1 CUALQUIER COMB'),
('0011004', '2018C1', '286', 32, 55, '2X1 CUALQUIER COMB'),
('0011005', '2017C13', '2210', 55, 55, '2X1 CUALQUIER COMB'),
('0011005', '2018C1', '285', 32, 55, '2X1 CUALQUIER COMB'),
('0011006', '2017C13', '2211', 55, 55, '2X1 CUALQUIER COMB'),
('0011006', '2018C1', '287', 32, 55, '2X1 CUALQUIER COMB'),
('0011007', '2017C13', '1763', 29, 46, '0.35'),
('0011007', '2018C1', '451', 29, 46, '0.35'),
('0011009', '2017C13', '1720', 42, 42, 'OUT'),
('0011010', '2017C13', '1718', 42, 42, 'OUT'),
('0011011', '2017C13', '1719', 42, 42, 'OUT'),
('0011012', '2017C13', '1722', 10.9, 22, 'PI'),
('0011012', '2018C1', '429', 10.9, 22, 'PI'),
('0011013', '2017C13', '2231', 46, 68, '0.3'),
('0011013', '2018C1', '261', 34, 68, '0.3'),
('0011014', '2017C13', '2232', 46, 68, '0.3'),
('0011014', '2018C1', '262', 34, 68, '0.3'),
('0011017', '2017C13', '1730', 12.9, 26, 'PI'),
('0011017', '2018C1', '386', 12.9, 26, 'PI'),
('0011024', '2018C1', '4141', 39, 39, 'OUT'),
('0011025', '2017C13', '1725', 10.9, 22, 'PI'),
('0011025', '2018C1', '426', 10.9, 22, 'PI'),
('0011026', '2017C13', '1723', 10.9, 22, 'PI'),
('0011026', '2018C1', '427', 10.9, 22, 'PI'),
('0011028', '2017C13', '95', 62, 98, '0.35'),
('0011028', '2018C1', '67', 62, 98, 'CAPI (62/40)'),
('0011029', '2017C13', '345', 29.9, 50, 'PD S/.29.90'),
('0011029', '2018C1', '4008', 48, 48, 'OUT- boletin S/.29.90'),
('0011030', '2017C13', '346', 29.9, 50, 'PD S/.29.90'),
('0011030', '2018C1', '4009', 48, 48, 'OUT- boletin S/.29.90'),
('0011031', '2017C13', '347', 29.9, 50, 'PD S/.29.90'),
('0011031', '2018C1', '4010', 48, 48, 'OUT- boletin S/.29.90'),
('0011047', '2017C13', '643', 19, 32, 'OUT'),
('0011047', '2018C1', '4600', 18.9, 32, '40% (SUG 1)'),
('0011048', '2017C13', '644', 19, 32, '40% cxc Removedor (SUG)'),
('0011048', '2018C1', '4601', 18.9, 32, '40% (SUG 1)'),
('0011049', '2017C13', '645', 32, 32, '45% Set Di que si'),
('0011049', '2018C1', '4729', 18.9, 32, 'OUT'),
('0011050', '2017C13', '646', 19, 32, 'OUT'),
('0011050', '2018C1', '4166', 18.9, 32, 'OUT'),
('0011051', '2017C13', '647', 19, 32, '40% cxc Removedor'),
('0011051', '2018C1', '4168', 18.9, 32, '0.4'),
('0011052', '2017C13', '695', 19, 32, 'OUT'),
('0011052', '2018C1', '4169', 18.9, 32, 'OUT'),
('0011053', '2017C13', '696', 19, 32, 'OUT'),
('0011053', '2018C1', '4170', 18.9, 32, '0.4'),
('0011054', '2017C13', '697', 19, 32, '40% cxc Removedor (SUG)'),
('0011055', '2017C13', '698', 19, 32, 'OUT'),
('0011055', '2018C1', '4175', 18.9, 32, 'OUT'),
('0011056', '2017C13', '699', 19, 32, '40% cxc Removedor'),
('0011056', '2018C1', '4177', 18.9, 32, 'OUT'),
('0011057', '2017C13', '700', 19, 32, 'OUT'),
('0011058', '2017C13', '701', 19, 32, 'OUT'),
('0011058', '2018C1', '4180', 18.9, 32, 'OUT'),
('0011059', '2017C13', '658', 19, 32, '40% cxc Removedor'),
('0011059', '2018C1', '4181', 18.9, 32, 'OUT'),
('0011060', '2017C13', '321', 19, 32, 'OUT'),
('0011060', '2018C1', '4184', 18.9, 32, 'OUT'),
('0011061', '2017C13', '309', 19, 32, '40% + CxC Removedor'),
('0011061', '2018C1', '4183', 18.9, 32, 'OUT'),
('0011062', '2017C13', '310', 19, 32, 'OUT'),
('0011062', '2018C1', '4187', 18.9, 32, 'OUT'),
('0011063', '2017C13', '311', 19, 32, 'OUT'),
('0011063', '2018C1', '4186', 18.9, 32, '40% (SUG 2)'),
('0011064', '2017C13', '301', 75, 75, 'OUT'),
('0011064', '2018C1', '4127', 75, 75, 'OUT'),
('0011065', '2017C13', '2212', 154, 154, 'OUT'),
('0011065', '2018C1', '292', 98, 154, 'OUT'),
('0011066', '2017C13', '2244', 85, 125, '30% + REPEAT + DISCOVER'),
('0011066', '2018C1', '223', 65, 125, '30% + REPEAT + DISCOVER'),
('0011071', '2017C13', '2206', 42, 65, '0.35'),
('0011071', '2018C1', '237', 65, 65, '0.35'),
('0011072', '2017C13', '659', 19, 32, '40% cxc Removedor'),
('0011083', '2017C13', '1758', 54, 54, '2X1'),
('0011083', '2018C1', '453', 32, 54, '0.4'),
('0011084', '2017C13', '1757', 54, 54, '2X1'),
('0011084', '2018C1', '452', 32, 54, '0.4'),
('0011085', '2017C13', '395', 43, 43, 'OUT'),
('0011085', '2018C1', '4473', 43, 43, 'OUT'),
('0011086', '2017C13', '1760', 60, 60, '2X1'),
('0011086', '2018C1', '444', 36, 60, '0.4'),
('0011087', '2017C13', '1759', 60, 60, '2X1'),
('0011087', '2018C1', '443', 36, 60, '0.4'),
('0011088', '2017C13', '1721', 95, 95, 'OUT'),
('0011089', '2017C13', '92', 26, 52, 'PD'),
('0011089', '2018C1', '28', 25, 52, 'PI'),
('0011090', '2017C13', '91', 26, 52, 'PD'),
('0011090', '2018C1', '29', 25, 52, 'PI'),
('0011091', '2017C13', '94', 24, 38, '0.35'),
('0011091', '2018C1', '55', 24, 38, '0.35'),
('0011092', '2017C13', '93', 24, 38, '0.35'),
('0011092', '2018C1', '54', 24, 38, '0.35'),
('0011110', '2017C13', '316', 32, 32, 'OUT'),
('0011110', '2018C1', '4189', 19, 32, '0.4'),
('0011111', '2017C13', '306', 32, 32, 'OUT'),
('0011111', '2018C1', '4190', 19, 32, '0.4'),
('0011112', '2017C13', '394', 43, 43, 'OUT'),
('0011112', '2018C1', '4474', 43, 43, 'OUT'),
('0011125', '2017C13', '336', 35, 50, '1x S/. 35 2x S/. 55'),
('0011127', '2017C13', '1663', 42, 42, 'OUT'),
('0011132', '2017C13', '2174', 154, 154, 'OUT'),
('0011132', '2018C1', '291', 98, 154, 'OUT'),
('0011141', '2018C1', '4083', 54, 54, 'OUT'),
('0011142', '2017C13', '328', 54, 54, 'OUT'),
('0011142', '2018C1', '4528', 54, 54, 'OUT'),
('0011180', '2017C13', '96', 42, 65, '0.35'),
('0011180', '2018C1', '13', 42, 65, '0.35'),
('0011197', '2017C13', '2207', 62, 62, 'NIVEL 0 -acumulable'),
('0011197', '2018C1', '288', 43, 62, 'NIVEL 0 -acumulable'),
('0011198', '2018C1', '289', 43, 62, 'NIVEL 0 -acumulable'),
('0011199', '2017C13', '2221', 56, 115, 'MPA 50%'),
('0011199', '2018C1', '293', 69, 115, 'MPA 50%'),
('0011200', '2017C13', '2222', 56, 115, 'MPA 50%'),
('0011200', '2018C1', '294', 69, 115, 'MPA 50%'),
('0011201', '2017C13', '1689', 42, 42, 'SET 45%'),
('0011201', '2018C1', '318', 42, 42, 'OUT'),
('0011202', '2017C13', '1686', 42, 42, 'OUT'),
('0011202', '2018C1', '312', 42, 42, 'OUT'),
('0011203', '2017C13', '2021', 42, 42, 'OUT'),
('0011203', '2018C1', '315', 42, 42, 'OUT'),
('0011204', '2017C13', '1780', 42, 42, 'SET 45%'),
('0011204', '2018C1', '316', 42, 42, 'OUT'),
('0011205', '2017C13', '1687', 42, 42, 'OUT'),
('0011205', '2018C1', '314', 42, 42, 'OUT'),
('0011206', '2017C13', '1705', 42, 42, 'OUT'),
('0011206', '2018C1', '313', 42, 42, 'OUT'),
('0011207', '2017C13', '1696', 44, 44, 'OUT'),
('0011207', '2018C1', '379', 44, 44, 'OUT'),
('0011208', '2017C13', '2093', 44, 44, 'OUT'),
('0011208', '2018C1', '458', 44, 44, 'OUT'),
('0011209', '2017C13', '2059', 44, 44, 'OUT'),
('0011209', '2018C1', '442', 44, 44, 'OUT'),
('0011210', '2017C13', '2078', 44, 44, 'OUT'),
('0011210', '2018C1', '380', 44, 44, 'OUT'),
('0011211', '2017C13', '1697', 44, 44, 'OUT'),
('0011211', '2018C1', '440', 44, 44, '(GRATIS FRAG)'),
('0011212', '2017C13', '1717', 44, 44, 'OUT'),
('0011212', '2018C1', '418', 44, 44, 'OUT'),
('0011213', '2017C13', '350', 19, 39, '0.5'),
('0011213', '2018C1', '4142', 39, 39, 'OUT'),
('0011215', '2017C13', '352', 19, 39, '0.5'),
('0011215', '2018C1', '4143', 39, 39, 'OUT'),
('0011216', '2017C13', '575', 19, 39, '0.5'),
('0011216', '2018C1', '4148', 39, 39, 'OUT'),
('0011218', '2017C13', '204', 23, 39, '0.4'),
('0011218', '2018C1', '4163', 27, 39, '30% CxC Tajador'),
('0011219', '2017C13', '354', 38, 38, 'OUT'),
('0011219', '2018C1', '4110', 24, 38, '0.35'),
('0011222', '2017C13', '355', 38, 38, 'OUT'),
('0011222', '2018C1', '4106', 24, 38, '35% (SUG)'),
('0011224', '2017C13', '356', 38, 38, 'OUT'),
('0011224', '2018C1', '4107', 24, 38, '0.35'),
('0011226', '2017C13', '378', 38, 38, 'OUT'),
('0011226', '2018C1', '4109', 24, 38, '0.35'),
('0011227', '2017C13', '344', 38, 38, 'OUT'),
('0011227', '2018C1', '4108', 24, 38, 'OUT'),
('0011229', '2017C13', '1770', 12.9, 28, 'PI'),
('0011229', '2018C1', '389', 12.9, 28, 'PI'),
('0011230', '2017C13', '1771', 12.9, 28, 'PI / SET 45%'),
('0011230', '2018C1', '392', 12.9, 28, 'SET CON FRAGANCIAS'),
('0011231', '2017C13', '1772', 12.9, 28, 'PI'),
('0011231', '2018C1', '390', 28, 28, 'OUT'),
('0011232', '2017C13', '1773', 28, 28, 'SET 45%'),
('0011232', '2018C1', '393', 12.9, 28, 'PI'),
('0011233', '2017C13', '1774', 12.9, 28, 'SET 45%'),
('0011233', '2018C1', '387', 12.9, 28, 'PI'),
('0011234', '2017C13', '1764', 12.9, 28, 'PI'),
('0011234', '2018C1', '351', 12.9, 28, 'PI'),
('0011235', '2017C13', '1765', 28, 28, 'SET 45% FRAGANCIA'),
('0011235', '2018C1', '354', 12.9, 28, 'PI'),
('0011236', '2017C13', '1766', 12.9, 28, 'PI'),
('0011236', '2018C1', '353', 12.9, 28, 'PI'),
('0011237', '2017C13', '1767', 12.9, 28, 'PI'),
('0011237', '2018C1', '355', 12.9, 28, 'PI'),
('0011238', '2017C13', '1768', 12.9, 28, 'OUT'),
('0011238', '2018C1', '357', 28, 28, 'OUT'),
('0011239', '2017C13', '1769', 12.9, 28, 'PI'),
('0011239', '2018C1', '352', 28, 28, 'OUT'),
('0011240', '2017C13', '1775', 12.9, 28, 'PI'),
('0011240', '2018C1', '446', 28, 28, 'OUT'),
('0011251', '2017C13', '391', 27, 54, 'MPA 50%'),
('0011251', '2018C1', '4159', 32, 54, '0.4'),
('0011252', '2017C13', '392', 27, 54, 'MPA 50%'),
('0011252', '2018C1', '4160', 32, 54, '0.4'),
('0011253', '2017C13', '393', 27, 54, 'MPA 50%'),
('0011253', '2018C1', '4161', 32, 54, '0.4'),
('0011254', '2017C13', '1280', 19.9, 35, 'P. Directo S/.19.90'),
('0011254', '2018C1', '4657', 19.9, 35, 'PD S/19.90 (SUG)'),
('0011260', '2017C13', '2219', 55, 55, 'OUT'),
('0011260', '2018C1', '268', 55, 55, 'OUT'),
('0011261', '2017C13', '2218', 35, 55, '0.35'),
('0011261', '2018C1', '267', 35, 55, '0.35'),
('0011262', '2017C13', '2220', 35, 55, '0.35'),
('0011262', '2018C1', '266', 35, 55, '0.35'),
('0011263', '2017C13', '1296', 19.9, 38, 'PD S/ 19.90'),
('0011263', '2018C1', '4665', 19.9, 38, 'PD S/ 19.90'),
('0011266', '2017C13', '12', 129, 240, '45% MPA'),
('0011266', '2018C1', '143', 139, 240, '0.4'),
('0011272', '2017C13', '97', 42, 65, '0.35'),
('0011272', '2018C1', '14', 42, 65, '0.35'),
('0011273', '2017C13', '1740', 35, 58, '0.35'),
('0011273', '2018C1', '303', 35, 58, '0.35'),
('0011274', '2017C13', '1741', 35, 58, '0.35'),
('0011274', '2018C1', '302', 35, 58, '0.35'),
('0011276', '2017C13', '2242', 120, 120, 'OUT'),
('0011276', '2018C1', '251', 59, 120, 'OUT'),
('0011277', '2017C13', '427', 35, 56, '20+20%'),
('0011277', '2018C1', '4094', 39, 56, '30% + Capi (Especial WP)'),
('0011278', '2017C13', '1294', 39.9, 68, 'PD S/39.90'),
('0011278', '2018C1', '4667', 39.9, 68, 'PD S/ 39.90'),
('0011279', '2017C13', '1295', 39.9, 68, 'PD S/39.90'),
('0011279', '2018C1', '4658', 39.9, 68, 'PD S/ 39.90'),
('0011282', '2017C13', '1286', 19.9, 35, 'P. Directo S/.19.90 (SUG)'),
('0011282', '2018C1', '4652', 19.9, 35, 'PD S/19.90'),
('0011283', '2017C13', '1287', 19.9, 35, 'P. Directo S/.19.90'),
('0011283', '2018C1', '4664', 19.9, 35, 'PD S/19.90'),
('0011284', '2017C13', '1285', 19.9, 35, 'P. Directo S/.19.90'),
('0011284', '2018C1', '4655', 19.9, 35, 'PD S/19.90'),
('0011285', '2017C13', '1281', 19.9, 35, 'P. Directo S/.19.90'),
('0011285', '2018C1', '4651', 19.9, 35, 'PD S/19.90'),
('0011286', '2017C13', '1284', 19.9, 35, 'P. Directo S/.19.90'),
('0011286', '2018C1', '4656', 19.9, 35, 'PD S/19.90'),
('0011287', '2017C13', '1282', 19.9, 35, 'P. Directo S/.19.90'),
('0011287', '2018C1', '4661', 19.9, 35, 'PD S/19.90'),
('0011288', '2017C13', '1283', 19.9, 35, 'P. Directo S/.19.90'),
('0011288', '2018C1', '4653', 19.9, 35, 'PD S/19.90'),
('0011289', '2017C13', '1755', 19, 40, 'MPA 50%'),
('0011289', '2018C1', '324', 26, 40, '0.35'),
('0011290', '2017C13', '1754', 40, 62, '0.35'),
('0011290', '2018C1', '304', 31, 62, 'MPA 50%'),
('0011291', '2017C13', '1756', 36, 56, '0.35'),
('0011291', '2018C1', '328', 36, 56, '0.35'),
('0011292', '2017C13', '1699', 26, 40, '0.35'),
('0011292', '2018C1', '456', 22, 40, '0.45'),
('0011293', '2017C13', '1698', 40, 62, '0.35'),
('0011293', '2018C1', '457', 31, 62, 'MPA 50%'),
('0011301', '2017C13', '2241', 69, 120, '40% + DISCOVER'),
('0011301', '2018C1', '2014', 120, 120, '40% + DISCOVER'),
('0011302', '2017C13', '2233', 125, 190, '30%  GRATIS BL'),
('0011302', '2018C1', '2011', 119, 190, '30%  GRATIS BL'),
('0011304', '2017C13', '2234', 122, 195, '35% CXC CXC BILLETERA BARLO'),
('0011304', '2018C1', '224', 195, 195, '35% CXC CXC BILLETERA BARLO'),
('0011310', '2017C13', '408', 19, 32, '40% cxc Removedor'),
('0011311', '2017C13', '409', 19, 32, '40% cxc Removedor'),
('0011314', '2018C1', '4586', 18.9, 32, '0.4'),
('0011321', '2017C13', '793', 17, 32, 'TEND 45% CxC Removedor (LT)'),
('0011326', '2017C13', '785', 29, 54, 'TENDENCIA 45% (L4)'),
('0011333', '2018C1', '4683', 32, 54, '40% (Especial WP)'),
('0011334', '2017C13', '807', 64, 64, 'OUT'),
('0011334', '2018C1', '4681', 64, 64, 'OUT'),
('0011336', '2017C13', '2228', 65, 65, 'OUT'),
('0011336', '2018C1', '2100', 65, 65, 'OUT'),
('0011337', '2017C13', '2229', 69, 120, '0.4'),
('0011337', '2018C1', '246', 120, 120, '0.4'),
('0011341', '2017C13', '1288', 34, 34, 'OUT'),
('0011341', '2018C1', '4668', 34, 34, 'OUT'),
('0011342', '2017C13', '1289', 34, 34, 'OUT'),
('0011342', '2018C1', '4654', 34, 34, 'OUT'),
('0011343', '2017C13', '1290', 34, 34, 'OUT'),
('0011343', '2018C1', '4659', 34, 34, 'OUT'),
('0011344', '2017C13', '1291', 34, 34, 'OUT'),
('0011344', '2018C1', '4660', 34, 34, 'OUT'),
('0011345', '2017C13', '1292', 34, 34, 'OUT'),
('0011345', '2018C1', '4662', 34, 34, 'OUT'),
('0011346', '2017C13', '1293', 34, 34, 'OUT'),
('0011346', '2018C1', '4663', 34, 34, 'OUT'),
('0011348', '2017C13', '420', 19, 32, '40% cxc Removedor'),
('0011349', '2017C13', '421', 19, 32, '40% cxc Removedor'),
('0011351', '2017C13', '423', 19, 32, '40% cxc Removedor'),
('0011352', '2017C13', '413', 35, 50, '1x S/. 35 2x S/. 55'),
('0011356', '2017C13', '417', 35, 50, '1x S/. 35 2x S/. 55'),
('0011358', '2017C13', '2230', 190, 190, 'OUT'),
('0011358', '2018C1', '203', 190, 190, 'OUT'),
('0011359', '2017C13', '1761', 42, 42, 'OUT'),
('0011361', '2017C13', '1742', 40, 40, 'OUT'),
('0011362', '2018C1', '216', 70, 125, '2X1 '),
('0011363', '2017C13', '1779', 21, 39, '0.45'),
('0011363', '2018C1', '411', 25, 39, '35%+pp'),
('0011365', '2017C13', '1752', 18, 34, '0.45'),
('0011365', '2018C1', '461', 17, 34, 'PRECIO DIRECTO'),
('0011366', '2017C13', '1743', 40, 40, 'OUT'),
('0011367', '2017C13', '1744', 40, 40, 'OUT'),
('0011370', '2017C13', '799', 46, 46, 'OUT'),
('0011370', '2018C1', '4682', 27, 46, '40% (Especial WP)'),
('0011372', '2017C13', '1055', 28.9, 57, 'PD S/28.90 (SUG)'),
('0011372', '2018C1', '4674', 28.9, 57, 'PD S/ 28.90'),
('0011373', '2017C13', '1056', 28.9, 57, 'PD S/28.90'),
('0011373', '2018C1', '4671', 28.9, 57, 'PD S/ 28.90 (SUG)'),
('0011385', '2017C13', '435', 35, 50, '1x S/. 35 2x S/. 55'),
('0011393', '2017C13', '1061', 28.9, 57, 'PD S/28.90 (SUG)'),
('0011393', '2018C1', '4672', 28.9, 57, 'PD S/ 28.90'),
('0011394', '2017C13', '1062', 28.9, 57, 'PD S/28.90'),
('0011394', '2018C1', '4673', 28.9, 57, 'PD S/ 28.90'),
('0011395', '2017C13', '1063', 28.9, 57, 'PD S/28.90'),
('0011395', '2018C1', '4675', 28.9, 57, 'PD S/ 28.90 (SUG)'),
('0011400', '2017C13', '2240', 65, 65, 'OUT'),
('0011400', '2018C1', '2012', 65, 65, 'OUT'),
('0011415', '2017C13', '1748', 18, 34, '0.45'),
('0011415', '2018C1', '338', 17, 34, 'PRECIO DIRECTO'),
('0011417', '2017C13', '1749', 18, 34, '0.45'),
('0011417', '2018C1', '339', 17, 34, 'PRECIO DIRECTO'),
('0011418', '2017C13', '1745', 21, 39, '45% / N.Especial'),
('0011418', '2018C1', '309', 25, 39, '0.35'),
('0011419', '2017C13', '1746', 21, 39, '0.45'),
('0011419', '2018C1', '308', 25, 39, '0.35'),
('0011420', '2017C13', '1747', 21, 39, '0.45'),
('0011420', '2018C1', '310', 25, 39, '42'),
('0011421', '2017C13', '1753', 18, 34, '0.45'),
('0011421', '2018C1', '424', 17, 34, 'PRECIO DIRECTO'),
('0011422', '2017C13', '1751', 18, 34, '0.45'),
('0011422', '2018C1', '425', 17, 34, 'PRECIO DIRECTO'),
('0011426', '2017C13', '2237', 35, 55, '0.35'),
('0011426', '2018C1', '2013', 35, 55, '0.35'),
('0011430', '2017C13', '446', 37, 58, '20+20%'),
('0011436', '2017C13', '458', 29, 54, 'TENDENCIA 45% (L1)'),
('0011447', '2018C1', '4606', 32, 50, '20+20%'),
('0011449', '2018C1', '4608', 32, 50, '20+20%'),
('0011450', '2018C1', '4609', 32, 50, '20+20%'),
('0011451', '2018C1', '4610', 32, 50, '20+20%'),
('0011454', '2018C1', '4613', 18.9, 32, '0.4'),
('0011456', '2018C1', '4615', 18.9, 32, '0.4'),
('0011460', '2017C13', '2238', 119, 176, '35% + CAPI + CCUU'),
('0011461', '2017C13', '1782', 34, 62, '0.45'),
('0011461', '2018C1', '462', 37, 62, '0.4'),
('0011462', '2017C13', '1781', 29, 58, 'PI'),
('0011462', '2018C1', '463', 36, 60, '0.4'),
('0011464', '2017C13', '429', 26.9, 54, 'PD S/26.90 (SUG)'),
('0011464', '2018C1', '4669', 26.9, 54, 'PD S/ 26.90'),
('0011465', '2017C13', '430', 26.9, 54, 'PD S/26.90'),
('0011465', '2018C1', '4670', 26.9, 54, 'PD S/ 26.90 (SUG)'),
('0011471', '2017C13', '85', 62, 98, '0.35'),
('0011471', '2018C1', '7', 62, 98, 'CAPI (62/40)'),
('0011474', '2017C13', '482', 37, 58, '20+20%'),
('0011474', '2018C1', '4397', 31, 58, 'MPA 45%'),
('0011476', '2017C13', '484', 37, 58, '20+20%'),
('0011476', '2018C1', '4399', 31, 58, 'MPA 45%'),
('0011478', '2017C13', '486', 37, 58, '20+20%'),
('0011478', '2018C1', '4530', 31, 58, 'MPA 45%'),
('0011501', '2017C13', '1783', 45, 70, '0.35'),
('0011503', '2017C13', '786', 54, 54, 'OUT'),
('0011504', '2017C13', '112', 54, 54, 'OUT'),
('0011504', '2018C1', '4420', 54, 54, 'OUT'),
('0011506', '2017C13', '782', 54, 54, 'OUT'),
('0011506', '2018C1', '4081', 54, 54, 'OUT'),
('0011507', '2017C13', '784', 54, 54, 'OUT'),
('0011507', '2018C1', '4082', 54, 54, 'OUT'),
('0011510', '2017C13', '329', 54, 54, 'OUT'),
('0011510', '2018C1', '4527', 54, 54, 'OUT'),
('0011512', '2017C13', '494', 63, 97, '0.35'),
('0011512', '2018C1', '4618', 61.9, 97, 'OUT'),
('0011517', '2017C13', '33', 42.5, 85, '0.5'),
('0011517', '2018C1', '31', 85, 85, 'OUT'),
('0011532', '2017C13', '498', 17, 32, 'TEND 45% CxC Removedor (L2)'),
('0011533', '2017C13', '499', 17, 32, 'TEND 45% CxC Removedor'),
('0011536', '2017C13', '506', 35, 50, '1x S/. 35 2x S/. 55'),
('0011536', '2018C1', '4644', 32, 50, '20+20%'),
('0011543', '2017C13', '503', 29, 54, 'TENDENCIA 45% (L3)'),
('0011545', '2017C13', '504', 29, 54, 'TENDENCIA 45% (LT)'),
('0011546', '2017C13', '505', 29, 54, 'TENDENCIA 45% (L2)'),
('0011588', '2017C13', '579', 17, 32, 'TEND 45% CxC Removedor (L4)'),
('0011589', '2017C13', '577', 17, 32, 'TEND 45% CxC Removedor (L1)'),
('0011590', '2017C13', '578', 17, 32, 'TEND 45% CxC Removedor (L3)'),
('0011639', '2017C13', '576', 63, 97, 'TENDENCIA 35% (SUG)'),
('0011639', '2018C1', '4703', 61.9, 97, 'PD S/ 61.90'),
('0011822', '2017C13', '2245', 28, 55, '0.45'),
('0011823', '2017C13', '2246', 28, 55, '0.45'),
('0011824', '2017C13', '2247', 28, 55, '0.45');

-- --------------------------------------------------------

--
-- Estructura de tabla para la tabla `catalogoproveedor`
--

CREATE TABLE `catalogoproveedor` (
  `idProveedor` varchar(45) NOT NULL,
  `idCatalogo` varchar(45) NOT NULL,
  `cantidad` varchar(45) DEFAULT NULL,
  `fecha` varchar(45) DEFAULT NULL,
  `precio` float DEFAULT NULL
) ENGINE=InnoDB DEFAULT CHARSET=utf8;

-- --------------------------------------------------------

--
-- Estructura de tabla para la tabla `categoria`
--

CREATE TABLE `categoria` (
  `idCategoria` int(11) NOT NULL,
  `descripcion` varchar(200) DEFAULT NULL
) ENGINE=InnoDB DEFAULT CHARSET=utf8;

--
-- Volcado de datos para la tabla `categoria`
--

INSERT INTO `categoria` (`idCategoria`, `descripcion`) VALUES
(1, 'Bijouterie'),
(2, 'Maquillaje'),
(3, 'Fragancias'),
(4, 'Catálogos'),
(5, 'Cuidado del Rostro'),
(6, 'Cuidado del Cuerpo'),
(7, 'Material Promocional'),
(8, 'Niños');

-- --------------------------------------------------------

--
-- Estructura de tabla para la tabla `categoriausuario`
--

CREATE TABLE `categoriausuario` (
  `idCategoriaUsuario` int(11) NOT NULL,
  `descripcion` varchar(200) DEFAULT NULL
) ENGINE=InnoDB DEFAULT CHARSET=utf8;

--
-- Volcado de datos para la tabla `categoriausuario`
--

INSERT INTO `categoriausuario` (`idCategoriaUsuario`, `descripcion`) VALUES
(1, 'Administradora'),
(2, 'Operativa');

-- --------------------------------------------------------

--
-- Estructura de tabla para la tabla `ciudad`
--

CREATE TABLE `ciudad` (
  `idCiudad` int(11) NOT NULL,
  `nombre` varchar(200) DEFAULT NULL,
  `flete` float DEFAULT NULL
) ENGINE=InnoDB DEFAULT CHARSET=utf8;

--
-- Volcado de datos para la tabla `ciudad`
--

INSERT INTO `ciudad` (`idCiudad`, `nombre`, `flete`) VALUES
(1, 'Arequipa', 30);

-- --------------------------------------------------------

--
-- Estructura de tabla para la tabla `colaborador`
--

CREATE TABLE `colaborador` (
  `idColaborador` varchar(45) NOT NULL,
  `idCategoriaUsuario` int(11) NOT NULL,
  `nombres` varchar(45) DEFAULT NULL,
  `apellidos` varchar(45) DEFAULT NULL,
  `usuario` varchar(45) DEFAULT NULL,
  `contrasena` varchar(45) DEFAULT NULL,
  `fechaNacimiento` varchar(45) DEFAULT NULL
) ENGINE=InnoDB DEFAULT CHARSET=utf8;

--
-- Volcado de datos para la tabla `colaborador`
--

INSERT INTO `colaborador` (`idColaborador`, `idCategoriaUsuario`, `nombres`, `apellidos`, `usuario`, `contrasena`, `fechaNacimiento`) VALUES
('29285832', 1, 'Gleny Angélica', 'Vasquez de Carrera', 'gvasquez', 'angelica', '1952-05-28'),
('2954585', 1, 'Usuario', 'Prueba', 'Usuario', '1234', '05/10/2017'),
('29609835', 1, 'Jessica Adriana', 'Salas Pacheco', 'jsalas', '1969', '1973-09-08'),
('29685613', 1, 'Dante Luis', 'Carrera Vasquez', 'dante', 'Imtd2630', '1976-07-31'),
('71140383', 1, 'Gleny Angélica', 'Vasquez de Carrera', 'administrador', 'administrador1907', '1992-01-07');

-- --------------------------------------------------------

--
-- Estructura de tabla para la tabla `color`
--

CREATE TABLE `color` (
  `idColor` int(11) NOT NULL,
  `descripcion` varchar(100) DEFAULT NULL
) ENGINE=InnoDB DEFAULT CHARSET=utf8;

--
-- Volcado de datos para la tabla `color`
--

INSERT INTO `color` (`idColor`, `descripcion`) VALUES
(1, 'Negro'),
(2, 'Azul'),
(3, 'Rojo'),
(4, 'N/A'),
(5, 'CÍTRICA LAVANDA'),
(6, 'CON PROTEINAS DE YOGURT PROBIOTICO'),
(7, 'ESENCIAS CITRICAS Y TE VERDE'),
(8, 'Sutil aroma con notas floral frutal de bergamota, lavanda y pachuli.'),
(9, 'Esencias citricas y te verde'),
(10, 'Aroma de bergamota, lavanda y pachuli.'),
(11, 'Flores y Frutas'),
(12, 'Mundo'),
(13, 'Cítrica Lavanda'),
(14, 'Con proteinas de yogurt probiotico'),
(15, 'Esencias cítricas y te verde'),
(16, 'Esencia cítrica Lavanda'),
(17, 'Aroma  de pera, fressia y tonka.'),
(18, 'Cítrica con aroma a limón.'),
(19, 'Repara e hidrata la piel.'),
(20, 'exfolia la piel seca y extra seca.'),
(21, 'hidrata y repara la piel seca y extra seca.'),
(22, 'Aclara, reafirma, alisa arruga,  nutre'),
(23, 'Hidrata, nutre, protege, suaviza'),
(24, 'No lágrimas con aroma a manzanilla, limón y agua de rosas '),
(25, 'Aroma de lavanda, vainilla y flor de naranja.'),
(26, 'No lágrimas aroma a lavanda, flor de naranja y vainilla'),
(27, 'Aroma de manzanilla, limón y agua de rosas'),
(28, 'Pimienta negra, jengibre, tabaco.'),
(29, 'Geranio, lavanda, limón.'),
(30, 'Menta, flor de naranja, sándalo.'),
(31, 'Aroma coco'),
(32, 'Aroma pera, manzana'),
(33, 'Aroma granada '),
(34, 'Embase morado'),
(35, 'Envase naranja'),
(36, 'Envase morado'),
(37, 'Envase celeste'),
(38, 'Envase verde'),
(39, 'Flor de seda, durazno y mimosa sensual.'),
(40, 'Almizcle, ylang ylang, lila.'),
(41, 'Anís estrella, flor de azahar, orquídea negra.'),
(42, 'Bergamota, acasias brasileras, rosas turcas, jazmines indios, pachuli y cacao'),
(43, 'Melón de la jungla y bambú africano'),
(44, 'margarita mágica y flor de cereza'),
(45, ' aroma oriental floral con notas de praliné, flor de mariposa blanca y papiro.'),
(46, 'Aroma frutal floral con notas de mandarina, albaricoque y madera de cedro'),
(47, 'Colonia para elllas'),
(48, 'FORMA Y COLOR'),
(49, 'Frambuesa azucarada, madera blanca, vainilla.'),
(50, 'Con Albacinol RX-11** Además contiene ácido hialurónico y filtros solares. '),
(51, 'ARETES CON PASADOR'),
(52, 'CON PASADOR'),
(53, 'CHICOS CON PASADOR'),
(54, 'CORTOS CON PASADOR'),
(55, 'CON POSTE'),
(56, 'Salvia, toronja, lavanda.'),
(57, 'Flor de loto, jazmín, sándalo.');

-- --------------------------------------------------------

--
-- Estructura de tabla para la tabla `comprobante`
--

CREATE TABLE `comprobante` (
  `idComprobante` int(11) NOT NULL,
  `descripcion` varchar(45) DEFAULT NULL
) ENGINE=InnoDB DEFAULT CHARSET=utf8;

--
-- Volcado de datos para la tabla `comprobante`
--

INSERT INTO `comprobante` (`idComprobante`, `descripcion`) VALUES
(1, 'Boleta'),
(2, 'Factura');

-- --------------------------------------------------------

--
-- Estructura de tabla para la tabla `cuenta`
--

CREATE TABLE `cuenta` (
  `idCuenta` bigint(20) NOT NULL,
  `tipo` tinyint(1) DEFAULT NULL,
  `fechaActualizacion` varchar(45) DEFAULT NULL,
  `saldo` float DEFAULT NULL,
  `alias` varchar(45) DEFAULT NULL
) ENGINE=InnoDB DEFAULT CHARSET=utf8;

--
-- Volcado de datos para la tabla `cuenta`
--

INSERT INTO `cuenta` (`idCuenta`, `tipo`, `fechaActualizacion`, `saldo`, `alias`) VALUES
(1, 0, NULL, NULL, 'CAJA CHICA'),
(2151817004092, 1, '2017-12-16', 0, 'GLENY E.I.R.L.'),
(2152023430003, 1, '2017-12-16', 0, 'CARVASQ E.I.R.L.'),
(21536389346010, 1, '2017-12-21', 10, 'VISA');

-- --------------------------------------------------------

--
-- Estructura de tabla para la tabla `databaselog`
--

CREATE TABLE `databaselog` (
  `idDatabaseLog` int(11) NOT NULL,
  `idColaborador` varchar(45) NOT NULL,
  `fechaHora` varchar(45) DEFAULT NULL,
  `evento` varchar(45) DEFAULT NULL,
  `tipo` varchar(100) DEFAULT NULL,
  `consulta` varchar(300) DEFAULT NULL
) ENGINE=InnoDB DEFAULT CHARSET=utf8;

--
-- Volcado de datos para la tabla `databaselog`
--

INSERT INTO `databaselog` (`idDatabaseLog`, `idColaborador`, `fechaHora`, `evento`, `tipo`, `consulta`) VALUES
(1, '71140383', '2017-11-07|19:03:32', 'UPDATE', 'Producto', 'UPDATE Producto SET idProducto = 17A05PE, idTipoProducto = 1, idCategoria = 1,\r\n                  idColor = 48, idUnidadMedida = 1, idTamaño = 3, idColaborador = 71140383, idEstado = 1, idGenero = 2\r\n                  nombreCorto = ARETES BOUQUETTE, descripcion = ,\r\n                  puntoReposicion'),
(2, '29285832', '2017-11-07|19:43:15', 'INSERT', 'Producto', 'INSERT INTO Producto VALUES (0004718,1,19,\r\n                  49,1,2,29285832,1,2,SOY DULCE FRESH COLOGNE,antigua presentación 200ml.,\r\n                  0,0,https://www.yanbal.com/medias/20011260-01.jpg-Yanbal-OriginalFormat-145Wx145H?context=bWFzdGVyfGltYWdlc3w3MzkzfGltYWdlL2pwZWd8aW1hZ2VzL2hiMy9o'),
(3, '29285832', '2017-11-07|20:14:24', 'INSERT', 'Producto', 'INSERT INTO Producto VALUES (0004348,1,27,\r\n                  50,1,3,29285832,1,1,CREMA ACLARANTE CONTROL BLANC RX,Crema aclarante con todo el poder del Albacinol RX-11* para aclarar la piel, uniformizando el tono y dándole luminosidad al rostro. Además, hidrata intensamente la piel y la protege de '),
(4, '29609835', '2017-11-17|15:21:03', 'INSERT', 'Producto', 'INSERT INTO Producto VALUES (,,,\r\n                  4,,,29609835,1,,ARETES CUORE CRISTAL,,\r\n                  0,,,,2017-11-17)'),
(5, '2954585', '2017-11-17|15:23:33', 'INSERT', 'Producto', 'INSERT INTO Producto VALUES (,1,2,\r\n                  4,1,3,2954585,1,2,ARETES BALIC,,\r\n                  0,,,,2017-11-17)'),
(6, '29609835', '2017-11-17|15:23:35', 'INSERT', 'Producto', 'INSERT INTO Producto VALUES (,1,2,\r\n                  4,1,3,29609835,1,2,ARETES CUORE CRISTAL,,\r\n                  0,,,,2017-11-17)'),
(7, '29609835', '2017-11-17|15:25:56', 'UPDATE', 'Producto', 'UPDATE Producto SET idProducto = 3947, idTipoProducto = 1, idCategoria = 1,\r\n                  idColor = 4, idUnidadMedida = 1, idTamaño = 3, idColaborador = 29609835, idEstado = 1, idGenero = 2\r\n                  nombreCorto = ARETES BALIC, descripcion = ,\r\n                  puntoReposicion = 0, ur'),
(8, '29609835', '2017-11-17|15:29:52', 'INSERT', 'Producto', 'INSERT INTO Producto VALUES (16J27PE,1,2,\r\n                  4,1,3,29609835,1,2,ARETES CUORE CRISTAL,,\r\n                  0,,,,2017-11-17)'),
(9, '29609835', '2017-11-17|15:31:57', 'INSERT', 'Producto', 'INSERT INTO Producto VALUES (14K18PE,1,2,\r\n                  4,1,3,29609835,1,2,ARETES CRISTAL,,\r\n                  0,,,,2017-11-17)'),
(10, '29609835', '2017-11-17|15:32:56', 'INSERT', 'Producto', 'INSERT INTO Producto VALUES (16C01PE,1,2,\r\n                  4,1,3,29609835,1,2,ARETES CRISTAL RETRO,,\r\n                  0,,,,2017-11-17)'),
(11, '2954585', '2017-11-17|15:33:55', 'UPDATE', 'Producto', 'UPDATE Producto SET idProducto = 15G15PE, idTipoProducto = 1, idCategoria = 1,\r\n                  idColor = 4, idUnidadMedida = 1, idTamaño = 3, idColaborador = 2954585, idEstado = 1, idGenero = 2\r\n                  nombreCorto = ARETES BALIC, descripcion = BAÑO DE ORO 24K CON FINOS CRISTALES TRASLU'),
(12, '2954585', '2017-11-17|15:35:12', 'UPDATE', 'Producto', 'UPDATE Producto SET idProducto = 15G15PE, idTipoProducto = 1, idCategoria = 1,\r\n                  idColor = 51, idUnidadMedida = 1, idTamaño = 3, idColaborador = 2954585, idEstado = 1, idGenero = 2\r\n                  nombreCorto = ARETES BALIC, descripcion = BAÑO DE ORO 24K CON FINOS CRISTALES TRASL'),
(13, '29609835', '2017-11-17|15:35:14', 'INSERT', 'Producto', 'INSERT INTO Producto VALUES (15I15PE,1,2,\r\n                  4,1,3,29609835,1,2,ARETES CRISTAL PARK,,\r\n                  0,,https://image.isu.pub/161107172734-00878e90c64fb6affe1c67c043bb88df/jpg/page_28.jpg,,2017-11-17)'),
(14, '2954585', '2017-11-17|15:36:12', 'Retirar', 'Producto', 'UPDATE Producto SET idEstado = 2 WHERE idProducto = '),
(15, '2954585', '2017-11-17|15:36:35', 'Retirar', 'Producto', 'UPDATE Producto SET idEstado = 2 WHERE idProducto = '),
(16, '2954585', '2017-11-17|15:36:52', 'UPDATE', 'Producto', 'UPDATE Producto SET idProducto = 15G15PE, idTipoProducto = 1, idCategoria = 1,\r\n                  idColor = 4, idUnidadMedida = 1, idTamaño = 3, idColaborador = 2954585, idEstado = 2, idGenero = 2\r\n                  nombreCorto = ARETES BALIC, descripcion = ,\r\n                  puntoReposicion = 0, '),
(17, '29609835', '2017-11-17|15:38:56', 'INSERT', 'Producto', 'INSERT INTO Producto VALUES (AJ10115,1,2,\r\n                  4,1,3,29609835,1,2,ARETES COINCIDIR,,\r\n                  0,,https://http2.mlstatic.com/aretes-coincidir-unique-D_NQ_NP_910811-MPE20629021410_032016-O.jpg,,2017-11-17)'),
(18, '2954585', '2017-11-17|15:42:46', 'INSERT', 'Producto', 'INSERT INTO Producto VALUES (16H27PE,1,2,\r\n                  51,1,3,2954585,1,2,ARETES BABILON,ORO BRILLANTE CON PIEDRAS BLANCAS Y FINOS CRISTALES EN COLORES ROSADO AMBAR Y MELON ,\r\n                  0,,https://4.bp.blogspot.com/-5O7_j7XY6tk/V-Fcx4De6HI/AAAAAAAANTc/tm_Zgroh5q0nAOt-hj_U52dWnG__wWxpwC'),
(19, '29609835', '2017-11-17|15:43:17', 'INSERT', 'Producto', 'INSERT INTO Producto VALUES (AJ9052,1,2,\r\n                  4,1,3,29609835,1,2,ARETES COLGANTE DORE,,\r\n                  0,,,,2017-11-17)'),
(20, '29609835', '2017-11-17|15:44:46', 'INSERT', 'Producto', 'INSERT INTO Producto VALUES (,1,2,\r\n                  4,1,3,29609835,1,2,ARETES CANDENT CRISTAL,,\r\n                  0,,https://requiero.renascis.com/content/images/thumbs/0000497_aretes-candent-cristal_415.png,,2017-11-17)'),
(21, '2954585', '2017-11-17|15:47:58', 'INSERT', 'Producto', 'INSERT INTO Producto VALUES (AJ13032,1,2,\r\n                  4,,3,2954585,1,2,ARETES ACENTO,,\r\n                  0,,https://http2.mlstatic.com/D_Q_NP_325211-MPE20515796149_122015-X.jpg,,2017-11-17)'),
(22, '2954585', '2017-11-17|15:50:37', 'INSERT', 'Producto', 'INSERT INTO Producto VALUES (AJ13632,1,2,\r\n                  4,1,3,2954585,1,2,ARETES ACENTO,,\r\n                  0,,https://http2.mlstatic.com/D_Q_NP_325211-MPE20515796149_122015-X.jpg,,2017-11-17)'),
(23, '29609835', '2017-11-17|16:19:21', 'INSERT', 'Producto', 'INSERT INTO Producto VALUES (AJ9043,1,2,\r\n                  4,1,3,29609835,1,2,ARETES CAPRICHOSA FLOR,,\r\n                  0,,,,2017-11-17)'),
(24, '29609835', '2017-11-17|16:20:38', 'INSERT', 'Producto', 'INSERT INTO Producto VALUES (,1,2,\r\n                  4,1,3,29609835,1,2,ARETES CUORE GLAM,,\r\n                  0,,https://i2.linio.com/p/288768c95cd2963b785b95a282f17d88-product.jpg,,2017-11-17)'),
(25, '2954585', '2017-11-17|16:40:02', 'UPDATE', 'Producto', 'UPDATE Producto SET idProducto = 15G15PE, idTipoProducto = 1, idCategoria = 1,\r\n                  idColor = 4, idUnidadMedida = 1, idTamaño = 3, idColaborador = 2954585, idEstado = 2, idGenero = 2\r\n                  nombreCorto = ARETES BALIC, descripcion = ,\r\n                  puntoReposicion = 0, '),
(26, '2954585', '2017-11-17|16:42:45', 'INSERT', 'Producto', 'INSERT INTO Producto VALUES (AJ12842,1,2,\r\n                  52,1,3,2954585,1,2,ARETES BLU ELISSE FEM,,\r\n                  0,,,,2017-11-17)'),
(27, '2954585', '2017-11-17|16:45:47', 'INSERT', 'Producto', 'INSERT INTO Producto VALUES (17A18PE,1,2,\r\n                  4,1,3,2954585,1,2,ARETES BRILLO LOVE,,\r\n                  0,,,,2017-11-17)'),
(28, '2954585', '2017-11-17|16:50:33', 'INSERT', 'Producto', 'INSERT INTO Producto VALUES (16I14PE,1,2,\r\n                  4,,3,2954585,1,2,ARETES ABSOLUT GLAM,,\r\n                  0,,https://http2.mlstatic.com/D_Q_NP_516515-MPE25265360452_012017-X.jpg,,2017-11-17)'),
(29, '2954585', '2017-11-17|16:51:49', 'INSERT', 'Producto', 'INSERT INTO Producto VALUES (16I14PE,1,2,\r\n                  4,1,3,2954585,1,2,ARETES ABSOLUT GLAM,,\r\n                  0,,https://http2.mlstatic.com/D_Q_NP_516515-MPE25265360452_012017-X.jpg,,2017-11-17)'),
(30, '2954585', '2017-11-17|16:53:28', 'INSERT', 'Producto', 'INSERT INTO Producto VALUES (16D14PE,1,2,\r\n                  4,1,3,2954585,1,2,ARETES AMOR DICRISTAL,,\r\n                  0,,https://http2.mlstatic.com/D_Q_NP_516515-MPE25265360452_012017-X.jpg,,2017-11-17)'),
(31, '2954585', '2017-11-17|16:54:01', 'UPDATE', 'Producto', 'UPDATE Producto SET idProducto = 16D14PE, idTipoProducto = 1, idCategoria = 1,\r\n                  idColor = 4, idUnidadMedida = 1, idTamaño = 3, idColaborador = 2954585, idEstado = 1, idGenero = 2\r\n                  nombreCorto = ARETES AMOR DICRISTAL, descripcion = ,\r\n                  puntoReposic'),
(32, '29609835', '2017-11-17|17:04:37', 'INSERT', 'Producto', 'INSERT INTO Producto VALUES (17H26PE,1,2,\r\n                  4,1,3,29609835,1,2,ARETES CUORE GLAM,,\r\n                  0,,https://i2.linio.com/p/288768c95cd2963b785b95a282f17d88-product.jpg,,2017-11-17)'),
(33, '29609835', '2017-11-17|17:07:45', 'INSERT', 'Producto', 'INSERT INTO Producto VALUES (,1,2,\r\n                  4,1,3,29609835,1,2,ARETES CRISTAL HIP,,\r\n                  0,,https://images01.olx-st.com/ui/54/27/36/36/o_1506955142_19dd90ed1a09fc9cb93d2ba74ce0493d.jpg,,2017-11-17)'),
(34, '2954585', '2017-11-17|17:09:09', 'INSERT', 'Producto', 'INSERT INTO Producto VALUES (,,,\r\n                  4,,,2954585,1,,aretes,,\r\n                  0,,,,2017-11-17)'),
(35, '2954585', '2017-11-17|17:09:56', 'INSERT', 'Producto', 'INSERT INTO Producto VALUES (17F26PE,1,2,\r\n                  4,1,3,2954585,1,2,ARETES DESIRE,,\r\n                  0,,http://www.yanbalbolivia.com/CONTENT/2094/images/Products/C06/30947.jpg,,2017-11-17)'),
(36, '2954585', '2017-11-17|17:16:16', 'INSERT', 'Producto', 'INSERT INTO Producto VALUES (17F20PE,1,2,\r\n                  4,1,3,2954585,1,2,ARETES BASIC PLAKE,,\r\n                  0,,,,2017-11-17)'),
(37, '29609835', '2017-11-17|17:18:33', 'INSERT', 'Producto', 'INSERT INTO Producto VALUES (1J12838,1,2,\r\n                  4,1,3,29609835,1,2,ARETES CRISTAL ROYAL,,\r\n                  0,,https://image.isu.pub/150602042558-80526e8eb76c2b241124baf96296ed11/jpg/page_45.jpg,,2017-11-17)'),
(38, '29609835', '2017-11-17|17:26:06', 'INSERT', 'Producto', 'INSERT INTO Producto VALUES (AJ11439,1,2,\r\n                  4,1,3,29609835,1,2,ARETES CITY COLOR,,\r\n                  0,,,,2017-11-17)'),
(39, '29609835', '2017-11-17|17:29:44', 'INSERT', 'Producto', 'INSERT INTO Producto VALUES (AJ8382,1,2,\r\n                  4,1,3,29609835,1,2,ARETES CRISTAL DE LUJO,,\r\n                  0,,,,2017-11-17)'),
(40, '29609835', '2017-11-17|17:30:00', 'INSERT', 'Producto', 'INSERT INTO Producto VALUES (,,,\r\n                  4,,,29609835,1,,ARETES CRISTAL IMPACT,,\r\n                  0,,,,2017-11-17)'),
(41, '29609835', '2017-11-17|17:32:29', 'INSERT', 'Producto', 'INSERT INTO Producto VALUES (16I30PE,1,2,\r\n                  4,1,3,29609835,1,2,ARETES CRISTAL IMPACT,,\r\n                  0,,,,2017-11-17)'),
(42, '29609835', '2017-11-17|17:35:16', 'INSERT', 'Producto', 'INSERT INTO Producto VALUES (16F15PE,1,2,\r\n                  4,1,3,29609835,1,2,ARETES CITY AZUL,,\r\n                  0,,,,2017-11-17)'),
(43, '29609835', '2017-11-17|17:35:58', 'INSERT', 'Producto', 'INSERT INTO Producto VALUES (15j13,,,\r\n                  4,,,29609835,1,,SET ARETES  CRISTAL FEM,,\r\n                  0,,,,2017-11-17)'),
(44, '29609835', '2017-11-17|17:38:00', 'INSERT', 'Producto', 'INSERT INTO Producto VALUES (15j13,1,2,\r\n                  4,1,3,29609835,1,2,SET ARETES  CRISTAL FEM,,\r\n                  0,,https://2.bp.blogspot.com/-sweu330NMAI/V5AMCVSFLrI/AAAAAAAAEN0/Nu8iGRK8dZkNE8NKKlFQ7EoKYEHpoxtIgCLcB/s1600/aretes%2Buniqu.png,,2017-11-17)'),
(45, '29609835', '2017-11-17|17:44:06', 'INSERT', 'Producto', 'INSERT INTO Producto VALUES (AJ9899,1,2,\r\n                  4,1,2,29609835,1,2,ARETES COLOR GLAM,,\r\n                  0,,https://image.isu.pub/140811073949-82735e96ba8468d73d84b36571c419a6/jpg/page_16.jpg,,2017-11-17)'),
(46, '2954585', '2017-11-17|17:58:37', 'INSERT', 'Producto', 'INSERT INTO Producto VALUES (AJ9298,1,2,\r\n                  52,1,3,2954585,1,2,ARETES BRASSIC,ORO BRILLANTE CON PIEDRAS COLOR PLOMO,\r\n                  0,,,,2017-11-17)'),
(47, '2954585', '2017-11-17|18:04:16', 'INSERT', 'Producto', 'INSERT INTO Producto VALUES (AJ6400,1,2,\r\n                  4,1,3,2954585,1,2,ARETES AMOR AMOR ,,\r\n                  0,,,,2017-11-17)'),
(48, '2954585', '2017-11-17|18:41:44', 'INSERT', 'Producto', 'INSERT INTO Producto VALUES (17J11PE,1,2,\r\n                  52,1,3,2954585,1,2,ARETES BELLE LOVE,BAÑO DE ORO BRONCE DE 24 QUILATES Y PLATA BRILLANTE CON FINOS CRISTALES TRASLUCIDOS Y ESMALTE ROJO, ,\r\n                  0,,http://www.yanbalbolivia.com/CONTENT/2094/images/Products/C06/32203.jpg,,2017-'),
(49, '2954585', '2017-11-17|18:47:18', 'INSERT', 'Producto', 'INSERT INTO Producto VALUES (AJ10388,1,2,\r\n                  53,,3,2954585,1,2,ARETES ANAIRA,Bañados en plata con cristales Sharoswky. con pasador,\r\n                  0,,https://http2.mlstatic.com/aretes-anaira-de-unique-D_NQ_NP_924215-MPE25141571088_112016-F.jpg,,2017-11-17)'),
(50, '2954585', '2017-11-17|18:49:01', 'INSERT', 'Producto', 'INSERT INTO Producto VALUES (AJ10388,1,2,\r\n                  54,1,3,2954585,1,2,ARETES ANAIRA,Bañados en plata con cristales Sharoswky. con pasador,\r\n                  0,,https://http2.mlstatic.com/aretes-anaira-de-unique-D_NQ_NP_924215-MPE25141571088_112016-F.jpg,,2017-11-17)'),
(51, '2954585', '2017-11-17|18:53:15', 'INSERT', 'Producto', 'INSERT INTO Producto VALUES (16L07PE,1,2,\r\n                  55,1,3,2954585,1,2,ARETES ALIZIA CRISTAL,BAÑO DE ORO ROSADO BRILLANTE DE 24 KILATES CON FINOS CRISTALES TRASLUCIDOS Y PERLAS GRISES,\r\n                  0,,,,2017-11-17)'),
(52, '2954585', '2017-11-17|18:56:40', 'INSERT', 'Producto', 'INSERT INTO Producto VALUES (16B12PE,1,2,\r\n                  52,1,3,2954585,1,2,ARETES AMULET CRISTAL,BAÑO DE ORO 24K BRILLANTE CON PIEDRAS DE ALTA BIJOUTERIE TURQUESAS Y BLANCAS ,\r\n                  0,,http://www.preguntameporyanbal.com/WebRoot/StoreES/Shops/63932255/57DD/4481/680A/F296/35DE/C0A8/2'),
(53, '2954585', '2017-11-17|19:00:41', 'INSERT', 'Producto', 'INSERT INTO Producto VALUES (16B02CO,1,2,\r\n                  4,1,3,2954585,1,2,ARETES BELLA CRISTAL,,\r\n                  0,,,,2017-11-17)'),
(54, '2954585', '2017-11-17|19:04:16', 'INSERT', 'Producto', 'INSERT INTO Producto VALUES (17E17PE,1,2,\r\n                  4,1,2,2954585,1,2,ARETES BORGUESE,,\r\n                  0,,,,2017-11-17)'),
(55, '2954585', '2017-12-07|17:46:00', 'UPDATE', 'Producto', 'UPDATE Producto SET idProducto = 0000883, idTipoProducto = 1, idCategoria = 3,\r\n                  idColor = 56, idUnidadMedida = 1, idTamaño = 3, idColaborador = 2954585, idEstado = 1, idGenero = 3\r\n                  nombreCorto = OHM COLOGNE SPRAY, descripcion = Los momentos más importantes de la v'),
(56, '2954585', '2017-12-07|17:47:52', 'UPDATE', 'Producto', 'UPDATE Producto SET idProducto = 0002183, idTipoProducto = 1, idCategoria = 3,\r\n                  idColor = 1, idUnidadMedida = 1, idTamaño = 3, idColaborador = 2954585, idEstado = 1, idGenero = 1\r\n                  nombreCorto = GAIA EAU DE PARFUM, descripcion = ,\r\n                  puntoReposicion'),
(57, '2954585', '2017-12-13|10:43:21', 'INSERT', 'Catalogo', 'INSERT INTO Catalogo(idCatalogo, idCampana, stock, tipo, fecha, fechaInicio, fechaFin) VALUES (2017C13,13,0,Productos,2017-12-13,2017-12-04,2017-12-27)'),
(58, '2954585', '2017-12-13|10:43:21', 'INSERT', 'Producto', 'INSERT INTO Producto VALUES (2017C13,3,10,\r\n                  4,1,2,2954585,1,1,Catálogo 2017C13,Catálogo 2017C13,Catálogo,\r\n                  0,null,null,2017-12-13)'),
(59, '2954585', '2017-12-13|10:50:03', 'UPDATE', 'Producto', 'UPDATE Producto SET idProducto = 0002426, idTipoProducto = 1, idCategoria = 3,\r\n                  idColor = 57, idUnidadMedida = 1, idTamaño = 3, idColaborador = 2954585, idEstado = 1, idGenero = 2\r\n                  nombreCorto = CIELO EAU DE PARFUM, descripcion = La fragancia que persigue en cada '),
(60, '2954585', '2017-12-13|11:07:27', 'UPDATE', 'PrioridadAlmacen', 'UPDATE Almacen SET prioridad = 2 WHERE idAlmacen = 1'),
(61, '2954585', '2017-12-13|11:07:27', 'UPDATE', 'PrioridadAlmacen', 'UPDATE Almacen SET prioridad = 1 WHERE idAlmacen = 2'),
(62, '2954585', '2017-12-13|11:08:35', 'INSERT', 'Ubicacion', 'INSERT INTO Ubicacion VALUES (AP-A1,2,Almacén Principal - Anaquel A Fila 1)'),
(63, '2954585', '2017-12-21|11:08:20', 'UPDATE', 'Cuenta', 'UPDATE Cuenta SET saldo = 10, fechaActualizacion = 2017-12-21 WHERE idCuenta = 21536389346010'),
(64, '2954585', '2017-12-21|11:08:20', 'INSERT', 'LogSaldos', 'INSERT INTO LogSaldos(idCuenta,saldo,fecha) VALUES(21536389346010,10,2017-12-21)'),
(65, '2954585', '2018-01-22|17:50:38', 'INSERT', 'OV', 'INSERT INTO Transaccion VALUES (OV18A22Q5021,4,20539587294,5,2954585,NULL,NULL,2018-01-22|17:50:38,NULL,NULL,\r\n		    0,-,NULL,NULL,NULL)'),
(66, '2954585', '', 'INSERT', 'OV', 'INSERT INTO Transaccion VALUES (OV18A22R0218,4,20539587294,5,2954585,NULL,NULL,,NULL,NULL,\r\n		    0,,NULL,NULL,NULL)'),
(67, '2954585', '', 'INSERT', 'OV', 'INSERT INTO Transaccion VALUES (OV18A22R0218,4,20539587294,5,2954585,NULL,NULL,,NULL,NULL,\r\n		    0,,NULL,NULL,NULL)'),
(68, '2954585', '', 'INSERT', 'OV', 'INSERT INTO Transaccion VALUES (OV18A22R0351,4,20539587294,5,2954585,NULL,NULL,,NULL,NULL,\r\n		    0,0,NULL,NULL,NULL)'),
(69, '2954585', '2018-01-22|18:04:13', 'INSERT', 'OV', 'INSERT INTO Transaccion VALUES (OV18A22R0351,4,20539587294,5,2954585,NULL,NULL,2018-01-22|18:04:13,NULL,NULL,\r\n		    0,0,NULL,NULL,NULL)'),
(70, '2954585', '2018-01-22|18:05:41', 'INSERT', 'OV', 'INSERT INTO Transaccion VALUES (OV18A22R0532,4,20539587294,5,2954585,NULL,NULL,2018-01-22|18:05:41,NULL,NULL,\r\n		    0,,NULL,NULL,NULL)'),
(71, '2954585', '2018-01-22|18:07:22', 'INSERT', 'OV', 'INSERT INTO Transaccion VALUES (OV18A22R0711,4,20539587294,5,2954585,NULL,NULL,2018-01-22|18:07:22,NULL,NULL,\r\n		    0,0,NULL,NULL,NULL)'),
(72, '2954585', '2018-01-22|18:09:21', 'INSERT', 'CatalogoProducto (EXCEL)', 'INSERT INTO CatalogoProducto VALUES (0004830,2017C13,84,39,66,0.4)'),
(73, '2954585', '2018-01-22|18:09:21', 'INSERT', 'CatalogoProducto (EXCEL)', 'INSERT INTO CatalogoProducto VALUES (0004829,2017C13,81,39,66,0.4)'),
(74, '2954585', '2018-01-22|18:09:21', 'INSERT', 'CatalogoProducto (EXCEL)', 'INSERT INTO CatalogoProducto VALUES (0011180,2017C13,96,42,65,0.35)'),
(75, '2954585', '2018-01-22|18:09:21', 'INSERT', 'CatalogoProducto (EXCEL)', 'INSERT INTO CatalogoProducto VALUES (0011272,2017C13,97,42,65,0.35)'),
(76, '2954585', '2018-01-22|18:09:21', 'INSERT', 'CatalogoProducto (EXCEL)', 'INSERT INTO CatalogoProducto VALUES (0004734,2017C13,79,72,131,45%MPA)'),
(77, '2954585', '2018-01-22|18:09:21', 'INSERT', 'CatalogoProducto (EXCEL)', 'INSERT INTO CatalogoProducto VALUES (0004733,2017C13,78,129,205,0.35)'),
(78, '2954585', '2018-01-22|18:09:21', 'INSERT', 'CatalogoProducto (EXCEL)', 'INSERT INTO CatalogoProducto VALUES (0011266,2017C13,12,129,240,45% MPA)'),
(79, '2954585', '2018-01-22|18:09:21', 'INSERT', 'CatalogoProducto (EXCEL)', 'INSERT INTO CatalogoProducto VALUES (0004671,2017C13,74,34,57,0.4)'),
(80, '2954585', '2018-01-22|18:09:21', 'INSERT', 'CatalogoProducto (EXCEL)', 'INSERT INTO CatalogoProducto VALUES (0004655,2017C13,73,34,57,0.4)'),
(81, '2954585', '2018-01-22|18:09:21', 'INSERT', 'CatalogoProducto (EXCEL)', 'INSERT INTO CatalogoProducto VALUES (0004652,2017C13,72,58,98,0.4)'),
(82, '2954585', '2018-01-22|18:09:21', 'INSERT', 'CatalogoProducto (EXCEL)', 'INSERT INTO CatalogoProducto VALUES (0005069,2017C13,68,99,153,0.35)'),
(83, '2954585', '2018-01-22|18:09:21', 'INSERT', 'CatalogoProducto (EXCEL)', 'INSERT INTO CatalogoProducto VALUES (0004651,2017C13,69,52,89,0.4)'),
(84, '2954585', '2018-01-22|18:09:21', 'INSERT', 'CatalogoProducto (EXCEL)', 'INSERT INTO CatalogoProducto VALUES (0004654,2017C13,70,30,51,0.4)'),
(85, '2954585', '2018-01-22|18:09:21', 'INSERT', 'CatalogoProducto (EXCEL)', 'INSERT INTO CatalogoProducto VALUES (0004670,2017C13,71,30,51,0.4)'),
(86, '2954585', '2018-01-22|18:09:21', 'INSERT', 'CatalogoProducto (EXCEL)', 'INSERT INTO CatalogoProducto VALUES (0004630,2017C13,55,79,149,45%MPA)'),
(87, '2954585', '2018-01-22|18:09:21', 'INSERT', 'CatalogoProducto (EXCEL)', 'INSERT INTO CatalogoProducto VALUES (0011471,2017C13,85,62,98,0.35)'),
(88, '2954585', '2018-01-22|18:09:21', 'INSERT', 'CatalogoProducto (EXCEL)', 'INSERT INTO CatalogoProducto VALUES (0011028,2017C13,95,62,98,0.35)'),
(89, '2954585', '2018-01-22|18:09:21', 'INSERT', 'CatalogoProducto (EXCEL)', 'INSERT INTO CatalogoProducto VALUES (0004828,2017C13,86,115,178,0.35)'),
(90, '2954585', '2018-01-22|18:09:21', 'INSERT', 'CatalogoProducto (EXCEL)', 'INSERT INTO CatalogoProducto VALUES (0005009,2017C13,87,195,195,OUT)'),
(91, '2954585', '2018-01-22|18:09:21', 'INSERT', 'CatalogoProducto (EXCEL)', 'INSERT INTO CatalogoProducto VALUES (0011517,2017C13,33,42.5,85,0.5)'),
(92, '2954585', '2018-01-22|18:09:21', 'INSERT', 'CatalogoProducto (EXCEL)', 'INSERT INTO CatalogoProducto VALUES (0004348,2017C13,48,69,110,0.35)'),
(93, '2954585', '2018-01-22|18:09:21', 'INSERT', 'CatalogoProducto (EXCEL)', 'INSERT INTO CatalogoProducto VALUES (0011029,2017C13,345,29.9,50,PD S/.29.90)'),
(94, '2954585', '2018-01-22|18:09:21', 'INSERT', 'CatalogoProducto (EXCEL)', 'INSERT INTO CatalogoProducto VALUES (0011030,2017C13,346,29.9,50,PD S/.29.90)'),
(95, '2954585', '2018-01-22|18:09:21', 'INSERT', 'CatalogoProducto (EXCEL)', 'INSERT INTO CatalogoProducto VALUES (0011031,2017C13,347,29.9,50,PD S/.29.90)'),
(96, '2954585', '2018-01-22|18:09:21', 'INSERT', 'CatalogoProducto (EXCEL)', 'INSERT INTO CatalogoProducto VALUES (0004936,2017C13,154,44,81,MPA 45%)'),
(97, '2954585', '2018-01-22|18:09:21', 'INSERT', 'CatalogoProducto (EXCEL)', 'INSERT INTO CatalogoProducto VALUES (0004937,2017C13,155,44,81,MPA 45%)'),
(98, '2954585', '2018-01-22|18:09:21', 'INSERT', 'CatalogoProducto (EXCEL)', 'INSERT INTO CatalogoProducto VALUES (0004938,2017C13,156,44,81,MPA 45%)'),
(99, '2954585', '2018-01-22|18:09:21', 'INSERT', 'CatalogoProducto (EXCEL)', 'INSERT INTO CatalogoProducto VALUES (0004939,2017C13,157,44,81,MPA 45%)'),
(100, '2954585', '2018-01-22|18:09:21', 'INSERT', 'CatalogoProducto (EXCEL)', 'INSERT INTO CatalogoProducto VALUES (0004940,2017C13,158,44,81,MPA 45%)'),
(101, '2954585', '2018-01-22|18:09:21', 'INSERT', 'CatalogoProducto (EXCEL)', 'INSERT INTO CatalogoProducto VALUES (0004942,2017C13,159,44,81,MPA 45%)'),
(102, '2954585', '2018-01-22|18:09:21', 'INSERT', 'CatalogoProducto (EXCEL)', 'INSERT INTO CatalogoProducto VALUES (0004943,2017C13,160,44,81,MPA 45%)'),
(103, '2954585', '2018-01-22|18:09:21', 'INSERT', 'CatalogoProducto (EXCEL)', 'INSERT INTO CatalogoProducto VALUES (0004944,2017C13,161,44,81,MPA 45%)'),
(104, '2954585', '2018-01-22|18:09:21', 'INSERT', 'CatalogoProducto (EXCEL)', 'INSERT INTO CatalogoProducto VALUES (0004945,2017C13,162,44,81,MPA 45%)'),
(105, '2954585', '2018-01-22|18:09:21', 'INSERT', 'CatalogoProducto (EXCEL)', 'INSERT INTO CatalogoProducto VALUES (0004946,2017C13,163,44,81,MPA 45%)'),
(106, '2954585', '2018-01-22|18:09:21', 'INSERT', 'CatalogoProducto (EXCEL)', 'INSERT INTO CatalogoProducto VALUES (0005106,2017C13,270,59,99,0.4)'),
(107, '2954585', '2018-01-22|18:09:21', 'INSERT', 'CatalogoProducto (EXCEL)', 'INSERT INTO CatalogoProducto VALUES (0005107,2017C13,271,59,99,0.4)'),
(108, '2954585', '2018-01-22|18:09:21', 'INSERT', 'CatalogoProducto (EXCEL)', 'INSERT INTO CatalogoProducto VALUES (0005108,2017C13,272,59,99,0.4)'),
(109, '2954585', '2018-01-22|18:09:21', 'INSERT', 'CatalogoProducto (EXCEL)', 'INSERT INTO CatalogoProducto VALUES (0005109,2017C13,273,59,99,0.4)'),
(110, '2954585', '2018-01-22|18:09:21', 'INSERT', 'CatalogoProducto (EXCEL)', 'INSERT INTO CatalogoProducto VALUES (0005110,2017C13,274,59,99,0.4)'),
(111, '2954585', '2018-01-22|18:09:21', 'INSERT', 'CatalogoProducto (EXCEL)', 'INSERT INTO CatalogoProducto VALUES (0004849,2017C13,128,50,78,0.35)'),
(112, '2954585', '2018-01-22|18:09:21', 'INSERT', 'CatalogoProducto (EXCEL)', 'INSERT INTO CatalogoProducto VALUES (0004850,2017C13,129,50,78,0.35)'),
(113, '2954585', '2018-01-22|18:09:21', 'INSERT', 'CatalogoProducto (EXCEL)', 'INSERT INTO CatalogoProducto VALUES (0004851,2017C13,130,50,78,0.35)'),
(114, '2954585', '2018-01-22|18:09:21', 'INSERT', 'CatalogoProducto (EXCEL)', 'INSERT INTO CatalogoProducto VALUES (0005102,2017C13,137,50,78,0.35)'),
(115, '2954585', '2018-01-22|18:09:21', 'INSERT', 'CatalogoProducto (EXCEL)', 'INSERT INTO CatalogoProducto VALUES (0005103,2017C13,138,50,78,0.35)'),
(116, '2954585', '2018-01-22|18:09:21', 'INSERT', 'CatalogoProducto (EXCEL)', 'INSERT INTO CatalogoProducto VALUES (0005104,2017C13,139,50,78,0.35)'),
(117, '2954585', '2018-01-22|18:09:21', 'INSERT', 'CatalogoProducto (EXCEL)', 'INSERT INTO CatalogoProducto VALUES (0005099,2017C13,134,63,91,30% + CAPI)'),
(118, '2954585', '2018-01-22|18:09:21', 'INSERT', 'CatalogoProducto (EXCEL)', 'INSERT INTO CatalogoProducto VALUES (0005100,2017C13,135,63,91,30% + CAPI)'),
(119, '2954585', '2018-01-22|18:09:21', 'INSERT', 'CatalogoProducto (EXCEL)', 'INSERT INTO CatalogoProducto VALUES (0005101,2017C13,136,63,91,30% + CAPI)'),
(120, '2954585', '2018-01-22|18:09:21', 'INSERT', 'CatalogoProducto (EXCEL)', 'INSERT INTO CatalogoProducto VALUES (0004884,2017C13,776,46,78,0.4)'),
(121, '2954585', '2018-01-22|18:09:21', 'INSERT', 'CatalogoProducto (EXCEL)', 'INSERT INTO CatalogoProducto VALUES (0004885,2017C13,777,46,78,0.4)'),
(122, '2954585', '2018-01-22|18:09:21', 'INSERT', 'CatalogoProducto (EXCEL)', 'INSERT INTO CatalogoProducto VALUES (0004886,2017C13,778,46,78,0.4)'),
(123, '2954585', '2018-01-22|18:09:21', 'INSERT', 'CatalogoProducto (EXCEL)', 'INSERT INTO CatalogoProducto VALUES (0004887,2017C13,779,46,78,40% (SUG))'),
(124, '2954585', '2018-01-22|18:09:21', 'INSERT', 'CatalogoProducto (EXCEL)', 'INSERT INTO CatalogoProducto VALUES (0004888,2017C13,774,46,78,0.4)'),
(125, '2954585', '2018-01-22|18:09:21', 'INSERT', 'CatalogoProducto (EXCEL)', 'INSERT INTO CatalogoProducto VALUES (0004889,2017C13,780,46,78,0.4)'),
(126, '2954585', '2018-01-22|18:09:21', 'INSERT', 'CatalogoProducto (EXCEL)', 'INSERT INTO CatalogoProducto VALUES (0011372,2017C13,1055,28.9,57,PD S/28.90 (SUG))'),
(127, '2954585', '2018-01-22|18:09:21', 'INSERT', 'CatalogoProducto (EXCEL)', 'INSERT INTO CatalogoProducto VALUES (0011373,2017C13,1056,28.9,57,PD S/28.90)'),
(128, '2954585', '2018-01-22|18:09:21', 'INSERT', 'CatalogoProducto (EXCEL)', 'INSERT INTO CatalogoProducto VALUES (0011393,2017C13,1061,28.9,57,PD S/28.90 (SUG))'),
(129, '2954585', '2018-01-22|18:09:21', 'INSERT', 'CatalogoProducto (EXCEL)', 'INSERT INTO CatalogoProducto VALUES (0011394,2017C13,1062,28.9,57,PD S/28.90)'),
(130, '2954585', '2018-01-22|18:09:21', 'INSERT', 'CatalogoProducto (EXCEL)', 'INSERT INTO CatalogoProducto VALUES (0011395,2017C13,1063,28.9,57,PD S/28.90)'),
(131, '2954585', '2018-01-22|18:09:21', 'INSERT', 'CatalogoProducto (EXCEL)', 'INSERT INTO CatalogoProducto VALUES (0011464,2017C13,429,26.9,54,PD S/26.90 (SUG))'),
(132, '2954585', '2018-01-22|18:09:21', 'INSERT', 'CatalogoProducto (EXCEL)', 'INSERT INTO CatalogoProducto VALUES (0011465,2017C13,430,26.9,54,PD S/26.90)'),
(133, '2954585', '2018-01-22|18:09:21', 'INSERT', 'CatalogoProducto (EXCEL)', 'INSERT INTO CatalogoProducto VALUES (0004836,2017C13,169,75,75,OUT)'),
(134, '2954585', '2018-01-22|18:09:21', 'INSERT', 'CatalogoProducto (EXCEL)', 'INSERT INTO CatalogoProducto VALUES (0004837,2017C13,170,75,75,OUT)'),
(135, '2954585', '2018-01-22|18:09:21', 'INSERT', 'CatalogoProducto (EXCEL)', 'INSERT INTO CatalogoProducto VALUES (0004838,2017C13,171,75,75,OUT)'),
(136, '2954585', '2018-01-22|18:09:21', 'INSERT', 'CatalogoProducto (EXCEL)', 'INSERT INTO CatalogoProducto VALUES (0004839,2017C13,172,75,75,OUT)'),
(137, '2954585', '2018-01-22|18:09:21', 'INSERT', 'CatalogoProducto (EXCEL)', 'INSERT INTO CatalogoProducto VALUES (0004845,2017C13,176,75,75,OUT)'),
(138, '2954585', '2018-01-22|18:09:21', 'INSERT', 'CatalogoProducto (EXCEL)', 'INSERT INTO CatalogoProducto VALUES (0004843,2017C13,175,75,75,OUT)'),
(139, '2954585', '2018-01-22|18:09:21', 'INSERT', 'CatalogoProducto (EXCEL)', 'INSERT INTO CatalogoProducto VALUES (0004841,2017C13,173,75,75,OUT)'),
(140, '2954585', '2018-01-22|18:09:21', 'INSERT', 'CatalogoProducto (EXCEL)', 'INSERT INTO CatalogoProducto VALUES (0011064,2017C13,301,75,75,OUT)'),
(141, '2954585', '2018-01-22|18:09:21', 'INSERT', 'CatalogoProducto (EXCEL)', 'INSERT INTO CatalogoProducto VALUES (0011278,2017C13,1294,39.9,68,PD S/39.90)'),
(142, '2954585', '2018-01-22|18:09:21', 'INSERT', 'CatalogoProducto (EXCEL)', 'INSERT INTO CatalogoProducto VALUES (0011279,2017C13,1295,39.9,68,PD S/39.90)'),
(143, '2954585', '2018-01-22|18:09:21', 'INSERT', 'CatalogoProducto (EXCEL)', 'INSERT INTO CatalogoProducto VALUES (0005139,2017C13,789,63,97,OUT)'),
(144, '2954585', '2018-01-22|18:09:21', 'INSERT', 'CatalogoProducto (EXCEL)', 'INSERT INTO CatalogoProducto VALUES (0011639,2017C13,576,63,97,TENDENCIA 35% (SUG))'),
(145, '2954585', '2018-01-22|18:09:21', 'INSERT', 'CatalogoProducto (EXCEL)', 'INSERT INTO CatalogoProducto VALUES (0005140,2017C13,396,63,97,0.35)'),
(146, '2954585', '2018-01-22|18:09:21', 'INSERT', 'CatalogoProducto (EXCEL)', 'INSERT INTO CatalogoProducto VALUES (0011512,2017C13,494,63,97,0.35)'),
(147, '2954585', '2018-01-22|18:09:21', 'INSERT', 'CatalogoProducto (EXCEL)', 'INSERT INTO CatalogoProducto VALUES (0004422,2017C13,360,60,60,OUT)'),
(148, '2954585', '2018-01-22|18:09:21', 'INSERT', 'CatalogoProducto (EXCEL)', 'INSERT INTO CatalogoProducto VALUES (0011334,2017C13,807,64,64,OUT)'),
(149, '2954585', '2018-01-22|18:09:21', 'INSERT', 'CatalogoProducto (EXCEL)', 'INSERT INTO CatalogoProducto VALUES (0011277,2017C13,427,35,56,20+20%)'),
(150, '2954585', '2018-01-22|18:09:21', 'INSERT', 'CatalogoProducto (EXCEL)', 'INSERT INTO CatalogoProducto VALUES (0011370,2017C13,799,46,46,OUT)'),
(151, '2954585', '2018-01-22|18:09:21', 'INSERT', 'CatalogoProducto (EXCEL)', 'INSERT INTO CatalogoProducto VALUES (0003529,2017C13,707,50,50,OUT)'),
(152, '2954585', '2018-01-22|18:09:21', 'INSERT', 'CatalogoProducto (EXCEL)', 'INSERT INTO CatalogoProducto VALUES (0003911,2017C13,353,50,50,OUT)'),
(153, '2954585', '2018-01-22|18:09:21', 'INSERT', 'CatalogoProducto (EXCEL)', 'INSERT INTO CatalogoProducto VALUES (0011251,2017C13,391,27,54,MPA 50%)'),
(154, '2954585', '2018-01-22|18:09:21', 'INSERT', 'CatalogoProducto (EXCEL)', 'INSERT INTO CatalogoProducto VALUES (0011252,2017C13,392,27,54,MPA 50%)'),
(155, '2954585', '2018-01-22|18:09:21', 'INSERT', 'CatalogoProducto (EXCEL)', 'INSERT INTO CatalogoProducto VALUES (0011253,2017C13,393,27,54,MPA 50%)'),
(156, '2954585', '2018-01-22|18:09:21', 'INSERT', 'CatalogoProducto (EXCEL)', 'INSERT INTO CatalogoProducto VALUES (0011112,2017C13,394,43,43,OUT)'),
(157, '2954585', '2018-01-22|18:09:21', 'INSERT', 'CatalogoProducto (EXCEL)', 'INSERT INTO CatalogoProducto VALUES (0011085,2017C13,395,43,43,OUT)'),
(158, '2954585', '2018-01-22|18:09:21', 'INSERT', 'CatalogoProducto (EXCEL)', 'INSERT INTO CatalogoProducto VALUES (0004153,2017C13,573,62,62,OUT)'),
(159, '2954585', '2018-01-22|18:09:21', 'INSERT', 'CatalogoProducto (EXCEL)', 'INSERT INTO CatalogoProducto VALUES (0011218,2017C13,204,23,39,0.4)'),
(160, '2954585', '2018-01-22|18:09:21', 'INSERT', 'CatalogoProducto (EXCEL)', 'INSERT INTO CatalogoProducto VALUES (0011213,2017C13,350,19,39,0.5)'),
(161, '2954585', '2018-01-22|18:09:21', 'INSERT', 'CatalogoProducto (EXCEL)', 'INSERT INTO CatalogoProducto VALUES (0011216,2017C13,575,19,39,0.5)'),
(162, '2954585', '2018-01-22|18:09:21', 'INSERT', 'CatalogoProducto (EXCEL)', 'INSERT INTO CatalogoProducto VALUES (0011215,2017C13,352,19,39,0.5)'),
(163, '2954585', '2018-01-22|18:09:21', 'INSERT', 'CatalogoProducto (EXCEL)', 'INSERT INTO CatalogoProducto VALUES (0011263,2017C13,1296,19.9,38,PD S/ 19.90)'),
(164, '2954585', '2018-01-22|18:09:21', 'INSERT', 'CatalogoProducto (EXCEL)', 'INSERT INTO CatalogoProducto VALUES (0004891,2017C13,199,35,50,OUT)'),
(165, '2954585', '2018-01-22|18:09:21', 'INSERT', 'CatalogoProducto (EXCEL)', 'INSERT INTO CatalogoProducto VALUES (0004893,2017C13,211,35,50,1x S/. 35 2x S/. 55)'),
(166, '2954585', '2018-01-22|18:09:21', 'INSERT', 'CatalogoProducto (EXCEL)', 'INSERT INTO CatalogoProducto VALUES (0004896,2017C13,213,35,50,OUT)'),
(167, '2954585', '2018-01-22|18:09:21', 'INSERT', 'CatalogoProducto (EXCEL)', 'INSERT INTO CatalogoProducto VALUES (0004899,2017C13,231,35,50,OUT)'),
(168, '2954585', '2018-01-22|18:09:21', 'INSERT', 'CatalogoProducto (EXCEL)', 'INSERT INTO CatalogoProducto VALUES (0004892,2017C13,200,35,50,1x S/. 35 2x S/. 55)'),
(169, '2954585', '2018-01-22|18:09:21', 'INSERT', 'CatalogoProducto (EXCEL)', 'INSERT INTO CatalogoProducto VALUES (0004894,2017C13,201,35,50,OUT)'),
(170, '2954585', '2018-01-22|18:09:21', 'INSERT', 'CatalogoProducto (EXCEL)', 'INSERT INTO CatalogoProducto VALUES (0004901,2017C13,218,35,50,1x S/. 35 2x S/. 55)'),
(171, '2954585', '2018-01-22|18:09:21', 'INSERT', 'CatalogoProducto (EXCEL)', 'INSERT INTO CatalogoProducto VALUES (0004898,2017C13,208,35,50,OUT)'),
(172, '2954585', '2018-01-22|18:09:21', 'INSERT', 'CatalogoProducto (EXCEL)', 'INSERT INTO CatalogoProducto VALUES (0004902,2017C13,219,35,50,OUT)'),
(173, '2954585', '2018-01-22|18:09:21', 'INSERT', 'CatalogoProducto (EXCEL)', 'INSERT INTO CatalogoProducto VALUES (0004895,2017C13,202,35,50,1x S/. 35 2x S/. 55 (SUG))'),
(174, '2954585', '2018-01-22|18:09:21', 'INSERT', 'CatalogoProducto (EXCEL)', 'INSERT INTO CatalogoProducto VALUES (0004897,2017C13,207,35,50,1x S/. 35 2x S/. 55)'),
(175, '2954585', '2018-01-22|18:09:21', 'INSERT', 'CatalogoProducto (EXCEL)', 'INSERT INTO CatalogoProducto VALUES (0004900,2017C13,209,35,50,OUT)'),
(176, '2954585', '2018-01-22|18:09:21', 'INSERT', 'CatalogoProducto (EXCEL)', 'INSERT INTO CatalogoProducto VALUES (0004966,2017C13,220,35,50,OUT)'),
(177, '2954585', '2018-01-22|18:09:21', 'INSERT', 'CatalogoProducto (EXCEL)', 'INSERT INTO CatalogoProducto VALUES (0004890,2017C13,233,35,50,1x S/. 35 2x S/. 55)'),
(178, '2954585', '2018-01-22|18:09:21', 'INSERT', 'CatalogoProducto (EXCEL)', 'INSERT INTO CatalogoProducto VALUES (0011125,2017C13,336,35,50,1x S/. 35 2x S/. 55)'),
(179, '2954585', '2018-01-22|18:09:21', 'INSERT', 'CatalogoProducto (EXCEL)', 'INSERT INTO CatalogoProducto VALUES (0011352,2017C13,413,35,50,1x S/. 35 2x S/. 55)'),
(180, '2954585', '2018-01-22|18:09:21', 'INSERT', 'CatalogoProducto (EXCEL)', 'INSERT INTO CatalogoProducto VALUES (0011356,2017C13,417,35,50,1x S/. 35 2x S/. 55)'),
(181, '2954585', '2018-01-22|18:09:21', 'INSERT', 'CatalogoProducto (EXCEL)', 'INSERT INTO CatalogoProducto VALUES (0011385,2017C13,435,35,50,1x S/. 35 2x S/. 55)'),
(182, '2954585', '2018-01-22|18:09:21', 'INSERT', 'CatalogoProducto (EXCEL)', 'INSERT INTO CatalogoProducto VALUES (0011536,2017C13,506,35,50,1x S/. 35 2x S/. 55)'),
(183, '2954585', '2018-01-22|18:09:21', 'INSERT', 'CatalogoProducto (EXCEL)', 'INSERT INTO CatalogoProducto VALUES (0005050,2017C13,195,37,58,20+20%)'),
(184, '2954585', '2018-01-22|18:09:21', 'INSERT', 'CatalogoProducto (EXCEL)', 'INSERT INTO CatalogoProducto VALUES (0011430,2017C13,446,37,58,20+20%)'),
(185, '2954585', '2018-01-22|18:09:21', 'INSERT', 'CatalogoProducto (EXCEL)', 'INSERT INTO CatalogoProducto VALUES (0011474,2017C13,482,37,58,20+20%)'),
(186, '2954585', '2018-01-22|18:09:21', 'INSERT', 'CatalogoProducto (EXCEL)', 'INSERT INTO CatalogoProducto VALUES (0005052,2017C13,483,37,58,20+20%)'),
(187, '2954585', '2018-01-22|18:09:21', 'INSERT', 'CatalogoProducto (EXCEL)', 'INSERT INTO CatalogoProducto VALUES (0011476,2017C13,484,37,58,20+20%)'),
(188, '2954585', '2018-01-22|18:09:21', 'INSERT', 'CatalogoProducto (EXCEL)', 'INSERT INTO CatalogoProducto VALUES (0011478,2017C13,486,37,58,20+20%)'),
(189, '2954585', '2018-01-22|18:09:21', 'INSERT', 'CatalogoProducto (EXCEL)', 'INSERT INTO CatalogoProducto VALUES (0005055,2017C13,283,54,54,OUT)'),
(190, '2954585', '2018-01-22|18:09:21', 'INSERT', 'CatalogoProducto (EXCEL)', 'INSERT INTO CatalogoProducto VALUES (0005056,2017C13,284,54,54,OUT)'),
(191, '2954585', '2018-01-22|18:09:21', 'INSERT', 'CatalogoProducto (EXCEL)', 'INSERT INTO CatalogoProducto VALUES (0005057,2017C13,285,54,54,OUT)'),
(192, '2954585', '2018-01-22|18:09:21', 'INSERT', 'CatalogoProducto (EXCEL)', 'INSERT INTO CatalogoProducto VALUES (0005059,2017C13,287,54,54,OUT)'),
(193, '2954585', '2018-01-22|18:09:21', 'INSERT', 'CatalogoProducto (EXCEL)', 'INSERT INTO CatalogoProducto VALUES (0005060,2017C13,288,54,54,OUT)'),
(194, '2954585', '2018-01-22|18:09:21', 'INSERT', 'CatalogoProducto (EXCEL)', 'INSERT INTO CatalogoProducto VALUES (0005061,2017C13,708,48,48,OUT)'),
(195, '2954585', '2018-01-22|18:09:21', 'INSERT', 'CatalogoProducto (EXCEL)', 'INSERT INTO CatalogoProducto VALUES (0005062,2017C13,709,48,48,OUT)'),
(196, '2954585', '2018-01-22|18:09:21', 'INSERT', 'CatalogoProducto (EXCEL)', 'INSERT INTO CatalogoProducto VALUES (0005063,2017C13,710,48,48,OUT)'),
(197, '2954585', '2018-01-22|18:09:21', 'INSERT', 'CatalogoProducto (EXCEL)', 'INSERT INTO CatalogoProducto VALUES (0005064,2017C13,711,48,48,OUT)'),
(198, '2954585', '2018-01-22|18:09:21', 'INSERT', 'CatalogoProducto (EXCEL)', 'INSERT INTO CatalogoProducto VALUES (0005065,2017C13,712,48,48,OUT)'),
(199, '2954585', '2018-01-22|18:09:21', 'INSERT', 'CatalogoProducto (EXCEL)', 'INSERT INTO CatalogoProducto VALUES (0005066,2017C13,713,48,48,OUT)'),
(200, '2954585', '2018-01-22|18:09:21', 'INSERT', 'CatalogoProducto (EXCEL)', 'INSERT INTO CatalogoProducto VALUES (0011142,2017C13,328,54,54,OUT)'),
(201, '2954585', '2018-01-22|18:09:21', 'INSERT', 'CatalogoProducto (EXCEL)', 'INSERT INTO CatalogoProducto VALUES (0011510,2017C13,329,54,54,OUT)'),
(202, '2954585', '2018-01-22|18:09:21', 'INSERT', 'CatalogoProducto (EXCEL)', 'INSERT INTO CatalogoProducto VALUES (0011504,2017C13,112,54,54,OUT)'),
(203, '2954585', '2018-01-22|18:09:21', 'INSERT', 'CatalogoProducto (EXCEL)', 'INSERT INTO CatalogoProducto VALUES (0011503,2017C13,786,54,54,OUT)'),
(204, '2954585', '2018-01-22|18:09:21', 'INSERT', 'CatalogoProducto (EXCEL)', 'INSERT INTO CatalogoProducto VALUES (0011507,2017C13,784,54,54,OUT)'),
(205, '2954585', '2018-01-22|18:09:21', 'INSERT', 'CatalogoProducto (EXCEL)', 'INSERT INTO CatalogoProducto VALUES (0011436,2017C13,458,29,54,TENDENCIA 45% (L1))'),
(206, '2954585', '2018-01-22|18:09:21', 'INSERT', 'CatalogoProducto (EXCEL)', 'INSERT INTO CatalogoProducto VALUES (0011326,2017C13,785,29,54,TENDENCIA 45% (L4))'),
(207, '2954585', '2018-01-22|18:09:21', 'INSERT', 'CatalogoProducto (EXCEL)', 'INSERT INTO CatalogoProducto VALUES (0011543,2017C13,503,29,54,TENDENCIA 45% (L3))'),
(208, '2954585', '2018-01-22|18:09:21', 'INSERT', 'CatalogoProducto (EXCEL)', 'INSERT INTO CatalogoProducto VALUES (0011545,2017C13,504,29,54,TENDENCIA 45% (LT))'),
(209, '2954585', '2018-01-22|18:09:21', 'INSERT', 'CatalogoProducto (EXCEL)', 'INSERT INTO CatalogoProducto VALUES (0011546,2017C13,505,29,54,TENDENCIA 45% (L2))'),
(210, '2954585', '2018-01-22|18:09:21', 'INSERT', 'CatalogoProducto (EXCEL)', 'INSERT INTO CatalogoProducto VALUES (0011506,2017C13,782,54,54,OUT)'),
(211, '2954585', '2018-01-22|18:09:21', 'INSERT', 'CatalogoProducto (EXCEL)', 'INSERT INTO CatalogoProducto VALUES (0005121,2017C13,381,36,60,MPA 40% )'),
(212, '2954585', '2018-01-22|18:09:21', 'INSERT', 'CatalogoProducto (EXCEL)', 'INSERT INTO CatalogoProducto VALUES (0005122,2017C13,382,36,60,MPA 40% )'),
(213, '2954585', '2018-01-22|18:09:21', 'INSERT', 'CatalogoProducto (EXCEL)', 'INSERT INTO CatalogoProducto VALUES (0005123,2017C13,383,36,60,MPA 40% )'),
(214, '2954585', '2018-01-22|18:09:21', 'INSERT', 'CatalogoProducto (EXCEL)', 'INSERT INTO CatalogoProducto VALUES (0005124,2017C13,384,36,60,MPA 40% (SUG))'),
(215, '2954585', '2018-01-22|18:09:21', 'INSERT', 'CatalogoProducto (EXCEL)', 'INSERT INTO CatalogoProducto VALUES (0005125,2017C13,385,36,60,MPA 40% )'),
(216, '2954585', '2018-01-22|18:09:21', 'INSERT', 'CatalogoProducto (EXCEL)', 'INSERT INTO CatalogoProducto VALUES (0005126,2017C13,386,36,60,MPA 40% )'),
(217, '2954585', '2018-01-22|18:09:21', 'INSERT', 'CatalogoProducto (EXCEL)', 'INSERT INTO CatalogoProducto VALUES (0005127,2017C13,387,36,60,MPA 40% )'),
(218, '2954585', '2018-01-22|18:09:21', 'INSERT', 'CatalogoProducto (EXCEL)', 'INSERT INTO CatalogoProducto VALUES (0011224,2017C13,356,38,38,OUT)'),
(219, '2954585', '2018-01-22|18:09:21', 'INSERT', 'CatalogoProducto (EXCEL)', 'INSERT INTO CatalogoProducto VALUES (0011219,2017C13,354,38,38,OUT)'),
(220, '2954585', '2018-01-22|18:09:21', 'INSERT', 'CatalogoProducto (EXCEL)', 'INSERT INTO CatalogoProducto VALUES (0011227,2017C13,344,38,38,OUT)'),
(221, '2954585', '2018-01-22|18:09:21', 'INSERT', 'CatalogoProducto (EXCEL)', 'INSERT INTO CatalogoProducto VALUES (0011222,2017C13,355,38,38,OUT)'),
(222, '2954585', '2018-01-22|18:09:21', 'INSERT', 'CatalogoProducto (EXCEL)', 'INSERT INTO CatalogoProducto VALUES (0011226,2017C13,378,38,38,OUT)'),
(223, '2954585', '2018-01-22|18:09:21', 'INSERT', 'CatalogoProducto (EXCEL)', 'INSERT INTO CatalogoProducto VALUES (0011254,2017C13,1280,19.9,35,P. Directo S/.19.90)'),
(224, '2954585', '2018-01-22|18:09:21', 'INSERT', 'CatalogoProducto (EXCEL)', 'INSERT INTO CatalogoProducto VALUES (0011285,2017C13,1281,19.9,35,P. Directo S/.19.90)'),
(225, '2954585', '2018-01-22|18:09:21', 'INSERT', 'CatalogoProducto (EXCEL)', 'INSERT INTO CatalogoProducto VALUES (0011287,2017C13,1282,19.9,35,P. Directo S/.19.90)'),
(226, '2954585', '2018-01-22|18:09:21', 'INSERT', 'CatalogoProducto (EXCEL)', 'INSERT INTO CatalogoProducto VALUES (0011288,2017C13,1283,19.9,35,P. Directo S/.19.90)'),
(227, '2954585', '2018-01-22|18:09:21', 'INSERT', 'CatalogoProducto (EXCEL)', 'INSERT INTO CatalogoProducto VALUES (0011286,2017C13,1284,19.9,35,P. Directo S/.19.90)'),
(228, '2954585', '2018-01-22|18:09:21', 'INSERT', 'CatalogoProducto (EXCEL)', 'INSERT INTO CatalogoProducto VALUES (0011284,2017C13,1285,19.9,35,P. Directo S/.19.90)'),
(229, '2954585', '2018-01-22|18:09:21', 'INSERT', 'CatalogoProducto (EXCEL)', 'INSERT INTO CatalogoProducto VALUES (0011282,2017C13,1286,19.9,35,P. Directo S/.19.90 (SUG))'),
(230, '2954585', '2018-01-22|18:09:21', 'INSERT', 'CatalogoProducto (EXCEL)', 'INSERT INTO CatalogoProducto VALUES (0011283,2017C13,1287,19.9,35,P. Directo S/.19.90)'),
(231, '2954585', '2018-01-22|18:09:21', 'INSERT', 'CatalogoProducto (EXCEL)', 'INSERT INTO CatalogoProducto VALUES (0011341,2017C13,1288,34,34,OUT)'),
(232, '2954585', '2018-01-22|18:09:21', 'INSERT', 'CatalogoProducto (EXCEL)', 'INSERT INTO CatalogoProducto VALUES (0011342,2017C13,1289,34,34,OUT)'),
(233, '2954585', '2018-01-22|18:09:21', 'INSERT', 'CatalogoProducto (EXCEL)', 'INSERT INTO CatalogoProducto VALUES (0011343,2017C13,1290,34,34,OUT)'),
(234, '2954585', '2018-01-22|18:09:21', 'INSERT', 'CatalogoProducto (EXCEL)', 'INSERT INTO CatalogoProducto VALUES (0011344,2017C13,1291,34,34,OUT)'),
(235, '2954585', '2018-01-22|18:09:21', 'INSERT', 'CatalogoProducto (EXCEL)', 'INSERT INTO CatalogoProducto VALUES (0011345,2017C13,1292,34,34,OUT)'),
(236, '2954585', '2018-01-22|18:09:21', 'INSERT', 'CatalogoProducto (EXCEL)', 'INSERT INTO CatalogoProducto VALUES (0011346,2017C13,1293,34,34,OUT)'),
(237, '2954585', '2018-01-22|18:09:21', 'INSERT', 'CatalogoProducto (EXCEL)', 'INSERT INTO CatalogoProducto VALUES (0011049,2017C13,645,32,32,45% Set Di que si)'),
(238, '2954585', '2018-01-22|18:09:21', 'INSERT', 'CatalogoProducto (EXCEL)', 'INSERT INTO CatalogoProducto VALUES (0011050,2017C13,646,19,32,OUT)'),
(239, '2954585', '2018-01-22|18:09:21', 'INSERT', 'CatalogoProducto (EXCEL)', 'INSERT INTO CatalogoProducto VALUES (0011051,2017C13,647,19,32,40% cxc Removedor)'),
(240, '2954585', '2018-01-22|18:09:21', 'INSERT', 'CatalogoProducto (EXCEL)', 'INSERT INTO CatalogoProducto VALUES (0011058,2017C13,701,19,32,OUT)'),
(241, '2954585', '2018-01-22|18:09:21', 'INSERT', 'CatalogoProducto (EXCEL)', 'INSERT INTO CatalogoProducto VALUES (0011053,2017C13,696,19,32,OUT)'),
(242, '2954585', '2018-01-22|18:09:21', 'INSERT', 'CatalogoProducto (EXCEL)', 'INSERT INTO CatalogoProducto VALUES (0011055,2017C13,698,19,32,OUT)'),
(243, '2954585', '2018-01-22|18:09:21', 'INSERT', 'CatalogoProducto (EXCEL)', 'INSERT INTO CatalogoProducto VALUES (0011047,2017C13,643,19,32,OUT)'),
(244, '2954585', '2018-01-22|18:09:21', 'INSERT', 'CatalogoProducto (EXCEL)', 'INSERT INTO CatalogoProducto VALUES (0011048,2017C13,644,19,32,40% cxc Removedor (SUG))'),
(245, '2954585', '2018-01-22|18:09:21', 'INSERT', 'CatalogoProducto (EXCEL)', 'INSERT INTO CatalogoProducto VALUES (0011321,2017C13,793,17,32,TEND 45% CxC Removedor (LT))'),
(246, '2954585', '2018-01-22|18:09:21', 'INSERT', 'CatalogoProducto (EXCEL)', 'INSERT INTO CatalogoProducto VALUES (0011310,2017C13,408,19,32,40% cxc Removedor)'),
(247, '2954585', '2018-01-22|18:09:21', 'INSERT', 'CatalogoProducto (EXCEL)', 'INSERT INTO CatalogoProducto VALUES (0011311,2017C13,409,19,32,40% cxc Removedor)'),
(248, '2954585', '2018-01-22|18:09:21', 'INSERT', 'CatalogoProducto (EXCEL)', 'INSERT INTO CatalogoProducto VALUES (0011348,2017C13,420,19,32,40% cxc Removedor)'),
(249, '2954585', '2018-01-22|18:09:21', 'INSERT', 'CatalogoProducto (EXCEL)', 'INSERT INTO CatalogoProducto VALUES (0011349,2017C13,421,19,32,40% cxc Removedor)'),
(250, '2954585', '2018-01-22|18:09:21', 'INSERT', 'CatalogoProducto (EXCEL)', 'INSERT INTO CatalogoProducto VALUES (0011351,2017C13,423,19,32,40% cxc Removedor)'),
(251, '2954585', '2018-01-22|18:09:21', 'INSERT', 'CatalogoProducto (EXCEL)', 'INSERT INTO CatalogoProducto VALUES (0011532,2017C13,498,17,32,TEND 45% CxC Removedor (L2))'),
(252, '2954585', '2018-01-22|18:09:21', 'INSERT', 'CatalogoProducto (EXCEL)', 'INSERT INTO CatalogoProducto VALUES (0011533,2017C13,499,17,32,TEND 45% CxC Removedor)'),
(253, '2954585', '2018-01-22|18:09:21', 'INSERT', 'CatalogoProducto (EXCEL)', 'INSERT INTO CatalogoProducto VALUES (0011589,2017C13,577,17,32,TEND 45% CxC Removedor (L1))'),
(254, '2954585', '2018-01-22|18:09:21', 'INSERT', 'CatalogoProducto (EXCEL)', 'INSERT INTO CatalogoProducto VALUES (0011590,2017C13,578,17,32,TEND 45% CxC Removedor (L3))'),
(255, '2954585', '2018-01-22|18:09:21', 'INSERT', 'CatalogoProducto (EXCEL)', 'INSERT INTO CatalogoProducto VALUES (0011588,2017C13,579,17,32,TEND 45% CxC Removedor (L4))'),
(256, '2954585', '2018-01-22|18:09:21', 'INSERT', 'CatalogoProducto (EXCEL)', 'INSERT INTO CatalogoProducto VALUES (0011052,2017C13,695,19,32,OUT)'),
(257, '2954585', '2018-01-22|18:09:21', 'INSERT', 'CatalogoProducto (EXCEL)', 'INSERT INTO CatalogoProducto VALUES (0011054,2017C13,697,19,32,40% cxc Removedor (SUG))'),
(258, '2954585', '2018-01-22|18:09:21', 'INSERT', 'CatalogoProducto (EXCEL)', 'INSERT INTO CatalogoProducto VALUES (0011056,2017C13,699,19,32,40% cxc Removedor)'),
(259, '2954585', '2018-01-22|18:09:21', 'INSERT', 'CatalogoProducto (EXCEL)', 'INSERT INTO CatalogoProducto VALUES (0011057,2017C13,700,19,32,OUT)'),
(260, '2954585', '2018-01-22|18:09:21', 'INSERT', 'CatalogoProducto (EXCEL)', 'INSERT INTO CatalogoProducto VALUES (0011059,2017C13,658,19,32,40% cxc Removedor)'),
(261, '2954585', '2018-01-22|18:09:21', 'INSERT', 'CatalogoProducto (EXCEL)', 'INSERT INTO CatalogoProducto VALUES (0011072,2017C13,659,19,32,40% cxc Removedor)'),
(262, '2954585', '2018-01-22|18:09:21', 'INSERT', 'CatalogoProducto (EXCEL)', 'INSERT INTO CatalogoProducto VALUES (0011060,2017C13,321,19,32,OUT)'),
(263, '2954585', '2018-01-22|18:09:21', 'INSERT', 'CatalogoProducto (EXCEL)', 'INSERT INTO CatalogoProducto VALUES (0011061,2017C13,309,19,32,40% + CxC Removedor)'),
(264, '2954585', '2018-01-22|18:09:21', 'INSERT', 'CatalogoProducto (EXCEL)', 'INSERT INTO CatalogoProducto VALUES (0011062,2017C13,310,19,32,OUT)'),
(265, '2954585', '2018-01-22|18:09:21', 'INSERT', 'CatalogoProducto (EXCEL)', 'INSERT INTO CatalogoProducto VALUES (0011063,2017C13,311,19,32,OUT)'),
(266, '2954585', '2018-01-22|18:09:21', 'INSERT', 'CatalogoProducto (EXCEL)', 'INSERT INTO CatalogoProducto VALUES (0011111,2017C13,306,32,32,OUT)'),
(267, '2954585', '2018-01-22|18:09:21', 'INSERT', 'CatalogoProducto (EXCEL)', 'INSERT INTO CatalogoProducto VALUES (0005114,2017C13,297,32,32,OUT)'),
(268, '2954585', '2018-01-22|18:09:21', 'INSERT', 'CatalogoProducto (EXCEL)', 'INSERT INTO CatalogoProducto VALUES (0011110,2017C13,316,32,32,OUT)'),
(269, '2954585', '2018-01-22|18:09:21', 'INSERT', 'CatalogoProducto (EXCEL)', 'INSERT INTO CatalogoProducto VALUES (0004347,2017C13,2157,122,122,OUT)'),
(270, '2954585', '2018-01-22|18:09:21', 'INSERT', 'CatalogoProducto (EXCEL)', 'INSERT INTO CatalogoProducto VALUES (0011132,2017C13,2174,154,154,OUT)'),
(271, '2954585', '2018-01-22|18:09:21', 'INSERT', 'CatalogoProducto (EXCEL)', 'INSERT INTO CatalogoProducto VALUES (0011065,2017C13,2212,154,154,OUT)'),
(272, '2954585', '2018-01-22|18:09:21', 'INSERT', 'CatalogoProducto (EXCEL)', 'INSERT INTO CatalogoProducto VALUES (0011460,2017C13,2238,119,176,35% + CAPI + CCUU)'),
(273, '2954585', '2018-01-22|18:09:21', 'INSERT', 'CatalogoProducto (EXCEL)', 'INSERT INTO CatalogoProducto VALUES (0011202,2017C13,1686,42,42,OUT)'),
(274, '2954585', '2018-01-22|18:09:21', 'INSERT', 'CatalogoProducto (EXCEL)', 'INSERT INTO CatalogoProducto VALUES (0011234,2017C13,1764,12.9,28,PI)'),
(275, '2954585', '2018-01-22|18:09:21', 'INSERT', 'CatalogoProducto (EXCEL)', 'INSERT INTO CatalogoProducto VALUES (0004476,2017C13,2165,86,165,45% + DISCOVER)'),
(276, '2954585', '2018-01-22|18:09:21', 'INSERT', 'CatalogoProducto (EXCEL)', 'INSERT INTO CatalogoProducto VALUES (0011206,2017C13,1705,42,42,OUT)'),
(277, '2954585', '2018-01-22|18:09:21', 'INSERT', 'CatalogoProducto (EXCEL)', 'INSERT INTO CatalogoProducto VALUES (0011239,2017C13,1769,12.9,28,PI)'),
(278, '2954585', '2018-01-22|18:09:21', 'INSERT', 'CatalogoProducto (EXCEL)', 'INSERT INTO CatalogoProducto VALUES (0004645,2017C13,2177,176,176,OUT)'),
(279, '2954585', '2018-01-22|18:09:21', 'INSERT', 'CatalogoProducto (EXCEL)', 'INSERT INTO CatalogoProducto VALUES (0011205,2017C13,1687,42,42,OUT)'),
(280, '2954585', '2018-01-22|18:09:21', 'INSERT', 'CatalogoProducto (EXCEL)', 'INSERT INTO CatalogoProducto VALUES (0011236,2017C13,1766,12.9,28,PI)');
INSERT INTO `databaselog` (`idDatabaseLog`, `idColaborador`, `fechaHora`, `evento`, `tipo`, `consulta`) VALUES
(281, '2954585', '2018-01-22|18:09:21', 'INSERT', 'CatalogoProducto (EXCEL)', 'INSERT INTO CatalogoProducto VALUES (0002426,2017C13,2014,165,165,OUT)'),
(282, '2954585', '2018-01-22|18:09:21', 'INSERT', 'CatalogoProducto (EXCEL)', 'INSERT INTO CatalogoProducto VALUES (0004164,2017C13,2156,115,115,SET CON ESMALTE 45%)'),
(283, '2954585', '2018-01-22|18:09:21', 'INSERT', 'CatalogoProducto (EXCEL)', 'INSERT INTO CatalogoProducto VALUES (0011276,2017C13,2242,120,120,OUT)'),
(284, '2954585', '2018-01-22|18:09:21', 'INSERT', 'CatalogoProducto (EXCEL)', 'INSERT INTO CatalogoProducto VALUES (0011200,2017C13,2222,56,115,MPA 50%)'),
(285, '2954585', '2018-01-22|18:09:21', 'INSERT', 'CatalogoProducto (EXCEL)', 'INSERT INTO CatalogoProducto VALUES (0011199,2017C13,2221,56,115,MPA 50%)'),
(286, '2954585', '2018-01-22|18:09:21', 'INSERT', 'CatalogoProducto (EXCEL)', 'INSERT INTO CatalogoProducto VALUES (0011302,2017C13,2233,125,190,30%  GRATIS BL)'),
(287, '2954585', '2018-01-22|18:09:21', 'INSERT', 'CatalogoProducto (EXCEL)', 'INSERT INTO CatalogoProducto VALUES (0004684,2017C13,2197,190,190,OUT)'),
(288, '2954585', '2018-01-22|18:09:21', 'INSERT', 'CatalogoProducto (EXCEL)', 'INSERT INTO CatalogoProducto VALUES (0011273,2017C13,1740,35,58,0.35)'),
(289, '2954585', '2018-01-22|18:09:21', 'INSERT', 'CatalogoProducto (EXCEL)', 'INSERT INTO CatalogoProducto VALUES (0011274,2017C13,1741,35,58,0.35)'),
(290, '2954585', '2018-01-22|18:09:21', 'INSERT', 'CatalogoProducto (EXCEL)', 'INSERT INTO CatalogoProducto VALUES (0002183,2017C13,2020,176,176,SET CON DEO 45%)'),
(291, '2954585', '2018-01-22|18:09:21', 'INSERT', 'CatalogoProducto (EXCEL)', 'INSERT INTO CatalogoProducto VALUES (0011203,2017C13,2021,42,42,OUT)'),
(292, '2954585', '2018-01-22|18:09:21', 'INSERT', 'CatalogoProducto (EXCEL)', 'INSERT INTO CatalogoProducto VALUES (0011235,2017C13,1765,28,28,SET 45% FRAGANCIA)'),
(293, '2954585', '2018-01-22|18:09:21', 'INSERT', 'CatalogoProducto (EXCEL)', 'INSERT INTO CatalogoProducto VALUES (0011337,2017C13,2229,69,120,0.4)'),
(294, '2954585', '2018-01-22|18:09:21', 'INSERT', 'CatalogoProducto (EXCEL)', 'INSERT INTO CatalogoProducto VALUES (0011301,2017C13,2241,69,120,40% + DISCOVER)'),
(295, '2954585', '2018-01-22|18:09:21', 'INSERT', 'CatalogoProducto (EXCEL)', 'INSERT INTO CatalogoProducto VALUES (0005133,2017C13,2226,154,154,SET CON BL 50%)'),
(296, '2954585', '2018-01-22|18:09:21', 'INSERT', 'CatalogoProducto (EXCEL)', 'INSERT INTO CatalogoProducto VALUES (0011201,2017C13,1689,42,42,SET 45%)'),
(297, '2954585', '2018-01-22|18:09:21', 'INSERT', 'CatalogoProducto (EXCEL)', 'INSERT INTO CatalogoProducto VALUES (0011237,2017C13,1767,12.9,28,PI)'),
(298, '2954585', '2018-01-22|18:09:21', 'INSERT', 'CatalogoProducto (EXCEL)', 'INSERT INTO CatalogoProducto VALUES (0004959,2017C13,2200,154,154,SET CON BL 50%)'),
(299, '2954585', '2018-01-22|18:09:21', 'INSERT', 'CatalogoProducto (EXCEL)', 'INSERT INTO CatalogoProducto VALUES (0011204,2017C13,1780,42,42,SET 45%)'),
(300, '2954585', '2018-01-22|18:09:21', 'INSERT', 'CatalogoProducto (EXCEL)', 'INSERT INTO CatalogoProducto VALUES (0011238,2017C13,1768,12.9,28,OUT)'),
(301, '2954585', '2018-01-22|18:09:21', 'INSERT', 'CatalogoProducto (EXCEL)', 'INSERT INTO CatalogoProducto VALUES (0004904,2017C13,2202,105,158,0.3)'),
(302, '2954585', '2018-01-22|18:09:21', 'INSERT', 'CatalogoProducto (EXCEL)', 'INSERT INTO CatalogoProducto VALUES (0003724,2017C13,2223,100,100,OUT)'),
(303, '2954585', '2018-01-22|18:09:21', 'INSERT', 'CatalogoProducto (EXCEL)', 'INSERT INTO CatalogoProducto VALUES (0011419,2017C13,1746,21,39,0.45)'),
(304, '2954585', '2018-01-22|18:09:21', 'INSERT', 'CatalogoProducto (EXCEL)', 'INSERT INTO CatalogoProducto VALUES (0011363,2017C13,1779,21,39,0.45)'),
(305, '2954585', '2018-01-22|18:09:21', 'INSERT', 'CatalogoProducto (EXCEL)', 'INSERT INTO CatalogoProducto VALUES (0011420,2017C13,1747,21,39,0.45)'),
(306, '2954585', '2018-01-22|18:09:21', 'INSERT', 'CatalogoProducto (EXCEL)', 'INSERT INTO CatalogoProducto VALUES (0011418,2017C13,1745,21,39,45% / N.Especial)'),
(307, '2954585', '2018-01-22|18:09:21', 'INSERT', 'CatalogoProducto (EXCEL)', 'INSERT INTO CatalogoProducto VALUES (0011501,2017C13,1783,45,70,0.35)'),
(308, '2954585', '2018-01-22|18:09:21', 'INSERT', 'CatalogoProducto (EXCEL)', 'INSERT INTO CatalogoProducto VALUES (0005138,2017C13,8,45,82,0.45)'),
(309, '2954585', '2018-01-22|18:09:21', 'INSERT', 'CatalogoProducto (EXCEL)', 'INSERT INTO CatalogoProducto VALUES (0005151,2017C13,9,29,55,0.45)'),
(310, '2954585', '2018-01-22|18:09:21', 'INSERT', 'CatalogoProducto (EXCEL)', 'INSERT INTO CatalogoProducto VALUES (0005153,2017C13,10,25,42,0.35)'),
(311, '2954585', '2018-01-22|18:09:21', 'INSERT', 'CatalogoProducto (EXCEL)', 'INSERT INTO CatalogoProducto VALUES (0005152,2017C13,11,27,50,0.45)'),
(312, '2954585', '2018-01-22|18:09:21', 'INSERT', 'CatalogoProducto (EXCEL)', 'INSERT INTO CatalogoProducto VALUES (0011090,2017C13,91,26,52,PD)'),
(313, '2954585', '2018-01-22|18:09:21', 'INSERT', 'CatalogoProducto (EXCEL)', 'INSERT INTO CatalogoProducto VALUES (0011092,2017C13,93,24,38,0.35)'),
(314, '2954585', '2018-01-22|18:09:21', 'INSERT', 'CatalogoProducto (EXCEL)', 'INSERT INTO CatalogoProducto VALUES (0011089,2017C13,92,26,52,PD)'),
(315, '2954585', '2018-01-22|18:09:21', 'INSERT', 'CatalogoProducto (EXCEL)', 'INSERT INTO CatalogoProducto VALUES (0011091,2017C13,94,24,38,0.35)'),
(316, '2954585', '2018-01-22|18:09:21', 'INSERT', 'CatalogoProducto (EXCEL)', 'INSERT INTO CatalogoProducto VALUES (0005087,2017C13,1604,58,106,0.45)'),
(317, '2954585', '2018-01-22|18:09:21', 'INSERT', 'CatalogoProducto (EXCEL)', 'INSERT INTO CatalogoProducto VALUES (0004694,2017C13,1675,58,106,0.45)'),
(318, '2954585', '2018-01-22|18:09:21', 'INSERT', 'CatalogoProducto (EXCEL)', 'INSERT INTO CatalogoProducto VALUES (0011415,2017C13,1748,18,34,0.45)'),
(319, '2954585', '2018-01-22|18:09:21', 'INSERT', 'CatalogoProducto (EXCEL)', 'INSERT INTO CatalogoProducto VALUES (0011417,2017C13,1749,18,34,0.45)'),
(320, '2954585', '2018-01-22|18:09:21', 'INSERT', 'CatalogoProducto (EXCEL)', 'INSERT INTO CatalogoProducto VALUES (0011421,2017C13,1753,18,34,0.45)'),
(321, '2954585', '2018-01-22|18:09:21', 'INSERT', 'CatalogoProducto (EXCEL)', 'INSERT INTO CatalogoProducto VALUES (0011365,2017C13,1752,18,34,0.45)'),
(322, '2954585', '2018-01-22|18:09:21', 'INSERT', 'CatalogoProducto (EXCEL)', 'INSERT INTO CatalogoProducto VALUES (0011422,2017C13,1751,18,34,0.45)'),
(323, '2954585', '2018-01-22|18:09:21', 'INSERT', 'CatalogoProducto (EXCEL)', 'INSERT INTO CatalogoProducto VALUES (0011197,2017C13,2207,62,62,NIVEL 0 -acumulable)'),
(324, '2954585', '2018-01-22|18:09:21', 'INSERT', 'CatalogoProducto (EXCEL)', 'INSERT INTO CatalogoProducto VALUES (0011822,2017C13,2245,28,55,0.45)'),
(325, '2954585', '2018-01-22|18:09:21', 'INSERT', 'CatalogoProducto (EXCEL)', 'INSERT INTO CatalogoProducto VALUES (0011823,2017C13,2246,28,55,0.45)'),
(326, '2954585', '2018-01-22|18:09:21', 'INSERT', 'CatalogoProducto (EXCEL)', 'INSERT INTO CatalogoProducto VALUES (0011824,2017C13,2247,28,55,0.45)'),
(327, '2954585', '2018-01-22|18:09:21', 'INSERT', 'CatalogoProducto (EXCEL)', 'INSERT INTO CatalogoProducto VALUES (0011012,2017C13,1722,10.9,22,PI)'),
(328, '2954585', '2018-01-22|18:09:21', 'INSERT', 'CatalogoProducto (EXCEL)', 'INSERT INTO CatalogoProducto VALUES (0011026,2017C13,1723,10.9,22,PI)'),
(329, '2954585', '2018-01-22|18:09:21', 'INSERT', 'CatalogoProducto (EXCEL)', 'INSERT INTO CatalogoProducto VALUES (0011025,2017C13,1725,10.9,22,PI)'),
(330, '2954585', '2018-01-22|18:09:21', 'INSERT', 'CatalogoProducto (EXCEL)', 'INSERT INTO CatalogoProducto VALUES (0011290,2017C13,1754,40,62,0.35)'),
(331, '2954585', '2018-01-22|18:09:21', 'INSERT', 'CatalogoProducto (EXCEL)', 'INSERT INTO CatalogoProducto VALUES (0011289,2017C13,1755,19,40,MPA 50%)'),
(332, '2954585', '2018-01-22|18:09:21', 'INSERT', 'CatalogoProducto (EXCEL)', 'INSERT INTO CatalogoProducto VALUES (0011291,2017C13,1756,36,56,0.35)'),
(333, '2954585', '2018-01-22|18:09:21', 'INSERT', 'CatalogoProducto (EXCEL)', 'INSERT INTO CatalogoProducto VALUES (0011002,2017C13,1762,29,46,0.35)'),
(334, '2954585', '2018-01-22|18:09:21', 'INSERT', 'CatalogoProducto (EXCEL)', 'INSERT INTO CatalogoProducto VALUES (0011007,2017C13,1763,29,46,0.35)'),
(335, '2954585', '2018-01-22|18:09:21', 'INSERT', 'CatalogoProducto (EXCEL)', 'INSERT INTO CatalogoProducto VALUES (0011293,2017C13,1698,40,62,0.35)'),
(336, '2954585', '2018-01-22|18:09:21', 'INSERT', 'CatalogoProducto (EXCEL)', 'INSERT INTO CatalogoProducto VALUES (0011292,2017C13,1699,26,40,0.35)'),
(337, '2954585', '2018-01-22|18:09:21', 'INSERT', 'CatalogoProducto (EXCEL)', 'INSERT INTO CatalogoProducto VALUES (0003701,2017C13,1605,26,26,OUT)'),
(338, '2954585', '2018-01-22|18:09:21', 'INSERT', 'CatalogoProducto (EXCEL)', 'INSERT INTO CatalogoProducto VALUES (0003590,2017C13,1606,26,26,OUT)'),
(339, '2954585', '2018-01-22|18:09:21', 'INSERT', 'CatalogoProducto (EXCEL)', 'INSERT INTO CatalogoProducto VALUES (0011013,2017C13,2231,46,68,0.3)'),
(340, '2954585', '2018-01-22|18:09:21', 'INSERT', 'CatalogoProducto (EXCEL)', 'INSERT INTO CatalogoProducto VALUES (0011014,2017C13,2232,46,68,0.3)'),
(341, '2954585', '2018-01-22|18:09:21', 'INSERT', 'CatalogoProducto (EXCEL)', 'INSERT INTO CatalogoProducto VALUES (0011006,2017C13,2211,55,55,2X1 CUALQUIER COMB)'),
(342, '2954585', '2018-01-22|18:09:21', 'INSERT', 'CatalogoProducto (EXCEL)', 'INSERT INTO CatalogoProducto VALUES (0011004,2017C13,2209,55,55,2X1 CUALQUIER COMB)'),
(343, '2954585', '2018-01-22|18:09:21', 'INSERT', 'CatalogoProducto (EXCEL)', 'INSERT INTO CatalogoProducto VALUES (0011005,2017C13,2210,55,55,2X1 CUALQUIER COMB)'),
(344, '2954585', '2018-01-22|18:09:21', 'INSERT', 'CatalogoProducto (EXCEL)', 'INSERT INTO CatalogoProducto VALUES (0004882,2017C13,2195,42,65,0.35)'),
(345, '2954585', '2018-01-22|18:09:21', 'INSERT', 'CatalogoProducto (EXCEL)', 'INSERT INTO CatalogoProducto VALUES (0004883,2017C13,2196,42,65,0.35)'),
(346, '2954585', '2018-01-22|18:09:21', 'INSERT', 'CatalogoProducto (EXCEL)', 'INSERT INTO CatalogoProducto VALUES (0011400,2017C13,2240,65,65,OUT)'),
(347, '2954585', '2018-01-22|18:09:21', 'INSERT', 'CatalogoProducto (EXCEL)', 'INSERT INTO CatalogoProducto VALUES (0011071,2017C13,2206,42,65,0.35)'),
(348, '2954585', '2018-01-22|18:09:21', 'INSERT', 'CatalogoProducto (EXCEL)', 'INSERT INTO CatalogoProducto VALUES (0011336,2017C13,2228,65,65,OUT)'),
(349, '2954585', '2018-01-22|18:09:21', 'INSERT', 'CatalogoProducto (EXCEL)', 'INSERT INTO CatalogoProducto VALUES (0011010,2017C13,1718,42,42,OUT)'),
(350, '2954585', '2018-01-22|18:09:21', 'INSERT', 'CatalogoProducto (EXCEL)', 'INSERT INTO CatalogoProducto VALUES (0011011,2017C13,1719,42,42,OUT)'),
(351, '2954585', '2018-01-22|18:09:21', 'INSERT', 'CatalogoProducto (EXCEL)', 'INSERT INTO CatalogoProducto VALUES (0011009,2017C13,1720,42,42,OUT)'),
(352, '2954585', '2018-01-22|18:09:21', 'INSERT', 'CatalogoProducto (EXCEL)', 'INSERT INTO CatalogoProducto VALUES (0011127,2017C13,1663,42,42,OUT)'),
(353, '2954585', '2018-01-22|18:09:21', 'INSERT', 'CatalogoProducto (EXCEL)', 'INSERT INTO CatalogoProducto VALUES (0011359,2017C13,1761,42,42,OUT)'),
(354, '2954585', '2018-01-22|18:09:21', 'INSERT', 'CatalogoProducto (EXCEL)', 'INSERT INTO CatalogoProducto VALUES (0011260,2017C13,2219,55,55,OUT)'),
(355, '2954585', '2018-01-22|18:09:21', 'INSERT', 'CatalogoProducto (EXCEL)', 'INSERT INTO CatalogoProducto VALUES (0011426,2017C13,2237,35,55,0.35)'),
(356, '2954585', '2018-01-22|18:09:21', 'INSERT', 'CatalogoProducto (EXCEL)', 'INSERT INTO CatalogoProducto VALUES (0011261,2017C13,2218,35,55,0.35)'),
(357, '2954585', '2018-01-22|18:09:21', 'INSERT', 'CatalogoProducto (EXCEL)', 'INSERT INTO CatalogoProducto VALUES (0011262,2017C13,2220,35,55,0.35)'),
(358, '2954585', '2018-01-22|18:09:21', 'INSERT', 'CatalogoProducto (EXCEL)', 'INSERT INTO CatalogoProducto VALUES (0011361,2017C13,1742,40,40,OUT)'),
(359, '2954585', '2018-01-22|18:09:21', 'INSERT', 'CatalogoProducto (EXCEL)', 'INSERT INTO CatalogoProducto VALUES (0011366,2017C13,1743,40,40,OUT)'),
(360, '2954585', '2018-01-22|18:09:21', 'INSERT', 'CatalogoProducto (EXCEL)', 'INSERT INTO CatalogoProducto VALUES (0011367,2017C13,1744,40,40,OUT)'),
(361, '2954585', '2018-01-22|18:09:21', 'INSERT', 'CatalogoProducto (EXCEL)', 'INSERT INTO CatalogoProducto VALUES (0011088,2017C13,1721,95,95,OUT)'),
(362, '2954585', '2018-01-22|18:09:21', 'INSERT', 'CatalogoProducto (EXCEL)', 'INSERT INTO CatalogoProducto VALUES (0005149,2017C13,1714,59,98,35% + CAPI (2X S/.70))'),
(363, '2954585', '2018-01-22|18:09:21', 'INSERT', 'CatalogoProducto (EXCEL)', 'INSERT INTO CatalogoProducto VALUES (0005150,2017C13,1715,90,90,OUT)'),
(364, '2954585', '2018-01-22|18:09:21', 'INSERT', 'CatalogoProducto (EXCEL)', 'INSERT INTO CatalogoProducto VALUES (0011084,2017C13,1757,54,54,2X1)'),
(365, '2954585', '2018-01-22|18:09:21', 'INSERT', 'CatalogoProducto (EXCEL)', 'INSERT INTO CatalogoProducto VALUES (0011083,2017C13,1758,54,54,2X1)'),
(366, '2954585', '2018-01-22|18:09:21', 'INSERT', 'CatalogoProducto (EXCEL)', 'INSERT INTO CatalogoProducto VALUES (0011087,2017C13,1759,60,60,2X1)'),
(367, '2954585', '2018-01-22|18:09:21', 'INSERT', 'CatalogoProducto (EXCEL)', 'INSERT INTO CatalogoProducto VALUES (0011086,2017C13,1760,60,60,2X1)'),
(368, '2954585', '2018-01-22|18:09:21', 'INSERT', 'CatalogoProducto (EXCEL)', 'INSERT INTO CatalogoProducto VALUES (0011462,2017C13,1781,29,58,PI)'),
(369, '2954585', '2018-01-22|18:09:21', 'INSERT', 'CatalogoProducto (EXCEL)', 'INSERT INTO CatalogoProducto VALUES (0011461,2017C13,1782,34,62,0.45)'),
(370, '2954585', '2018-01-22|18:09:21', 'INSERT', 'CatalogoProducto (EXCEL)', 'INSERT INTO CatalogoProducto VALUES (0004002,2017C13,2217,85,125,30% / OE N1 y N2)'),
(371, '2954585', '2018-01-22|18:09:21', 'INSERT', 'CatalogoProducto (EXCEL)', 'INSERT INTO CatalogoProducto VALUES (0004770,2017C13,2183,85,125,30% / OE N2)'),
(372, '2954585', '2018-01-22|18:09:21', 'INSERT', 'CatalogoProducto (EXCEL)', 'INSERT INTO CatalogoProducto VALUES (0004880,2017C13,2189,172,172,OUT / PT X RECOM)'),
(373, '2954585', '2018-01-22|18:09:21', 'INSERT', 'CatalogoProducto (EXCEL)', 'INSERT INTO CatalogoProducto VALUES (0003726,2017C13,2058,109,172,35%  + CAPI / PT X RECOM)'),
(374, '2954585', '2018-01-22|18:09:21', 'INSERT', 'CatalogoProducto (EXCEL)', 'INSERT INTO CatalogoProducto VALUES (0011209,2017C13,2059,44,44,OUT)'),
(375, '2954585', '2018-01-22|18:09:21', 'INSERT', 'CatalogoProducto (EXCEL)', 'INSERT INTO CatalogoProducto VALUES (0011229,2017C13,1770,12.9,28,PI)'),
(376, '2954585', '2018-01-22|18:09:21', 'INSERT', 'CatalogoProducto (EXCEL)', 'INSERT INTO CatalogoProducto VALUES (0005030,2017C13,2215,115,172,0.3)'),
(377, '2954585', '2018-01-22|18:09:21', 'INSERT', 'CatalogoProducto (EXCEL)', 'INSERT INTO CatalogoProducto VALUES (0005120,2017C13,2213,172,172,OUT)'),
(378, '2954585', '2018-01-22|18:09:21', 'INSERT', 'CatalogoProducto (EXCEL)', 'INSERT INTO CatalogoProducto VALUES (0011066,2017C13,2244,85,125,30% + REPEAT + DISCOVER)'),
(379, '2954585', '2018-01-22|18:09:21', 'INSERT', 'CatalogoProducto (EXCEL)', 'INSERT INTO CatalogoProducto VALUES (0011358,2017C13,2230,190,190,OUT)'),
(380, '2954585', '2018-01-22|18:09:21', 'INSERT', 'CatalogoProducto (EXCEL)', 'INSERT INTO CatalogoProducto VALUES (0011304,2017C13,2234,122,195,35% CXC CXC BILLETERA BARLO)'),
(381, '2954585', '2018-01-22|18:09:21', 'INSERT', 'CatalogoProducto (EXCEL)', 'INSERT INTO CatalogoProducto VALUES (0002645,2017C13,2074,190,190,SET CON DEO 45%)'),
(382, '2954585', '2018-01-22|18:09:21', 'INSERT', 'CatalogoProducto (EXCEL)', 'INSERT INTO CatalogoProducto VALUES (0011207,2017C13,1696,44,44,OUT)'),
(383, '2954585', '2018-01-22|18:09:21', 'INSERT', 'CatalogoProducto (EXCEL)', 'INSERT INTO CatalogoProducto VALUES (0011232,2017C13,1773,28,28,SET 45%)'),
(384, '2954585', '2018-01-22|18:09:21', 'INSERT', 'CatalogoProducto (EXCEL)', 'INSERT INTO CatalogoProducto VALUES (0000883,2017C13,2077,125,190,0.3)'),
(385, '2954585', '2018-01-22|18:09:21', 'INSERT', 'CatalogoProducto (EXCEL)', 'INSERT INTO CatalogoProducto VALUES (0011210,2017C13,2078,44,44,OUT)'),
(386, '2954585', '2018-01-22|18:09:21', 'INSERT', 'CatalogoProducto (EXCEL)', 'INSERT INTO CatalogoProducto VALUES (0011230,2017C13,1771,12.9,28,PI / SET 45%)'),
(387, '2954585', '2018-01-22|18:09:21', 'INSERT', 'CatalogoProducto (EXCEL)', 'INSERT INTO CatalogoProducto VALUES (0004683,2017C13,2199,128,208,35% + CAPI + CCUU + DISCOVER)'),
(388, '2954585', '2018-01-22|18:09:21', 'INSERT', 'CatalogoProducto (EXCEL)', 'INSERT INTO CatalogoProducto VALUES (0005029,2017C13,2214,99,185,0.45)'),
(389, '2954585', '2018-01-22|18:09:21', 'INSERT', 'CatalogoProducto (EXCEL)', 'INSERT INTO CatalogoProducto VALUES (0011211,2017C13,1697,44,44,OUT)'),
(390, '2954585', '2018-01-22|18:09:21', 'INSERT', 'CatalogoProducto (EXCEL)', 'INSERT INTO CatalogoProducto VALUES (0011231,2017C13,1772,12.9,28,PI)'),
(391, '2954585', '2018-01-22|18:09:21', 'INSERT', 'CatalogoProducto (EXCEL)', 'INSERT INTO CatalogoProducto VALUES (0004493,2017C13,2154,120,120,OUT)'),
(392, '2954585', '2018-01-22|18:09:21', 'INSERT', 'CatalogoProducto (EXCEL)', 'INSERT INTO CatalogoProducto VALUES (0005135,2017C13,2227,115,172,0.3)'),
(393, '2954585', '2018-01-22|18:09:21', 'INSERT', 'CatalogoProducto (EXCEL)', 'INSERT INTO CatalogoProducto VALUES (0011208,2017C13,2093,44,44,OUT)'),
(394, '2954585', '2018-01-22|18:09:21', 'INSERT', 'CatalogoProducto (EXCEL)', 'INSERT INTO CatalogoProducto VALUES (0011233,2017C13,1774,12.9,28,SET 45%)'),
(395, '2954585', '2018-01-22|18:09:21', 'INSERT', 'CatalogoProducto (EXCEL)', 'INSERT INTO CatalogoProducto VALUES (0004495,2017C13,2171,125,190,0.3)'),
(396, '2954585', '2018-01-22|18:09:21', 'INSERT', 'CatalogoProducto (EXCEL)', 'INSERT INTO CatalogoProducto VALUES (0011212,2017C13,1717,44,44,OUT)'),
(397, '2954585', '2018-01-22|18:09:21', 'INSERT', 'CatalogoProducto (EXCEL)', 'INSERT INTO CatalogoProducto VALUES (0011240,2017C13,1775,12.9,28,PI)'),
(398, '2954585', '2018-01-22|18:09:21', 'INSERT', 'CatalogoProducto (EXCEL)', 'INSERT INTO CatalogoProducto VALUES (0011001,2017C13,2225,125,190,0.3)'),
(399, '2954585', '2018-01-22|18:09:21', 'INSERT', 'CatalogoProducto (EXCEL)', 'INSERT INTO CatalogoProducto VALUES (0004834,2017C13,2201,120,120,OUT)'),
(400, '2954585', '2018-01-22|18:09:21', 'INSERT', 'CatalogoProducto (EXCEL)', 'INSERT INTO CatalogoProducto VALUES (0003725,2017C13,2224,48,100,MPA 50%)'),
(401, '2954585', '2018-01-22|18:09:21', 'INSERT', 'CatalogoProducto (EXCEL)', 'INSERT INTO CatalogoProducto VALUES (0005157,2017C13,1729,27,55,PI)'),
(402, '2954585', '2018-01-22|18:09:21', 'INSERT', 'CatalogoProducto (EXCEL)', 'INSERT INTO CatalogoProducto VALUES (0005147,2017C13,89,35,54,0.35)'),
(403, '2954585', '2018-01-22|18:09:21', 'INSERT', 'CatalogoProducto (EXCEL)', 'INSERT INTO CatalogoProducto VALUES (0005148,2017C13,90,35,54,0.35)'),
(404, '2954585', '2018-01-22|18:09:21', 'INSERT', 'CatalogoProducto (EXCEL)', 'INSERT INTO CatalogoProducto VALUES (0004647,2017C13,77,59,92,0.35)'),
(405, '2954585', '2018-01-22|18:09:21', 'INSERT', 'CatalogoProducto (EXCEL)', 'INSERT INTO CatalogoProducto VALUES (0011017,2017C13,1730,12.9,26,PI)'),
(406, '2954585', '2018-01-22|18:15:29', 'INSERT', 'Catalogo', 'INSERT INTO Catalogo(idCatalogo, idCampana, stock, tipo, fecha, fechaInicio, fechaFin) VALUES (2018C1,1,0,Productos,2018-01-22,2018-01-01,2018-01-26)'),
(407, '2954585', '2018-01-22|18:15:29', 'INSERT', 'Producto', 'INSERT INTO Producto VALUES (2018C1,3,10,\r\n                  4,1,2,2954585,1,1,Catálogo 2018C1,Catálogo 2018C1,Catálogo,\r\n                  0,null,null,2018-01-22)'),
(408, '2954585', '2018-01-22|18:16:13', 'INSERT', 'CatalogoProducto (EXCEL)', 'INSERT INTO CatalogoProducto VALUES (0004830,2018C1,11,42,66,0.35)'),
(409, '2954585', '2018-01-22|18:16:13', 'INSERT', 'CatalogoProducto (EXCEL)', 'INSERT INTO CatalogoProducto VALUES (0004829,2018C1,12,42,66,0.35)'),
(410, '2954585', '2018-01-22|18:16:13', 'INSERT', 'CatalogoProducto (EXCEL)', 'INSERT INTO CatalogoProducto VALUES (0011180,2018C1,13,42,65,0.35)'),
(411, '2954585', '2018-01-22|18:16:13', 'INSERT', 'CatalogoProducto (EXCEL)', 'INSERT INTO CatalogoProducto VALUES (0011272,2018C1,14,42,65,0.35)'),
(412, '2954585', '2018-01-22|18:16:13', 'INSERT', 'CatalogoProducto (EXCEL)', 'INSERT INTO CatalogoProducto VALUES (0004734,2018C1,15,85,131,0.35)'),
(413, '2954585', '2018-01-22|18:16:13', 'INSERT', 'CatalogoProducto (EXCEL)', 'INSERT INTO CatalogoProducto VALUES (0004733,2018C1,17,109,205,0.45)'),
(414, '2954585', '2018-01-22|18:16:13', 'INSERT', 'CatalogoProducto (EXCEL)', 'INSERT INTO CatalogoProducto VALUES (0004653,2018C1,19,119,188,0.35)'),
(415, '2954585', '2018-01-22|18:16:13', 'INSERT', 'CatalogoProducto (EXCEL)', 'INSERT INTO CatalogoProducto VALUES (0011266,2018C1,143,139,240,0.4)'),
(416, '2954585', '2018-01-22|18:16:13', 'INSERT', 'CatalogoProducto (EXCEL)', 'INSERT INTO CatalogoProducto VALUES (0004671,2018C1,5,28.5,57,MPA 50%)'),
(417, '2954585', '2018-01-22|18:16:13', 'INSERT', 'CatalogoProducto (EXCEL)', 'INSERT INTO CatalogoProducto VALUES (0004655,2018C1,1,28.5,57,MPA 50%)'),
(418, '2954585', '2018-01-22|18:16:13', 'INSERT', 'CatalogoProducto (EXCEL)', 'INSERT INTO CatalogoProducto VALUES (0004652,2018C1,8,62,98,0.35)'),
(419, '2954585', '2018-01-22|18:16:13', 'INSERT', 'CatalogoProducto (EXCEL)', 'INSERT INTO CatalogoProducto VALUES (0005069,2018C1,20,79,153,0.45)'),
(420, '2954585', '2018-01-22|18:16:13', 'INSERT', 'CatalogoProducto (EXCEL)', 'INSERT INTO CatalogoProducto VALUES (0004651,2018C1,9,55,89,0.35)'),
(421, '2954585', '2018-01-22|18:16:13', 'INSERT', 'CatalogoProducto (EXCEL)', 'INSERT INTO CatalogoProducto VALUES (0004654,2018C1,2,25.5,51,MPA 50%)'),
(422, '2954585', '2018-01-22|18:16:13', 'INSERT', 'CatalogoProducto (EXCEL)', 'INSERT INTO CatalogoProducto VALUES (0004670,2018C1,6,25.5,51,MPA 50%)'),
(423, '2954585', '2018-01-22|18:16:13', 'INSERT', 'CatalogoProducto (EXCEL)', 'INSERT INTO CatalogoProducto VALUES (0004630,2018C1,18,94,149,0.35)'),
(424, '2954585', '2018-01-22|18:16:13', 'INSERT', 'CatalogoProducto (EXCEL)', 'INSERT INTO CatalogoProducto VALUES (0011471,2018C1,7,62,98,CAPI (62/40))'),
(425, '2954585', '2018-01-22|18:16:13', 'INSERT', 'CatalogoProducto (EXCEL)', 'INSERT INTO CatalogoProducto VALUES (0011028,2018C1,67,62,98,CAPI (62/40))'),
(426, '2954585', '2018-01-22|18:16:13', 'INSERT', 'CatalogoProducto (EXCEL)', 'INSERT INTO CatalogoProducto VALUES (0004750,2018C1,3,39,69,0.4)'),
(427, '2954585', '2018-01-22|18:16:13', 'INSERT', 'CatalogoProducto (EXCEL)', 'INSERT INTO CatalogoProducto VALUES (0004828,2018C1,21,105,178,0.4)'),
(428, '2954585', '2018-01-22|18:16:13', 'INSERT', 'CatalogoProducto (EXCEL)', 'INSERT INTO CatalogoProducto VALUES (0005009,2018C1,64,115,195,0.4)'),
(429, '2954585', '2018-01-22|18:16:13', 'INSERT', 'CatalogoProducto (EXCEL)', 'INSERT INTO CatalogoProducto VALUES (0011517,2018C1,31,85,85,OUT)'),
(430, '2954585', '2018-01-22|18:16:13', 'INSERT', 'CatalogoProducto (EXCEL)', 'INSERT INTO CatalogoProducto VALUES (0004348,2018C1,24,64,110,0.4)'),
(431, '2954585', '2018-01-22|18:16:13', 'INSERT', 'CatalogoProducto (EXCEL)', 'INSERT INTO CatalogoProducto VALUES (0011029,2018C1,4008,48,48,OUT- boletin S/.29.90)'),
(432, '2954585', '2018-01-22|18:16:13', 'INSERT', 'CatalogoProducto (EXCEL)', 'INSERT INTO CatalogoProducto VALUES (0011030,2018C1,4009,48,48,OUT- boletin S/.29.90)'),
(433, '2954585', '2018-01-22|18:16:13', 'INSERT', 'CatalogoProducto (EXCEL)', 'INSERT INTO CatalogoProducto VALUES (0011031,2018C1,4010,48,48,OUT- boletin S/.29.90)'),
(434, '2954585', '2018-01-22|18:16:13', 'INSERT', 'CatalogoProducto (EXCEL)', 'INSERT INTO CatalogoProducto VALUES (0004936,2018C1,4023,56,81,0.3)'),
(435, '2954585', '2018-01-22|18:16:13', 'INSERT', 'CatalogoProducto (EXCEL)', 'INSERT INTO CatalogoProducto VALUES (0004937,2018C1,4024,56,81,0.3)'),
(436, '2954585', '2018-01-22|18:16:13', 'INSERT', 'CatalogoProducto (EXCEL)', 'INSERT INTO CatalogoProducto VALUES (0004938,2018C1,4025,56,81,0.3)'),
(437, '2954585', '2018-01-22|18:16:13', 'INSERT', 'CatalogoProducto (EXCEL)', 'INSERT INTO CatalogoProducto VALUES (0004939,2018C1,4026,56,81,0.3)'),
(438, '2954585', '2018-01-22|18:16:13', 'INSERT', 'CatalogoProducto (EXCEL)', 'INSERT INTO CatalogoProducto VALUES (0004940,2018C1,4027,56,81,0.3)'),
(439, '2954585', '2018-01-22|18:16:13', 'INSERT', 'CatalogoProducto (EXCEL)', 'INSERT INTO CatalogoProducto VALUES (0004942,2018C1,4029,56,81,0.3)'),
(440, '2954585', '2018-01-22|18:16:13', 'INSERT', 'CatalogoProducto (EXCEL)', 'INSERT INTO CatalogoProducto VALUES (0004943,2018C1,4030,56,81,0.3)'),
(441, '2954585', '2018-01-22|18:16:13', 'INSERT', 'CatalogoProducto (EXCEL)', 'INSERT INTO CatalogoProducto VALUES (0004944,2018C1,4031,56,81,0.3)'),
(442, '2954585', '2018-01-22|18:16:13', 'INSERT', 'CatalogoProducto (EXCEL)', 'INSERT INTO CatalogoProducto VALUES (0004945,2018C1,4032,56,81,0.3)'),
(443, '2954585', '2018-01-22|18:16:13', 'INSERT', 'CatalogoProducto (EXCEL)', 'INSERT INTO CatalogoProducto VALUES (0004946,2018C1,4033,56,81,0.3)'),
(444, '2954585', '2018-01-22|18:16:13', 'INSERT', 'CatalogoProducto (EXCEL)', 'INSERT INTO CatalogoProducto VALUES (0005106,2018C1,4684,54,99,MPA 45%)'),
(445, '2954585', '2018-01-22|18:16:13', 'INSERT', 'CatalogoProducto (EXCEL)', 'INSERT INTO CatalogoProducto VALUES (0005107,2018C1,4685,54,99,MPA 45%)'),
(446, '2954585', '2018-01-22|18:16:13', 'INSERT', 'CatalogoProducto (EXCEL)', 'INSERT INTO CatalogoProducto VALUES (0005108,2018C1,4686,54,99,MPA 45%)'),
(447, '2954585', '2018-01-22|18:16:13', 'INSERT', 'CatalogoProducto (EXCEL)', 'INSERT INTO CatalogoProducto VALUES (0005109,2018C1,4687,54,99,MPA 45%)'),
(448, '2954585', '2018-01-22|18:16:13', 'INSERT', 'CatalogoProducto (EXCEL)', 'INSERT INTO CatalogoProducto VALUES (0005110,2018C1,4039,54,99,MPA 45%)'),
(449, '2954585', '2018-01-22|18:16:13', 'INSERT', 'CatalogoProducto (EXCEL)', 'INSERT INTO CatalogoProducto VALUES (0004849,2018C1,4000,48,74,0.35)'),
(450, '2954585', '2018-01-22|18:16:13', 'INSERT', 'CatalogoProducto (EXCEL)', 'INSERT INTO CatalogoProducto VALUES (0004850,2018C1,4001,48,74,0.35)'),
(451, '2954585', '2018-01-22|18:16:13', 'INSERT', 'CatalogoProducto (EXCEL)', 'INSERT INTO CatalogoProducto VALUES (0004851,2018C1,4002,48,74,0.35)'),
(452, '2954585', '2018-01-22|18:16:13', 'INSERT', 'CatalogoProducto (EXCEL)', 'INSERT INTO CatalogoProducto VALUES (0005102,2018C1,4004,78,78,OUT - Boletin S/.50)'),
(453, '2954585', '2018-01-22|18:16:13', 'INSERT', 'CatalogoProducto (EXCEL)', 'INSERT INTO CatalogoProducto VALUES (0005103,2018C1,4005,78,78,OUT - Boletin S/.50)'),
(454, '2954585', '2018-01-22|18:16:13', 'INSERT', 'CatalogoProducto (EXCEL)', 'INSERT INTO CatalogoProducto VALUES (0005104,2018C1,4006,78,78,OUT - Boletin S/.50)'),
(455, '2954585', '2018-01-22|18:16:13', 'INSERT', 'CatalogoProducto (EXCEL)', 'INSERT INTO CatalogoProducto VALUES (0005099,2018C1,4041,58,91,20+20%)'),
(456, '2954585', '2018-01-22|18:16:13', 'INSERT', 'CatalogoProducto (EXCEL)', 'INSERT INTO CatalogoProducto VALUES (0005100,2018C1,4042,58,91,20+20%)'),
(457, '2954585', '2018-01-22|18:16:13', 'INSERT', 'CatalogoProducto (EXCEL)', 'INSERT INTO CatalogoProducto VALUES (0005101,2018C1,4043,58,91,20+20%)'),
(458, '2954585', '2018-01-22|18:16:13', 'INSERT', 'CatalogoProducto (EXCEL)', 'INSERT INTO CatalogoProducto VALUES (0004884,2018C1,4015,50,78,0.35)'),
(459, '2954585', '2018-01-22|18:16:13', 'INSERT', 'CatalogoProducto (EXCEL)', 'INSERT INTO CatalogoProducto VALUES (0004885,2018C1,4018,50,78,0.35)'),
(460, '2954585', '2018-01-22|18:16:13', 'INSERT', 'CatalogoProducto (EXCEL)', 'INSERT INTO CatalogoProducto VALUES (0004886,2018C1,4021,50,78,0.35)'),
(461, '2954585', '2018-01-22|18:16:13', 'INSERT', 'CatalogoProducto (EXCEL)', 'INSERT INTO CatalogoProducto VALUES (0004887,2018C1,4017,50,78,0.35)'),
(462, '2954585', '2018-01-22|18:16:13', 'INSERT', 'CatalogoProducto (EXCEL)', 'INSERT INTO CatalogoProducto VALUES (0004888,2018C1,4012,50,78,35% (SUG))'),
(463, '2954585', '2018-01-22|18:16:13', 'INSERT', 'CatalogoProducto (EXCEL)', 'INSERT INTO CatalogoProducto VALUES (0004889,2018C1,4016,50,78,0.35)'),
(464, '2954585', '2018-01-22|18:16:13', 'INSERT', 'CatalogoProducto (EXCEL)', 'INSERT INTO CatalogoProducto VALUES (0011372,2018C1,4674,28.9,57,PD S/ 28.90)'),
(465, '2954585', '2018-01-22|18:16:13', 'INSERT', 'CatalogoProducto (EXCEL)', 'INSERT INTO CatalogoProducto VALUES (0011373,2018C1,4671,28.9,57,PD S/ 28.90 (SUG))'),
(466, '2954585', '2018-01-22|18:16:13', 'INSERT', 'CatalogoProducto (EXCEL)', 'INSERT INTO CatalogoProducto VALUES (0011393,2018C1,4672,28.9,57,PD S/ 28.90)'),
(467, '2954585', '2018-01-22|18:16:13', 'INSERT', 'CatalogoProducto (EXCEL)', 'INSERT INTO CatalogoProducto VALUES (0011394,2018C1,4673,28.9,57,PD S/ 28.90)'),
(468, '2954585', '2018-01-22|18:16:13', 'INSERT', 'CatalogoProducto (EXCEL)', 'INSERT INTO CatalogoProducto VALUES (0011395,2018C1,4675,28.9,57,PD S/ 28.90 (SUG))'),
(469, '2954585', '2018-01-22|18:16:13', 'INSERT', 'CatalogoProducto (EXCEL)', 'INSERT INTO CatalogoProducto VALUES (0011464,2018C1,4669,26.9,54,PD S/ 26.90)'),
(470, '2954585', '2018-01-22|18:16:13', 'INSERT', 'CatalogoProducto (EXCEL)', 'INSERT INTO CatalogoProducto VALUES (0011465,2018C1,4670,26.9,54,PD S/ 26.90 (SUG))'),
(471, '2954585', '2018-01-22|18:16:13', 'INSERT', 'CatalogoProducto (EXCEL)', 'INSERT INTO CatalogoProducto VALUES (0004836,2018C1,4121,75,75,OUT)'),
(472, '2954585', '2018-01-22|18:16:13', 'INSERT', 'CatalogoProducto (EXCEL)', 'INSERT INTO CatalogoProducto VALUES (0004837,2018C1,4122,75,75,OUT)'),
(473, '2954585', '2018-01-22|18:16:13', 'INSERT', 'CatalogoProducto (EXCEL)', 'INSERT INTO CatalogoProducto VALUES (0004838,2018C1,4123,75,75,OUT)'),
(474, '2954585', '2018-01-22|18:16:13', 'INSERT', 'CatalogoProducto (EXCEL)', 'INSERT INTO CatalogoProducto VALUES (0004839,2018C1,4124,75,75,OUT)'),
(475, '2954585', '2018-01-22|18:16:13', 'INSERT', 'CatalogoProducto (EXCEL)', 'INSERT INTO CatalogoProducto VALUES (0004845,2018C1,4130,75,75,OUT)'),
(476, '2954585', '2018-01-22|18:16:13', 'INSERT', 'CatalogoProducto (EXCEL)', 'INSERT INTO CatalogoProducto VALUES (0004843,2018C1,4128,75,75,OUT)'),
(477, '2954585', '2018-01-22|18:16:13', 'INSERT', 'CatalogoProducto (EXCEL)', 'INSERT INTO CatalogoProducto VALUES (0004841,2018C1,4126,75,75,OUT)'),
(478, '2954585', '2018-01-22|18:16:13', 'INSERT', 'CatalogoProducto (EXCEL)', 'INSERT INTO CatalogoProducto VALUES (0011064,2018C1,4127,75,75,OUT)'),
(479, '2954585', '2018-01-22|18:16:13', 'INSERT', 'CatalogoProducto (EXCEL)', 'INSERT INTO CatalogoProducto VALUES (0011278,2018C1,4667,39.9,68,PD S/ 39.90)'),
(480, '2954585', '2018-01-22|18:16:13', 'INSERT', 'CatalogoProducto (EXCEL)', 'INSERT INTO CatalogoProducto VALUES (0011279,2018C1,4658,39.9,68,PD S/ 39.90)'),
(481, '2954585', '2018-01-22|18:16:13', 'INSERT', 'CatalogoProducto (EXCEL)', 'INSERT INTO CatalogoProducto VALUES (0005139,2018C1,4471,61.9,97,PD S/ 61.90)'),
(482, '2954585', '2018-01-22|18:16:13', 'INSERT', 'CatalogoProducto (EXCEL)', 'INSERT INTO CatalogoProducto VALUES (0011639,2018C1,4703,61.9,97,PD S/ 61.90)'),
(483, '2954585', '2018-01-22|18:16:13', 'INSERT', 'CatalogoProducto (EXCEL)', 'INSERT INTO CatalogoProducto VALUES (0005140,2018C1,4472,61.9,97,PD S/ 61.90)'),
(484, '2954585', '2018-01-22|18:16:13', 'INSERT', 'CatalogoProducto (EXCEL)', 'INSERT INTO CatalogoProducto VALUES (0011512,2018C1,4618,61.9,97,OUT)'),
(485, '2954585', '2018-01-22|18:16:13', 'INSERT', 'CatalogoProducto (EXCEL)', 'INSERT INTO CatalogoProducto VALUES (0004422,2018C1,4118,60,60,OUT)'),
(486, '2954585', '2018-01-22|18:16:13', 'INSERT', 'CatalogoProducto (EXCEL)', 'INSERT INTO CatalogoProducto VALUES (0011334,2018C1,4681,64,64,OUT)'),
(487, '2954585', '2018-01-22|18:16:13', 'INSERT', 'CatalogoProducto (EXCEL)', 'INSERT INTO CatalogoProducto VALUES (0011333,2018C1,4683,32,54,40% (Especial WP))'),
(488, '2954585', '2018-01-22|18:16:13', 'INSERT', 'CatalogoProducto (EXCEL)', 'INSERT INTO CatalogoProducto VALUES (0011277,2018C1,4094,39,56,30% + Capi (Especial WP))'),
(489, '2954585', '2018-01-22|18:16:13', 'INSERT', 'CatalogoProducto (EXCEL)', 'INSERT INTO CatalogoProducto VALUES (0011370,2018C1,4682,27,46,40% (Especial WP))'),
(490, '2954585', '2018-01-22|18:16:13', 'INSERT', 'CatalogoProducto (EXCEL)', 'INSERT INTO CatalogoProducto VALUES (0003529,2018C1,4153,50,50,OUT)'),
(491, '2954585', '2018-01-22|18:16:13', 'INSERT', 'CatalogoProducto (EXCEL)', 'INSERT INTO CatalogoProducto VALUES (0003911,2018C1,4157,32,50,0.35)'),
(492, '2954585', '2018-01-22|18:16:13', 'INSERT', 'CatalogoProducto (EXCEL)', 'INSERT INTO CatalogoProducto VALUES (0011251,2018C1,4159,32,54,0.4)'),
(493, '2954585', '2018-01-22|18:16:13', 'INSERT', 'CatalogoProducto (EXCEL)', 'INSERT INTO CatalogoProducto VALUES (0011252,2018C1,4160,32,54,0.4)'),
(494, '2954585', '2018-01-22|18:16:13', 'INSERT', 'CatalogoProducto (EXCEL)', 'INSERT INTO CatalogoProducto VALUES (0011253,2018C1,4161,32,54,0.4)'),
(495, '2954585', '2018-01-22|18:16:13', 'INSERT', 'CatalogoProducto (EXCEL)', 'INSERT INTO CatalogoProducto VALUES (0011112,2018C1,4474,43,43,OUT)'),
(496, '2954585', '2018-01-22|18:16:13', 'INSERT', 'CatalogoProducto (EXCEL)', 'INSERT INTO CatalogoProducto VALUES (0011085,2018C1,4473,43,43,OUT)'),
(497, '2954585', '2018-01-22|18:16:13', 'INSERT', 'CatalogoProducto (EXCEL)', 'INSERT INTO CatalogoProducto VALUES (0004153,2018C1,4162,62,62,OUT)'),
(498, '2954585', '2018-01-22|18:16:13', 'INSERT', 'CatalogoProducto (EXCEL)', 'INSERT INTO CatalogoProducto VALUES (0011218,2018C1,4163,27,39,30% CxC Tajador)'),
(499, '2954585', '2018-01-22|18:16:13', 'INSERT', 'CatalogoProducto (EXCEL)', 'INSERT INTO CatalogoProducto VALUES (0011024,2018C1,4141,39,39,OUT)'),
(500, '2954585', '2018-01-22|18:16:13', 'INSERT', 'CatalogoProducto (EXCEL)', 'INSERT INTO CatalogoProducto VALUES (0011213,2018C1,4142,39,39,OUT)'),
(501, '2954585', '2018-01-22|18:16:13', 'INSERT', 'CatalogoProducto (EXCEL)', 'INSERT INTO CatalogoProducto VALUES (0011216,2018C1,4148,39,39,OUT)'),
(502, '2954585', '2018-01-22|18:16:13', 'INSERT', 'CatalogoProducto (EXCEL)', 'INSERT INTO CatalogoProducto VALUES (0011215,2018C1,4143,39,39,OUT)'),
(503, '2954585', '2018-01-22|18:16:13', 'INSERT', 'CatalogoProducto (EXCEL)', 'INSERT INTO CatalogoProducto VALUES (0011263,2018C1,4665,19.9,38,PD S/ 19.90)'),
(504, '2954585', '2018-01-22|18:16:13', 'INSERT', 'CatalogoProducto (EXCEL)', 'INSERT INTO CatalogoProducto VALUES (0004891,2018C1,4067,32,50,OUT)'),
(505, '2954585', '2018-01-22|18:16:13', 'INSERT', 'CatalogoProducto (EXCEL)', 'INSERT INTO CatalogoProducto VALUES (0004893,2018C1,4045,32,50,20+20%)'),
(506, '2954585', '2018-01-22|18:16:13', 'INSERT', 'CatalogoProducto (EXCEL)', 'INSERT INTO CatalogoProducto VALUES (0004896,2018C1,4054,32,50,OUT)'),
(507, '2954585', '2018-01-22|18:16:13', 'INSERT', 'CatalogoProducto (EXCEL)', 'INSERT INTO CatalogoProducto VALUES (0004892,2018C1,4044,32,50,20+20%)'),
(508, '2954585', '2018-01-22|18:16:13', 'INSERT', 'CatalogoProducto (EXCEL)', 'INSERT INTO CatalogoProducto VALUES (0004894,2018C1,4052,32,50,20+20%)'),
(509, '2954585', '2018-01-22|18:16:13', 'INSERT', 'CatalogoProducto (EXCEL)', 'INSERT INTO CatalogoProducto VALUES (0004901,2018C1,4061,32,50,OUT)'),
(510, '2954585', '2018-01-22|18:16:13', 'INSERT', 'CatalogoProducto (EXCEL)', 'INSERT INTO CatalogoProducto VALUES (0004898,2018C1,4062,32,50,20+20%)'),
(511, '2954585', '2018-01-22|18:16:13', 'INSERT', 'CatalogoProducto (EXCEL)', 'INSERT INTO CatalogoProducto VALUES (0004902,2018C1,4055,32,50,20+20%)'),
(512, '2954585', '2018-01-22|18:16:13', 'INSERT', 'CatalogoProducto (EXCEL)', 'INSERT INTO CatalogoProducto VALUES (0004895,2018C1,4053,32,50,20+20%)'),
(513, '2954585', '2018-01-22|18:16:13', 'INSERT', 'CatalogoProducto (EXCEL)', 'INSERT INTO CatalogoProducto VALUES (0004897,2018C1,4065,32,50,20+20%)'),
(514, '2954585', '2018-01-22|18:16:13', 'INSERT', 'CatalogoProducto (EXCEL)', 'INSERT INTO CatalogoProducto VALUES (0004900,2018C1,4049,32,50,20+20%)'),
(515, '2954585', '2018-01-22|18:16:13', 'INSERT', 'CatalogoProducto (EXCEL)', 'INSERT INTO CatalogoProducto VALUES (0004966,2018C1,4064,32,50,20+20%)'),
(516, '2954585', '2018-01-22|18:16:13', 'INSERT', 'CatalogoProducto (EXCEL)', 'INSERT INTO CatalogoProducto VALUES (0004890,2018C1,4066,32,50,OUT)'),
(517, '2954585', '2018-01-22|18:16:13', 'INSERT', 'CatalogoProducto (EXCEL)', 'INSERT INTO CatalogoProducto VALUES (0011536,2018C1,4644,32,50,20+20%)'),
(518, '2954585', '2018-01-22|18:16:13', 'INSERT', 'CatalogoProducto (EXCEL)', 'INSERT INTO CatalogoProducto VALUES (0011447,2018C1,4606,32,50,20+20%)'),
(519, '2954585', '2018-01-22|18:16:13', 'INSERT', 'CatalogoProducto (EXCEL)', 'INSERT INTO CatalogoProducto VALUES (0011449,2018C1,4608,32,50,20+20%)'),
(520, '2954585', '2018-01-22|18:16:13', 'INSERT', 'CatalogoProducto (EXCEL)', 'INSERT INTO CatalogoProducto VALUES (0011450,2018C1,4609,32,50,20+20%)'),
(521, '2954585', '2018-01-22|18:16:13', 'INSERT', 'CatalogoProducto (EXCEL)', 'INSERT INTO CatalogoProducto VALUES (0011451,2018C1,4610,32,50,20+20%)'),
(522, '2954585', '2018-01-22|18:16:13', 'INSERT', 'CatalogoProducto (EXCEL)', 'INSERT INTO CatalogoProducto VALUES (0005050,2018C1,4396,31,58,MPA 45%)'),
(523, '2954585', '2018-01-22|18:16:13', 'INSERT', 'CatalogoProducto (EXCEL)', 'INSERT INTO CatalogoProducto VALUES (0011474,2018C1,4397,31,58,MPA 45%)'),
(524, '2954585', '2018-01-22|18:16:13', 'INSERT', 'CatalogoProducto (EXCEL)', 'INSERT INTO CatalogoProducto VALUES (0011476,2018C1,4399,31,58,MPA 45%)'),
(525, '2954585', '2018-01-22|18:16:13', 'INSERT', 'CatalogoProducto (EXCEL)', 'INSERT INTO CatalogoProducto VALUES (0011478,2018C1,4530,31,58,MPA 45%)'),
(526, '2954585', '2018-01-22|18:16:13', 'INSERT', 'CatalogoProducto (EXCEL)', 'INSERT INTO CatalogoProducto VALUES (0005055,2018C1,4405,54,54,OUT)'),
(527, '2954585', '2018-01-22|18:16:13', 'INSERT', 'CatalogoProducto (EXCEL)', 'INSERT INTO CatalogoProducto VALUES (0005056,2018C1,4406,54,54,OUT)'),
(528, '2954585', '2018-01-22|18:16:13', 'INSERT', 'CatalogoProducto (EXCEL)', 'INSERT INTO CatalogoProducto VALUES (0005057,2018C1,4407,54,54,OUT)'),
(529, '2954585', '2018-01-22|18:16:13', 'INSERT', 'CatalogoProducto (EXCEL)', 'INSERT INTO CatalogoProducto VALUES (0005059,2018C1,4409,54,54,OUT)'),
(530, '2954585', '2018-01-22|18:16:13', 'INSERT', 'CatalogoProducto (EXCEL)', 'INSERT INTO CatalogoProducto VALUES (0005060,2018C1,4410,54,54,OUT)'),
(531, '2954585', '2018-01-22|18:16:13', 'INSERT', 'CatalogoProducto (EXCEL)', 'INSERT INTO CatalogoProducto VALUES (0005061,2018C1,4411,48,48,OUT)'),
(532, '2954585', '2018-01-22|18:16:13', 'INSERT', 'CatalogoProducto (EXCEL)', 'INSERT INTO CatalogoProducto VALUES (0005062,2018C1,4412,48,48,OUT)'),
(533, '2954585', '2018-01-22|18:16:13', 'INSERT', 'CatalogoProducto (EXCEL)', 'INSERT INTO CatalogoProducto VALUES (0005063,2018C1,4413,48,48,OUT)'),
(534, '2954585', '2018-01-22|18:16:13', 'INSERT', 'CatalogoProducto (EXCEL)', 'INSERT INTO CatalogoProducto VALUES (0005064,2018C1,4414,48,48,OUT)'),
(535, '2954585', '2018-01-22|18:16:13', 'INSERT', 'CatalogoProducto (EXCEL)', 'INSERT INTO CatalogoProducto VALUES (0005065,2018C1,4415,48,48,OUT)'),
(536, '2954585', '2018-01-22|18:16:13', 'INSERT', 'CatalogoProducto (EXCEL)', 'INSERT INTO CatalogoProducto VALUES (0005066,2018C1,4416,48,48,OUT)'),
(537, '2954585', '2018-01-22|18:16:13', 'INSERT', 'CatalogoProducto (EXCEL)', 'INSERT INTO CatalogoProducto VALUES (0011142,2018C1,4528,54,54,OUT)'),
(538, '2954585', '2018-01-22|18:16:13', 'INSERT', 'CatalogoProducto (EXCEL)', 'INSERT INTO CatalogoProducto VALUES (0011510,2018C1,4527,54,54,OUT)'),
(539, '2954585', '2018-01-22|18:16:13', 'INSERT', 'CatalogoProducto (EXCEL)', 'INSERT INTO CatalogoProducto VALUES (0011504,2018C1,4420,54,54,OUT)'),
(540, '2954585', '2018-01-22|18:16:13', 'INSERT', 'CatalogoProducto (EXCEL)', 'INSERT INTO CatalogoProducto VALUES (0011141,2018C1,4083,54,54,OUT)'),
(541, '2954585', '2018-01-22|18:16:13', 'INSERT', 'CatalogoProducto (EXCEL)', 'INSERT INTO CatalogoProducto VALUES (0011507,2018C1,4082,54,54,OUT)'),
(542, '2954585', '2018-01-22|18:16:13', 'INSERT', 'CatalogoProducto (EXCEL)', 'INSERT INTO CatalogoProducto VALUES (0011506,2018C1,4081,54,54,OUT)'),
(543, '2954585', '2018-01-22|18:16:13', 'INSERT', 'CatalogoProducto (EXCEL)', 'INSERT INTO CatalogoProducto VALUES (0005121,2018C1,4464,60,60,OUT)'),
(544, '2954585', '2018-01-22|18:16:13', 'INSERT', 'CatalogoProducto (EXCEL)', 'INSERT INTO CatalogoProducto VALUES (0005122,2018C1,4465,60,60,OUT)'),
(545, '2954585', '2018-01-22|18:16:13', 'INSERT', 'CatalogoProducto (EXCEL)', 'INSERT INTO CatalogoProducto VALUES (0005123,2018C1,4466,60,60,OUT)'),
(546, '2954585', '2018-01-22|18:16:13', 'INSERT', 'CatalogoProducto (EXCEL)', 'INSERT INTO CatalogoProducto VALUES (0005124,2018C1,4467,60,60,OUT)'),
(547, '2954585', '2018-01-22|18:16:13', 'INSERT', 'CatalogoProducto (EXCEL)', 'INSERT INTO CatalogoProducto VALUES (0005125,2018C1,4468,60,60,OUT)'),
(548, '2954585', '2018-01-22|18:16:13', 'INSERT', 'CatalogoProducto (EXCEL)', 'INSERT INTO CatalogoProducto VALUES (0005126,2018C1,4469,60,60,OUT)'),
(549, '2954585', '2018-01-22|18:16:13', 'INSERT', 'CatalogoProducto (EXCEL)', 'INSERT INTO CatalogoProducto VALUES (0005127,2018C1,4470,60,60,OUT)'),
(550, '2954585', '2018-01-22|18:16:13', 'INSERT', 'CatalogoProducto (EXCEL)', 'INSERT INTO CatalogoProducto VALUES (0011224,2018C1,4107,24,38,0.35)'),
(551, '2954585', '2018-01-22|18:16:13', 'INSERT', 'CatalogoProducto (EXCEL)', 'INSERT INTO CatalogoProducto VALUES (0011219,2018C1,4110,24,38,0.35)'),
(552, '2954585', '2018-01-22|18:16:13', 'INSERT', 'CatalogoProducto (EXCEL)', 'INSERT INTO CatalogoProducto VALUES (0011227,2018C1,4108,24,38,OUT)'),
(553, '2954585', '2018-01-22|18:16:13', 'INSERT', 'CatalogoProducto (EXCEL)', 'INSERT INTO CatalogoProducto VALUES (0011222,2018C1,4106,24,38,35% (SUG))'),
(554, '2954585', '2018-01-22|18:16:13', 'INSERT', 'CatalogoProducto (EXCEL)', 'INSERT INTO CatalogoProducto VALUES (0011226,2018C1,4109,24,38,0.35)'),
(555, '2954585', '2018-01-22|18:16:13', 'INSERT', 'CatalogoProducto (EXCEL)', 'INSERT INTO CatalogoProducto VALUES (0011254,2018C1,4657,19.9,35,PD S/19.90 (SUG))'),
(556, '2954585', '2018-01-22|18:16:13', 'INSERT', 'CatalogoProducto (EXCEL)', 'INSERT INTO CatalogoProducto VALUES (0011285,2018C1,4651,19.9,35,PD S/19.90)'),
(557, '2954585', '2018-01-22|18:16:13', 'INSERT', 'CatalogoProducto (EXCEL)', 'INSERT INTO CatalogoProducto VALUES (0011287,2018C1,4661,19.9,35,PD S/19.90)'),
(558, '2954585', '2018-01-22|18:16:13', 'INSERT', 'CatalogoProducto (EXCEL)', 'INSERT INTO CatalogoProducto VALUES (0011288,2018C1,4653,19.9,35,PD S/19.90)'),
(559, '2954585', '2018-01-22|18:16:13', 'INSERT', 'CatalogoProducto (EXCEL)', 'INSERT INTO CatalogoProducto VALUES (0011286,2018C1,4656,19.9,35,PD S/19.90)'),
(560, '2954585', '2018-01-22|18:16:13', 'INSERT', 'CatalogoProducto (EXCEL)', 'INSERT INTO CatalogoProducto VALUES (0011284,2018C1,4655,19.9,35,PD S/19.90)'),
(561, '2954585', '2018-01-22|18:16:13', 'INSERT', 'CatalogoProducto (EXCEL)', 'INSERT INTO CatalogoProducto VALUES (0011282,2018C1,4652,19.9,35,PD S/19.90)'),
(562, '2954585', '2018-01-22|18:16:13', 'INSERT', 'CatalogoProducto (EXCEL)', 'INSERT INTO CatalogoProducto VALUES (0011283,2018C1,4664,19.9,35,PD S/19.90)'),
(563, '2954585', '2018-01-22|18:16:13', 'INSERT', 'CatalogoProducto (EXCEL)', 'INSERT INTO CatalogoProducto VALUES (0011341,2018C1,4668,34,34,OUT)'),
(564, '2954585', '2018-01-22|18:16:13', 'INSERT', 'CatalogoProducto (EXCEL)', 'INSERT INTO CatalogoProducto VALUES (0011342,2018C1,4654,34,34,OUT)'),
(565, '2954585', '2018-01-22|18:16:13', 'INSERT', 'CatalogoProducto (EXCEL)', 'INSERT INTO CatalogoProducto VALUES (0011343,2018C1,4659,34,34,OUT)'),
(566, '2954585', '2018-01-22|18:16:13', 'INSERT', 'CatalogoProducto (EXCEL)', 'INSERT INTO CatalogoProducto VALUES (0011344,2018C1,4660,34,34,OUT)'),
(567, '2954585', '2018-01-22|18:16:13', 'INSERT', 'CatalogoProducto (EXCEL)', 'INSERT INTO CatalogoProducto VALUES (0011345,2018C1,4662,34,34,OUT)'),
(568, '2954585', '2018-01-22|18:16:13', 'INSERT', 'CatalogoProducto (EXCEL)', 'INSERT INTO CatalogoProducto VALUES (0011346,2018C1,4663,34,34,OUT)'),
(569, '2954585', '2018-01-22|18:16:13', 'INSERT', 'CatalogoProducto (EXCEL)', 'INSERT INTO CatalogoProducto VALUES (0011050,2018C1,4166,18.9,32,OUT)'),
(570, '2954585', '2018-01-22|18:16:13', 'INSERT', 'CatalogoProducto (EXCEL)', 'INSERT INTO CatalogoProducto VALUES (0011051,2018C1,4168,18.9,32,0.4)'),
(571, '2954585', '2018-01-22|18:16:13', 'INSERT', 'CatalogoProducto (EXCEL)', 'INSERT INTO CatalogoProducto VALUES (0011052,2018C1,4169,18.9,32,OUT)'),
(572, '2954585', '2018-01-22|18:16:13', 'INSERT', 'CatalogoProducto (EXCEL)', 'INSERT INTO CatalogoProducto VALUES (0011053,2018C1,4170,18.9,32,0.4)'),
(573, '2954585', '2018-01-22|18:16:13', 'INSERT', 'CatalogoProducto (EXCEL)', 'INSERT INTO CatalogoProducto VALUES (0011055,2018C1,4175,18.9,32,OUT)'),
(574, '2954585', '2018-01-22|18:16:13', 'INSERT', 'CatalogoProducto (EXCEL)', 'INSERT INTO CatalogoProducto VALUES (0011056,2018C1,4177,18.9,32,OUT)'),
(575, '2954585', '2018-01-22|18:16:13', 'INSERT', 'CatalogoProducto (EXCEL)', 'INSERT INTO CatalogoProducto VALUES (0011058,2018C1,4180,18.9,32,OUT)'),
(576, '2954585', '2018-01-22|18:16:13', 'INSERT', 'CatalogoProducto (EXCEL)', 'INSERT INTO CatalogoProducto VALUES (0011059,2018C1,4181,18.9,32,OUT)'),
(577, '2954585', '2018-01-22|18:16:13', 'INSERT', 'CatalogoProducto (EXCEL)', 'INSERT INTO CatalogoProducto VALUES (0011314,2018C1,4586,18.9,32,0.4)'),
(578, '2954585', '2018-01-22|18:16:13', 'INSERT', 'CatalogoProducto (EXCEL)', 'INSERT INTO CatalogoProducto VALUES (0011047,2018C1,4600,18.9,32,40% (SUG 1))'),
(579, '2954585', '2018-01-22|18:16:13', 'INSERT', 'CatalogoProducto (EXCEL)', 'INSERT INTO CatalogoProducto VALUES (0011048,2018C1,4601,18.9,32,40% (SUG 1))'),
(580, '2954585', '2018-01-22|18:16:13', 'INSERT', 'CatalogoProducto (EXCEL)', 'INSERT INTO CatalogoProducto VALUES (0011454,2018C1,4613,18.9,32,0.4)'),
(581, '2954585', '2018-01-22|18:16:13', 'INSERT', 'CatalogoProducto (EXCEL)', 'INSERT INTO CatalogoProducto VALUES (0011456,2018C1,4615,18.9,32,0.4)'),
(582, '2954585', '2018-01-22|18:16:13', 'INSERT', 'CatalogoProducto (EXCEL)', 'INSERT INTO CatalogoProducto VALUES (0011049,2018C1,4729,18.9,32,OUT)'),
(583, '2954585', '2018-01-22|18:16:13', 'INSERT', 'CatalogoProducto (EXCEL)', 'INSERT INTO CatalogoProducto VALUES (0011060,2018C1,4184,18.9,32,OUT)'),
(584, '2954585', '2018-01-22|18:16:13', 'INSERT', 'CatalogoProducto (EXCEL)', 'INSERT INTO CatalogoProducto VALUES (0011061,2018C1,4183,18.9,32,OUT)'),
(585, '2954585', '2018-01-22|18:16:13', 'INSERT', 'CatalogoProducto (EXCEL)', 'INSERT INTO CatalogoProducto VALUES (0011062,2018C1,4187,18.9,32,OUT)'),
(586, '2954585', '2018-01-22|18:16:13', 'INSERT', 'CatalogoProducto (EXCEL)', 'INSERT INTO CatalogoProducto VALUES (0011063,2018C1,4186,18.9,32,40% (SUG 2))'),
(587, '2954585', '2018-01-22|18:16:13', 'INSERT', 'CatalogoProducto (EXCEL)', 'INSERT INTO CatalogoProducto VALUES (0011111,2018C1,4190,19,32,0.4)'),
(588, '2954585', '2018-01-22|18:16:13', 'INSERT', 'CatalogoProducto (EXCEL)', 'INSERT INTO CatalogoProducto VALUES (0005114,2018C1,4460,19,32,0.4)'),
(589, '2954585', '2018-01-22|18:16:13', 'INSERT', 'CatalogoProducto (EXCEL)', 'INSERT INTO CatalogoProducto VALUES (0011110,2018C1,4189,19,32,0.4)'),
(590, '2954585', '2018-01-22|18:16:13', 'INSERT', 'CatalogoProducto (EXCEL)', 'INSERT INTO CatalogoProducto VALUES (0004347,2018C1,245,59,122,OUT)'),
(591, '2954585', '2018-01-22|18:16:13', 'INSERT', 'CatalogoProducto (EXCEL)', 'INSERT INTO CatalogoProducto VALUES (0011132,2018C1,291,98,154,OUT)'),
(592, '2954585', '2018-01-22|18:16:13', 'INSERT', 'CatalogoProducto (EXCEL)', 'INSERT INTO CatalogoProducto VALUES (0011065,2018C1,292,98,154,OUT)'),
(593, '2954585', '2018-01-22|18:16:13', 'INSERT', 'CatalogoProducto (EXCEL)', 'INSERT INTO CatalogoProducto VALUES (0004646,2018C1,231,176,176,35% + CAPI + CCUU)'),
(594, '2954585', '2018-01-22|18:16:13', 'INSERT', 'CatalogoProducto (EXCEL)', 'INSERT INTO CatalogoProducto VALUES (0011202,2018C1,312,42,42,OUT)'),
(595, '2954585', '2018-01-22|18:16:13', 'INSERT', 'CatalogoProducto (EXCEL)', 'INSERT INTO CatalogoProducto VALUES (0011234,2018C1,351,12.9,28,PI)'),
(596, '2954585', '2018-01-22|18:16:13', 'INSERT', 'CatalogoProducto (EXCEL)', 'INSERT INTO CatalogoProducto VALUES (0004476,2018C1,243,165,165,45% + DISCOVER)'),
(597, '2954585', '2018-01-22|18:16:13', 'INSERT', 'CatalogoProducto (EXCEL)', 'INSERT INTO CatalogoProducto VALUES (0011206,2018C1,313,42,42,OUT)'),
(598, '2954585', '2018-01-22|18:16:13', 'INSERT', 'CatalogoProducto (EXCEL)', 'INSERT INTO CatalogoProducto VALUES (0011239,2018C1,352,28,28,OUT)'),
(599, '2954585', '2018-01-22|18:16:13', 'INSERT', 'CatalogoProducto (EXCEL)', 'INSERT INTO CatalogoProducto VALUES (0004645,2018C1,232,92,176,OUT)'),
(600, '2954585', '2018-01-22|18:16:13', 'INSERT', 'CatalogoProducto (EXCEL)', 'INSERT INTO CatalogoProducto VALUES (0011205,2018C1,314,42,42,OUT)'),
(601, '2954585', '2018-01-22|18:16:13', 'INSERT', 'CatalogoProducto (EXCEL)', 'INSERT INTO CatalogoProducto VALUES (0011236,2018C1,353,12.9,28,PI)'),
(602, '2954585', '2018-01-22|18:16:13', 'INSERT', 'CatalogoProducto (EXCEL)', 'INSERT INTO CatalogoProducto VALUES (0002426,2018C1,233,165,165,OUT)'),
(603, '2954585', '2018-01-22|18:16:13', 'INSERT', 'CatalogoProducto (EXCEL)', 'INSERT INTO CatalogoProducto VALUES (0011276,2018C1,251,59,120,OUT)'),
(604, '2954585', '2018-01-22|18:16:13', 'INSERT', 'CatalogoProducto (EXCEL)', 'INSERT INTO CatalogoProducto VALUES (0011200,2018C1,294,69,115,MPA 50%)'),
(605, '2954585', '2018-01-22|18:16:13', 'INSERT', 'CatalogoProducto (EXCEL)', 'INSERT INTO CatalogoProducto VALUES (0011199,2018C1,293,69,115,MPA 50%)'),
(606, '2954585', '2018-01-22|18:16:13', 'INSERT', 'CatalogoProducto (EXCEL)', 'INSERT INTO CatalogoProducto VALUES (0011302,2018C1,2011,119,190,30%  GRATIS BL)'),
(607, '2954585', '2018-01-22|18:16:13', 'INSERT', 'CatalogoProducto (EXCEL)', 'INSERT INTO CatalogoProducto VALUES (0004684,2018C1,236,119,190,OUT)'),
(608, '2954585', '2018-01-22|18:16:13', 'INSERT', 'CatalogoProducto (EXCEL)', 'INSERT INTO CatalogoProducto VALUES (0011273,2018C1,303,35,58,0.35)');
INSERT INTO `databaselog` (`idDatabaseLog`, `idColaborador`, `fechaHora`, `evento`, `tipo`, `consulta`) VALUES
(609, '2954585', '2018-01-22|18:16:13', 'INSERT', 'CatalogoProducto (EXCEL)', 'INSERT INTO CatalogoProducto VALUES (0011274,2018C1,302,35,58,0.35)'),
(610, '2954585', '2018-01-22|18:16:13', 'INSERT', 'CatalogoProducto (EXCEL)', 'INSERT INTO CatalogoProducto VALUES (0002183,2018C1,230,99,176,SET CON DEO 45%)'),
(611, '2954585', '2018-01-22|18:16:13', 'INSERT', 'CatalogoProducto (EXCEL)', 'INSERT INTO CatalogoProducto VALUES (0011203,2018C1,315,42,42,OUT)'),
(612, '2954585', '2018-01-22|18:16:13', 'INSERT', 'CatalogoProducto (EXCEL)', 'INSERT INTO CatalogoProducto VALUES (0011235,2018C1,354,12.9,28,PI)'),
(613, '2954585', '2018-01-22|18:16:13', 'INSERT', 'CatalogoProducto (EXCEL)', 'INSERT INTO CatalogoProducto VALUES (0011337,2018C1,246,120,120,0.4)'),
(614, '2954585', '2018-01-22|18:16:13', 'INSERT', 'CatalogoProducto (EXCEL)', 'INSERT INTO CatalogoProducto VALUES (0011301,2018C1,2014,120,120,40% + DISCOVER)'),
(615, '2954585', '2018-01-22|18:16:13', 'INSERT', 'CatalogoProducto (EXCEL)', 'INSERT INTO CatalogoProducto VALUES (0002279,2018C1,240,154,154,OM 45%)'),
(616, '2954585', '2018-01-22|18:16:13', 'INSERT', 'CatalogoProducto (EXCEL)', 'INSERT INTO CatalogoProducto VALUES (0005133,2018C1,238,99,154,SET CON BL 50%)'),
(617, '2954585', '2018-01-22|18:16:13', 'INSERT', 'CatalogoProducto (EXCEL)', 'INSERT INTO CatalogoProducto VALUES (0011201,2018C1,318,42,42,OUT)'),
(618, '2954585', '2018-01-22|18:16:13', 'INSERT', 'CatalogoProducto (EXCEL)', 'INSERT INTO CatalogoProducto VALUES (0011237,2018C1,355,12.9,28,PI)'),
(619, '2954585', '2018-01-22|18:16:13', 'INSERT', 'CatalogoProducto (EXCEL)', 'INSERT INTO CatalogoProducto VALUES (0011204,2018C1,316,42,42,OUT)'),
(620, '2954585', '2018-01-22|18:16:13', 'INSERT', 'CatalogoProducto (EXCEL)', 'INSERT INTO CatalogoProducto VALUES (0011238,2018C1,357,28,28,OUT)'),
(621, '2954585', '2018-01-22|18:16:13', 'INSERT', 'CatalogoProducto (EXCEL)', 'INSERT INTO CatalogoProducto VALUES (0011419,2018C1,308,25,39,0.35)'),
(622, '2954585', '2018-01-22|18:16:13', 'INSERT', 'CatalogoProducto (EXCEL)', 'INSERT INTO CatalogoProducto VALUES (0011363,2018C1,411,25,39,35%+pp)'),
(623, '2954585', '2018-01-22|18:16:13', 'INSERT', 'CatalogoProducto (EXCEL)', 'INSERT INTO CatalogoProducto VALUES (0011420,2018C1,310,25,39,42)'),
(624, '2954585', '2018-01-22|18:16:13', 'INSERT', 'CatalogoProducto (EXCEL)', 'INSERT INTO CatalogoProducto VALUES (0011418,2018C1,309,25,39,0.35)'),
(625, '2954585', '2018-01-22|18:16:13', 'INSERT', 'CatalogoProducto (EXCEL)', 'INSERT INTO CatalogoProducto VALUES (0005138,2018C1,141,52,82,0.35)'),
(626, '2954585', '2018-01-22|18:16:13', 'INSERT', 'CatalogoProducto (EXCEL)', 'INSERT INTO CatalogoProducto VALUES (0005151,2018C1,139,26,55,PI)'),
(627, '2954585', '2018-01-22|18:16:13', 'INSERT', 'CatalogoProducto (EXCEL)', 'INSERT INTO CatalogoProducto VALUES (0005153,2018C1,142,26,42,0.35)'),
(628, '2954585', '2018-01-22|18:16:13', 'INSERT', 'CatalogoProducto (EXCEL)', 'INSERT INTO CatalogoProducto VALUES (0005152,2018C1,140,32,50,0.35)'),
(629, '2954585', '2018-01-22|18:16:13', 'INSERT', 'CatalogoProducto (EXCEL)', 'INSERT INTO CatalogoProducto VALUES (0011090,2018C1,29,25,52,PI)'),
(630, '2954585', '2018-01-22|18:16:13', 'INSERT', 'CatalogoProducto (EXCEL)', 'INSERT INTO CatalogoProducto VALUES (0011092,2018C1,54,24,38,0.35)'),
(631, '2954585', '2018-01-22|18:16:13', 'INSERT', 'CatalogoProducto (EXCEL)', 'INSERT INTO CatalogoProducto VALUES (0011089,2018C1,28,25,52,PI)'),
(632, '2954585', '2018-01-22|18:16:13', 'INSERT', 'CatalogoProducto (EXCEL)', 'INSERT INTO CatalogoProducto VALUES (0011091,2018C1,55,24,38,0.35)'),
(633, '2954585', '2018-01-22|18:16:13', 'INSERT', 'CatalogoProducto (EXCEL)', 'INSERT INTO CatalogoProducto VALUES (0005087,2018C1,329,106,106,out)'),
(634, '2954585', '2018-01-22|18:16:13', 'INSERT', 'CatalogoProducto (EXCEL)', 'INSERT INTO CatalogoProducto VALUES (0004694,2018C1,330,106,106,out)'),
(635, '2954585', '2018-01-22|18:16:13', 'INSERT', 'CatalogoProducto (EXCEL)', 'INSERT INTO CatalogoProducto VALUES (0011415,2018C1,338,17,34,PRECIO DIRECTO)'),
(636, '2954585', '2018-01-22|18:16:13', 'INSERT', 'CatalogoProducto (EXCEL)', 'INSERT INTO CatalogoProducto VALUES (0011417,2018C1,339,17,34,PRECIO DIRECTO)'),
(637, '2954585', '2018-01-22|18:16:13', 'INSERT', 'CatalogoProducto (EXCEL)', 'INSERT INTO CatalogoProducto VALUES (0011421,2018C1,424,17,34,PRECIO DIRECTO)'),
(638, '2954585', '2018-01-22|18:16:13', 'INSERT', 'CatalogoProducto (EXCEL)', 'INSERT INTO CatalogoProducto VALUES (0011365,2018C1,461,17,34,PRECIO DIRECTO)'),
(639, '2954585', '2018-01-22|18:16:13', 'INSERT', 'CatalogoProducto (EXCEL)', 'INSERT INTO CatalogoProducto VALUES (0011422,2018C1,425,17,34,PRECIO DIRECTO)'),
(640, '2954585', '2018-01-22|18:16:13', 'INSERT', 'CatalogoProducto (EXCEL)', 'INSERT INTO CatalogoProducto VALUES (0011197,2018C1,288,43,62,NIVEL 0 -acumulable)'),
(641, '2954585', '2018-01-22|18:16:13', 'INSERT', 'CatalogoProducto (EXCEL)', 'INSERT INTO CatalogoProducto VALUES (0011198,2018C1,289,43,62,NIVEL 0 -acumulable)'),
(642, '2954585', '2018-01-22|18:16:13', 'INSERT', 'CatalogoProducto (EXCEL)', 'INSERT INTO CatalogoProducto VALUES (0011012,2018C1,429,10.9,22,PI)'),
(643, '2954585', '2018-01-22|18:16:13', 'INSERT', 'CatalogoProducto (EXCEL)', 'INSERT INTO CatalogoProducto VALUES (0011026,2018C1,427,10.9,22,PI)'),
(644, '2954585', '2018-01-22|18:16:13', 'INSERT', 'CatalogoProducto (EXCEL)', 'INSERT INTO CatalogoProducto VALUES (0011025,2018C1,426,10.9,22,PI)'),
(645, '2954585', '2018-01-22|18:16:13', 'INSERT', 'CatalogoProducto (EXCEL)', 'INSERT INTO CatalogoProducto VALUES (0011290,2018C1,304,31,62,MPA 50%)'),
(646, '2954585', '2018-01-22|18:16:13', 'INSERT', 'CatalogoProducto (EXCEL)', 'INSERT INTO CatalogoProducto VALUES (0011289,2018C1,324,26,40,0.35)'),
(647, '2954585', '2018-01-22|18:16:13', 'INSERT', 'CatalogoProducto (EXCEL)', 'INSERT INTO CatalogoProducto VALUES (0011291,2018C1,328,36,56,0.35)'),
(648, '2954585', '2018-01-22|18:16:13', 'INSERT', 'CatalogoProducto (EXCEL)', 'INSERT INTO CatalogoProducto VALUES (0011002,2018C1,450,29,46,0.35)'),
(649, '2954585', '2018-01-22|18:16:13', 'INSERT', 'CatalogoProducto (EXCEL)', 'INSERT INTO CatalogoProducto VALUES (0011007,2018C1,451,29,46,0.35)'),
(650, '2954585', '2018-01-22|18:16:13', 'INSERT', 'CatalogoProducto (EXCEL)', 'INSERT INTO CatalogoProducto VALUES (0011293,2018C1,457,31,62,MPA 50%)'),
(651, '2954585', '2018-01-22|18:16:13', 'INSERT', 'CatalogoProducto (EXCEL)', 'INSERT INTO CatalogoProducto VALUES (0011292,2018C1,456,22,40,0.45)'),
(652, '2954585', '2018-01-22|18:16:13', 'INSERT', 'CatalogoProducto (EXCEL)', 'INSERT INTO CatalogoProducto VALUES (0003701,2018C1,346,12.9,26,PI)'),
(653, '2954585', '2018-01-22|18:16:13', 'INSERT', 'CatalogoProducto (EXCEL)', 'INSERT INTO CatalogoProducto VALUES (0003590,2018C1,347,12.9,26,PI)'),
(654, '2954585', '2018-01-22|18:16:13', 'INSERT', 'CatalogoProducto (EXCEL)', 'INSERT INTO CatalogoProducto VALUES (0011013,2018C1,261,34,68,0.3)'),
(655, '2954585', '2018-01-22|18:16:13', 'INSERT', 'CatalogoProducto (EXCEL)', 'INSERT INTO CatalogoProducto VALUES (0011014,2018C1,262,34,68,0.3)'),
(656, '2954585', '2018-01-22|18:16:13', 'INSERT', 'CatalogoProducto (EXCEL)', 'INSERT INTO CatalogoProducto VALUES (0011006,2018C1,287,32,55,2X1 CUALQUIER COMB)'),
(657, '2954585', '2018-01-22|18:16:13', 'INSERT', 'CatalogoProducto (EXCEL)', 'INSERT INTO CatalogoProducto VALUES (0011004,2018C1,286,32,55,2X1 CUALQUIER COMB)'),
(658, '2954585', '2018-01-22|18:16:13', 'INSERT', 'CatalogoProducto (EXCEL)', 'INSERT INTO CatalogoProducto VALUES (0011005,2018C1,285,32,55,2X1 CUALQUIER COMB)'),
(659, '2954585', '2018-01-22|18:16:13', 'INSERT', 'CatalogoProducto (EXCEL)', 'INSERT INTO CatalogoProducto VALUES (0004882,2018C1,273,65,65,0.35)'),
(660, '2954585', '2018-01-22|18:16:13', 'INSERT', 'CatalogoProducto (EXCEL)', 'INSERT INTO CatalogoProducto VALUES (0004883,2018C1,274,65,65,0.35)'),
(661, '2954585', '2018-01-22|18:16:13', 'INSERT', 'CatalogoProducto (EXCEL)', 'INSERT INTO CatalogoProducto VALUES (0011400,2018C1,2012,65,65,OUT)'),
(662, '2954585', '2018-01-22|18:16:13', 'INSERT', 'CatalogoProducto (EXCEL)', 'INSERT INTO CatalogoProducto VALUES (0011071,2018C1,237,65,65,0.35)'),
(663, '2954585', '2018-01-22|18:16:13', 'INSERT', 'CatalogoProducto (EXCEL)', 'INSERT INTO CatalogoProducto VALUES (0011336,2018C1,2100,65,65,OUT)'),
(664, '2954585', '2018-01-22|18:16:13', 'INSERT', 'CatalogoProducto (EXCEL)', 'INSERT INTO CatalogoProducto VALUES (0011260,2018C1,268,55,55,OUT)'),
(665, '2954585', '2018-01-22|18:16:13', 'INSERT', 'CatalogoProducto (EXCEL)', 'INSERT INTO CatalogoProducto VALUES (0011426,2018C1,2013,35,55,0.35)'),
(666, '2954585', '2018-01-22|18:16:13', 'INSERT', 'CatalogoProducto (EXCEL)', 'INSERT INTO CatalogoProducto VALUES (0011261,2018C1,267,35,55,0.35)'),
(667, '2954585', '2018-01-22|18:16:13', 'INSERT', 'CatalogoProducto (EXCEL)', 'INSERT INTO CatalogoProducto VALUES (0011262,2018C1,266,35,55,0.35)'),
(668, '2954585', '2018-01-22|18:16:13', 'INSERT', 'CatalogoProducto (EXCEL)', 'INSERT INTO CatalogoProducto VALUES (0005149,2018C1,331,59,98,35% + CAPI + CCUU)'),
(669, '2954585', '2018-01-22|18:16:13', 'INSERT', 'CatalogoProducto (EXCEL)', 'INSERT INTO CatalogoProducto VALUES (0011084,2018C1,452,32,54,0.4)'),
(670, '2954585', '2018-01-22|18:16:13', 'INSERT', 'CatalogoProducto (EXCEL)', 'INSERT INTO CatalogoProducto VALUES (0011083,2018C1,453,32,54,0.4)'),
(671, '2954585', '2018-01-22|18:16:13', 'INSERT', 'CatalogoProducto (EXCEL)', 'INSERT INTO CatalogoProducto VALUES (0011087,2018C1,443,36,60,0.4)'),
(672, '2954585', '2018-01-22|18:16:13', 'INSERT', 'CatalogoProducto (EXCEL)', 'INSERT INTO CatalogoProducto VALUES (0011086,2018C1,444,36,60,0.4)'),
(673, '2954585', '2018-01-22|18:16:13', 'INSERT', 'CatalogoProducto (EXCEL)', 'INSERT INTO CatalogoProducto VALUES (0011462,2018C1,463,36,60,0.4)'),
(674, '2954585', '2018-01-22|18:16:13', 'INSERT', 'CatalogoProducto (EXCEL)', 'INSERT INTO CatalogoProducto VALUES (0011461,2018C1,462,37,62,0.4)'),
(675, '2954585', '2018-01-22|18:16:13', 'INSERT', 'CatalogoProducto (EXCEL)', 'INSERT INTO CatalogoProducto VALUES (0004002,2018C1,217,125,125,30% / OE N1 y N2)'),
(676, '2954585', '2018-01-22|18:16:13', 'INSERT', 'CatalogoProducto (EXCEL)', 'INSERT INTO CatalogoProducto VALUES (0004770,2018C1,218,125,125,30% / OE N2)'),
(677, '2954585', '2018-01-22|18:16:13', 'INSERT', 'CatalogoProducto (EXCEL)', 'INSERT INTO CatalogoProducto VALUES (0011209,2018C1,442,44,44,OUT)'),
(678, '2954585', '2018-01-22|18:16:13', 'INSERT', 'CatalogoProducto (EXCEL)', 'INSERT INTO CatalogoProducto VALUES (0011229,2018C1,389,12.9,28,PI)'),
(679, '2954585', '2018-01-22|18:16:13', 'INSERT', 'CatalogoProducto (EXCEL)', 'INSERT INTO CatalogoProducto VALUES (0005030,2018C1,206,104,172,0.3)'),
(680, '2954585', '2018-01-22|18:16:13', 'INSERT', 'CatalogoProducto (EXCEL)', 'INSERT INTO CatalogoProducto VALUES (0005120,2018C1,213,94,172,OUT)'),
(681, '2954585', '2018-01-22|18:16:13', 'INSERT', 'CatalogoProducto (EXCEL)', 'INSERT INTO CatalogoProducto VALUES (0011066,2018C1,223,65,125,30% + REPEAT + DISCOVER)'),
(682, '2954585', '2018-01-22|18:16:13', 'INSERT', 'CatalogoProducto (EXCEL)', 'INSERT INTO CatalogoProducto VALUES (0011358,2018C1,203,190,190,OUT)'),
(683, '2954585', '2018-01-22|18:16:13', 'INSERT', 'CatalogoProducto (EXCEL)', 'INSERT INTO CatalogoProducto VALUES (0011304,2018C1,224,195,195,35% CXC CXC BILLETERA BARLO)'),
(684, '2954585', '2018-01-22|18:16:13', 'INSERT', 'CatalogoProducto (EXCEL)', 'INSERT INTO CatalogoProducto VALUES (0011362,2018C1,216,70,125,2X1 )'),
(685, '2954585', '2018-01-22|18:16:13', 'INSERT', 'CatalogoProducto (EXCEL)', 'INSERT INTO CatalogoProducto VALUES (0002645,2018C1,201,99,190,SET CON DEO 45%)'),
(686, '2954585', '2018-01-22|18:16:13', 'INSERT', 'CatalogoProducto (EXCEL)', 'INSERT INTO CatalogoProducto VALUES (0011207,2018C1,379,44,44,OUT)'),
(687, '2954585', '2018-01-22|18:16:13', 'INSERT', 'CatalogoProducto (EXCEL)', 'INSERT INTO CatalogoProducto VALUES (0011232,2018C1,393,12.9,28,PI)'),
(688, '2954585', '2018-01-22|18:16:13', 'INSERT', 'CatalogoProducto (EXCEL)', 'INSERT INTO CatalogoProducto VALUES (0000883,2018C1,200,190,190,0.3)'),
(689, '2954585', '2018-01-22|18:16:13', 'INSERT', 'CatalogoProducto (EXCEL)', 'INSERT INTO CatalogoProducto VALUES (0011210,2018C1,380,44,44,OUT)'),
(690, '2954585', '2018-01-22|18:16:13', 'INSERT', 'CatalogoProducto (EXCEL)', 'INSERT INTO CatalogoProducto VALUES (0011230,2018C1,392,12.9,28,SET CON FRAGANCIAS)'),
(691, '2954585', '2018-01-22|18:16:13', 'INSERT', 'CatalogoProducto (EXCEL)', 'INSERT INTO CatalogoProducto VALUES (0002998,2018C1,207,172,172,OM 45%)'),
(692, '2954585', '2018-01-22|18:16:13', 'INSERT', 'CatalogoProducto (EXCEL)', 'INSERT INTO CatalogoProducto VALUES (0004683,2018C1,205,208,208,35% + CAPI + CCUU + DISCOVER)'),
(693, '2954585', '2018-01-22|18:16:13', 'INSERT', 'CatalogoProducto (EXCEL)', 'INSERT INTO CatalogoProducto VALUES (0005029,2018C1,202,122,185,0.45)'),
(694, '2954585', '2018-01-22|18:16:13', 'INSERT', 'CatalogoProducto (EXCEL)', 'INSERT INTO CatalogoProducto VALUES (0011211,2018C1,440,44,44,(GRATIS FRAG))'),
(695, '2954585', '2018-01-22|18:16:13', 'INSERT', 'CatalogoProducto (EXCEL)', 'INSERT INTO CatalogoProducto VALUES (0011231,2018C1,390,28,28,OUT)'),
(696, '2954585', '2018-01-22|18:16:13', 'INSERT', 'CatalogoProducto (EXCEL)', 'INSERT INTO CatalogoProducto VALUES (0004493,2018C1,219,55,115,OUT)'),
(697, '2954585', '2018-01-22|18:16:13', 'INSERT', 'CatalogoProducto (EXCEL)', 'INSERT INTO CatalogoProducto VALUES (0005135,2018C1,208,109,172,0.3)'),
(698, '2954585', '2018-01-22|18:16:13', 'INSERT', 'CatalogoProducto (EXCEL)', 'INSERT INTO CatalogoProducto VALUES (0011208,2018C1,458,44,44,OUT)'),
(699, '2954585', '2018-01-22|18:16:13', 'INSERT', 'CatalogoProducto (EXCEL)', 'INSERT INTO CatalogoProducto VALUES (0011233,2018C1,387,12.9,28,PI)'),
(700, '2954585', '2018-01-22|18:16:13', 'INSERT', 'CatalogoProducto (EXCEL)', 'INSERT INTO CatalogoProducto VALUES (0004495,2018C1,212,99,190,0.3)'),
(701, '2954585', '2018-01-22|18:16:13', 'INSERT', 'CatalogoProducto (EXCEL)', 'INSERT INTO CatalogoProducto VALUES (0011212,2018C1,418,44,44,OUT)'),
(702, '2954585', '2018-01-22|18:16:13', 'INSERT', 'CatalogoProducto (EXCEL)', 'INSERT INTO CatalogoProducto VALUES (0011240,2018C1,446,28,28,OUT)'),
(703, '2954585', '2018-01-22|18:16:13', 'INSERT', 'CatalogoProducto (EXCEL)', 'INSERT INTO CatalogoProducto VALUES (0011001,2018C1,2102,99,190,0.3)'),
(704, '2954585', '2018-01-22|18:16:13', 'INSERT', 'CatalogoProducto (EXCEL)', 'INSERT INTO CatalogoProducto VALUES (0004834,2018C1,270,115,115,OUT)'),
(705, '2954585', '2018-01-22|18:16:13', 'INSERT', 'CatalogoProducto (EXCEL)', 'INSERT INTO CatalogoProducto VALUES (0005157,2018C1,372,27,55,PI)'),
(706, '2954585', '2018-01-22|18:16:13', 'INSERT', 'CatalogoProducto (EXCEL)', 'INSERT INTO CatalogoProducto VALUES (0005147,2018C1,4,32,54,0.4)'),
(707, '2954585', '2018-01-22|18:16:13', 'INSERT', 'CatalogoProducto (EXCEL)', 'INSERT INTO CatalogoProducto VALUES (0005148,2018C1,53,32,54,0.4)'),
(708, '2954585', '2018-01-22|18:16:13', 'INSERT', 'CatalogoProducto (EXCEL)', 'INSERT INTO CatalogoProducto VALUES (0004647,2018C1,52,54,92,0.4)'),
(709, '2954585', '2018-01-22|18:16:13', 'INSERT', 'CatalogoProducto (EXCEL)', 'INSERT INTO CatalogoProducto VALUES (0011017,2018C1,386,12.9,26,PI)'),
(710, '2954585', '2018-01-22|18:26:28', 'INSERT', 'CatalogoProducto (EXCEL)', 'INSERT INTO CatalogoProducto VALUES (0004830,2018C1,11,42,66,0.35)'),
(711, '2954585', '2018-01-22|18:26:28', 'INSERT', 'CatalogoProducto (EXCEL)', 'INSERT INTO CatalogoProducto VALUES (0004829,2018C1,12,42,66,0.35)'),
(712, '2954585', '2018-01-22|18:26:28', 'INSERT', 'CatalogoProducto (EXCEL)', 'INSERT INTO CatalogoProducto VALUES (0011180,2018C1,13,42,65,0.35)'),
(713, '2954585', '2018-01-22|18:26:28', 'INSERT', 'CatalogoProducto (EXCEL)', 'INSERT INTO CatalogoProducto VALUES (0011272,2018C1,14,42,65,0.35)'),
(714, '2954585', '2018-01-22|18:26:28', 'INSERT', 'CatalogoProducto (EXCEL)', 'INSERT INTO CatalogoProducto VALUES (0004734,2018C1,15,85,131,0.35)'),
(715, '2954585', '2018-01-22|18:26:28', 'INSERT', 'CatalogoProducto (EXCEL)', 'INSERT INTO CatalogoProducto VALUES (0004733,2018C1,17,109,205,0.45)'),
(716, '2954585', '2018-01-22|18:26:28', 'INSERT', 'CatalogoProducto (EXCEL)', 'INSERT INTO CatalogoProducto VALUES (0004653,2018C1,19,119,188,0.35)'),
(717, '2954585', '2018-01-22|18:26:28', 'INSERT', 'CatalogoProducto (EXCEL)', 'INSERT INTO CatalogoProducto VALUES (0011266,2018C1,143,139,240,0.4)'),
(718, '2954585', '2018-01-22|18:26:28', 'INSERT', 'CatalogoProducto (EXCEL)', 'INSERT INTO CatalogoProducto VALUES (0004671,2018C1,5,28.5,57,MPA 50%)'),
(719, '2954585', '2018-01-22|18:26:28', 'INSERT', 'CatalogoProducto (EXCEL)', 'INSERT INTO CatalogoProducto VALUES (0004655,2018C1,1,28.5,57,MPA 50%)'),
(720, '2954585', '2018-01-22|18:26:28', 'INSERT', 'CatalogoProducto (EXCEL)', 'INSERT INTO CatalogoProducto VALUES (0004652,2018C1,8,62,98,0.35)'),
(721, '2954585', '2018-01-22|18:26:28', 'INSERT', 'CatalogoProducto (EXCEL)', 'INSERT INTO CatalogoProducto VALUES (0005069,2018C1,20,79,153,0.45)'),
(722, '2954585', '2018-01-22|18:26:28', 'INSERT', 'CatalogoProducto (EXCEL)', 'INSERT INTO CatalogoProducto VALUES (0004651,2018C1,9,55,89,0.35)'),
(723, '2954585', '2018-01-22|18:26:28', 'INSERT', 'CatalogoProducto (EXCEL)', 'INSERT INTO CatalogoProducto VALUES (0004654,2018C1,2,25.5,51,MPA 50%)'),
(724, '2954585', '2018-01-22|18:26:28', 'INSERT', 'CatalogoProducto (EXCEL)', 'INSERT INTO CatalogoProducto VALUES (0004670,2018C1,6,25.5,51,MPA 50%)'),
(725, '2954585', '2018-01-22|18:26:28', 'INSERT', 'CatalogoProducto (EXCEL)', 'INSERT INTO CatalogoProducto VALUES (0004630,2018C1,18,94,149,0.35)'),
(726, '2954585', '2018-01-22|18:26:28', 'INSERT', 'CatalogoProducto (EXCEL)', 'INSERT INTO CatalogoProducto VALUES (0011471,2018C1,7,62,98,CAPI (62/40))'),
(727, '2954585', '2018-01-22|18:26:28', 'INSERT', 'CatalogoProducto (EXCEL)', 'INSERT INTO CatalogoProducto VALUES (0011028,2018C1,67,62,98,CAPI (62/40))'),
(728, '2954585', '2018-01-22|18:26:28', 'INSERT', 'CatalogoProducto (EXCEL)', 'INSERT INTO CatalogoProducto VALUES (0004750,2018C1,3,39,69,0.4)'),
(729, '2954585', '2018-01-22|18:26:28', 'INSERT', 'CatalogoProducto (EXCEL)', 'INSERT INTO CatalogoProducto VALUES (0004828,2018C1,21,105,178,0.4)'),
(730, '2954585', '2018-01-22|18:26:28', 'INSERT', 'CatalogoProducto (EXCEL)', 'INSERT INTO CatalogoProducto VALUES (0005009,2018C1,64,115,195,0.4)'),
(731, '2954585', '2018-01-22|18:26:28', 'INSERT', 'CatalogoProducto (EXCEL)', 'INSERT INTO CatalogoProducto VALUES (0011517,2018C1,31,85,85,OUT)'),
(732, '2954585', '2018-01-22|18:26:28', 'INSERT', 'CatalogoProducto (EXCEL)', 'INSERT INTO CatalogoProducto VALUES (0004348,2018C1,24,64,110,0.4)'),
(733, '2954585', '2018-01-22|18:26:28', 'INSERT', 'CatalogoProducto (EXCEL)', 'INSERT INTO CatalogoProducto VALUES (0011029,2018C1,4008,48,48,OUT- boletin S/.29.90)'),
(734, '2954585', '2018-01-22|18:26:28', 'INSERT', 'CatalogoProducto (EXCEL)', 'INSERT INTO CatalogoProducto VALUES (0011030,2018C1,4009,48,48,OUT- boletin S/.29.90)'),
(735, '2954585', '2018-01-22|18:26:28', 'INSERT', 'CatalogoProducto (EXCEL)', 'INSERT INTO CatalogoProducto VALUES (0011031,2018C1,4010,48,48,OUT- boletin S/.29.90)'),
(736, '2954585', '2018-01-22|18:26:28', 'INSERT', 'CatalogoProducto (EXCEL)', 'INSERT INTO CatalogoProducto VALUES (0004936,2018C1,4023,56,81,0.3)'),
(737, '2954585', '2018-01-22|18:26:28', 'INSERT', 'CatalogoProducto (EXCEL)', 'INSERT INTO CatalogoProducto VALUES (0004937,2018C1,4024,56,81,0.3)'),
(738, '2954585', '2018-01-22|18:26:28', 'INSERT', 'CatalogoProducto (EXCEL)', 'INSERT INTO CatalogoProducto VALUES (0004938,2018C1,4025,56,81,0.3)'),
(739, '2954585', '2018-01-22|18:26:28', 'INSERT', 'CatalogoProducto (EXCEL)', 'INSERT INTO CatalogoProducto VALUES (0004939,2018C1,4026,56,81,0.3)'),
(740, '2954585', '2018-01-22|18:26:28', 'INSERT', 'CatalogoProducto (EXCEL)', 'INSERT INTO CatalogoProducto VALUES (0004940,2018C1,4027,56,81,0.3)'),
(741, '2954585', '2018-01-22|18:26:28', 'INSERT', 'CatalogoProducto (EXCEL)', 'INSERT INTO CatalogoProducto VALUES (0004942,2018C1,4029,56,81,0.3)'),
(742, '2954585', '2018-01-22|18:26:28', 'INSERT', 'CatalogoProducto (EXCEL)', 'INSERT INTO CatalogoProducto VALUES (0004943,2018C1,4030,56,81,0.3)'),
(743, '2954585', '2018-01-22|18:26:28', 'INSERT', 'CatalogoProducto (EXCEL)', 'INSERT INTO CatalogoProducto VALUES (0004944,2018C1,4031,56,81,0.3)'),
(744, '2954585', '2018-01-22|18:26:28', 'INSERT', 'CatalogoProducto (EXCEL)', 'INSERT INTO CatalogoProducto VALUES (0004945,2018C1,4032,56,81,0.3)'),
(745, '2954585', '2018-01-22|18:26:28', 'INSERT', 'CatalogoProducto (EXCEL)', 'INSERT INTO CatalogoProducto VALUES (0004946,2018C1,4033,56,81,0.3)'),
(746, '2954585', '2018-01-22|18:26:28', 'INSERT', 'CatalogoProducto (EXCEL)', 'INSERT INTO CatalogoProducto VALUES (0005106,2018C1,4684,54,99,MPA 45%)'),
(747, '2954585', '2018-01-22|18:26:28', 'INSERT', 'CatalogoProducto (EXCEL)', 'INSERT INTO CatalogoProducto VALUES (0005107,2018C1,4685,54,99,MPA 45%)'),
(748, '2954585', '2018-01-22|18:26:28', 'INSERT', 'CatalogoProducto (EXCEL)', 'INSERT INTO CatalogoProducto VALUES (0005108,2018C1,4686,54,99,MPA 45%)'),
(749, '2954585', '2018-01-22|18:26:28', 'INSERT', 'CatalogoProducto (EXCEL)', 'INSERT INTO CatalogoProducto VALUES (0005109,2018C1,4687,54,99,MPA 45%)'),
(750, '2954585', '2018-01-22|18:26:28', 'INSERT', 'CatalogoProducto (EXCEL)', 'INSERT INTO CatalogoProducto VALUES (0005110,2018C1,4039,54,99,MPA 45%)'),
(751, '2954585', '2018-01-22|18:26:28', 'INSERT', 'CatalogoProducto (EXCEL)', 'INSERT INTO CatalogoProducto VALUES (0004849,2018C1,4000,48,74,0.35)'),
(752, '2954585', '2018-01-22|18:26:28', 'INSERT', 'CatalogoProducto (EXCEL)', 'INSERT INTO CatalogoProducto VALUES (0004850,2018C1,4001,48,74,0.35)'),
(753, '2954585', '2018-01-22|18:26:28', 'INSERT', 'CatalogoProducto (EXCEL)', 'INSERT INTO CatalogoProducto VALUES (0004851,2018C1,4002,48,74,0.35)'),
(754, '2954585', '2018-01-22|18:26:28', 'INSERT', 'CatalogoProducto (EXCEL)', 'INSERT INTO CatalogoProducto VALUES (0005102,2018C1,4004,78,78,OUT - Boletin S/.50)'),
(755, '2954585', '2018-01-22|18:26:28', 'INSERT', 'CatalogoProducto (EXCEL)', 'INSERT INTO CatalogoProducto VALUES (0005103,2018C1,4005,78,78,OUT - Boletin S/.50)'),
(756, '2954585', '2018-01-22|18:26:28', 'INSERT', 'CatalogoProducto (EXCEL)', 'INSERT INTO CatalogoProducto VALUES (0005104,2018C1,4006,78,78,OUT - Boletin S/.50)'),
(757, '2954585', '2018-01-22|18:26:28', 'INSERT', 'CatalogoProducto (EXCEL)', 'INSERT INTO CatalogoProducto VALUES (0005099,2018C1,4041,58,91,20+20%)'),
(758, '2954585', '2018-01-22|18:26:28', 'INSERT', 'CatalogoProducto (EXCEL)', 'INSERT INTO CatalogoProducto VALUES (0005100,2018C1,4042,58,91,20+20%)'),
(759, '2954585', '2018-01-22|18:26:28', 'INSERT', 'CatalogoProducto (EXCEL)', 'INSERT INTO CatalogoProducto VALUES (0005101,2018C1,4043,58,91,20+20%)'),
(760, '2954585', '2018-01-22|18:26:28', 'INSERT', 'CatalogoProducto (EXCEL)', 'INSERT INTO CatalogoProducto VALUES (0004884,2018C1,4015,50,78,0.35)'),
(761, '2954585', '2018-01-22|18:26:28', 'INSERT', 'CatalogoProducto (EXCEL)', 'INSERT INTO CatalogoProducto VALUES (0004885,2018C1,4018,50,78,0.35)'),
(762, '2954585', '2018-01-22|18:26:28', 'INSERT', 'CatalogoProducto (EXCEL)', 'INSERT INTO CatalogoProducto VALUES (0004886,2018C1,4021,50,78,0.35)'),
(763, '2954585', '2018-01-22|18:26:28', 'INSERT', 'CatalogoProducto (EXCEL)', 'INSERT INTO CatalogoProducto VALUES (0004887,2018C1,4017,50,78,0.35)'),
(764, '2954585', '2018-01-22|18:26:28', 'INSERT', 'CatalogoProducto (EXCEL)', 'INSERT INTO CatalogoProducto VALUES (0004888,2018C1,4012,50,78,35% (SUG))'),
(765, '2954585', '2018-01-22|18:26:28', 'INSERT', 'CatalogoProducto (EXCEL)', 'INSERT INTO CatalogoProducto VALUES (0004889,2018C1,4016,50,78,0.35)'),
(766, '2954585', '2018-01-22|18:26:28', 'INSERT', 'CatalogoProducto (EXCEL)', 'INSERT INTO CatalogoProducto VALUES (0011372,2018C1,4674,28.9,57,PD S/ 28.90)'),
(767, '2954585', '2018-01-22|18:26:28', 'INSERT', 'CatalogoProducto (EXCEL)', 'INSERT INTO CatalogoProducto VALUES (0011373,2018C1,4671,28.9,57,PD S/ 28.90 (SUG))'),
(768, '2954585', '2018-01-22|18:26:28', 'INSERT', 'CatalogoProducto (EXCEL)', 'INSERT INTO CatalogoProducto VALUES (0011393,2018C1,4672,28.9,57,PD S/ 28.90)'),
(769, '2954585', '2018-01-22|18:26:28', 'INSERT', 'CatalogoProducto (EXCEL)', 'INSERT INTO CatalogoProducto VALUES (0011394,2018C1,4673,28.9,57,PD S/ 28.90)'),
(770, '2954585', '2018-01-22|18:26:28', 'INSERT', 'CatalogoProducto (EXCEL)', 'INSERT INTO CatalogoProducto VALUES (0011395,2018C1,4675,28.9,57,PD S/ 28.90 (SUG))'),
(771, '2954585', '2018-01-22|18:26:28', 'INSERT', 'CatalogoProducto (EXCEL)', 'INSERT INTO CatalogoProducto VALUES (0011464,2018C1,4669,26.9,54,PD S/ 26.90)'),
(772, '2954585', '2018-01-22|18:26:28', 'INSERT', 'CatalogoProducto (EXCEL)', 'INSERT INTO CatalogoProducto VALUES (0011465,2018C1,4670,26.9,54,PD S/ 26.90 (SUG))'),
(773, '2954585', '2018-01-22|18:26:28', 'INSERT', 'CatalogoProducto (EXCEL)', 'INSERT INTO CatalogoProducto VALUES (0004836,2018C1,4121,75,75,OUT)'),
(774, '2954585', '2018-01-22|18:26:28', 'INSERT', 'CatalogoProducto (EXCEL)', 'INSERT INTO CatalogoProducto VALUES (0004837,2018C1,4122,75,75,OUT)'),
(775, '2954585', '2018-01-22|18:26:28', 'INSERT', 'CatalogoProducto (EXCEL)', 'INSERT INTO CatalogoProducto VALUES (0004838,2018C1,4123,75,75,OUT)'),
(776, '2954585', '2018-01-22|18:26:28', 'INSERT', 'CatalogoProducto (EXCEL)', 'INSERT INTO CatalogoProducto VALUES (0004839,2018C1,4124,75,75,OUT)'),
(777, '2954585', '2018-01-22|18:26:28', 'INSERT', 'CatalogoProducto (EXCEL)', 'INSERT INTO CatalogoProducto VALUES (0004845,2018C1,4130,75,75,OUT)'),
(778, '2954585', '2018-01-22|18:26:28', 'INSERT', 'CatalogoProducto (EXCEL)', 'INSERT INTO CatalogoProducto VALUES (0004843,2018C1,4128,75,75,OUT)'),
(779, '2954585', '2018-01-22|18:26:28', 'INSERT', 'CatalogoProducto (EXCEL)', 'INSERT INTO CatalogoProducto VALUES (0004841,2018C1,4126,75,75,OUT)'),
(780, '2954585', '2018-01-22|18:26:28', 'INSERT', 'CatalogoProducto (EXCEL)', 'INSERT INTO CatalogoProducto VALUES (0011064,2018C1,4127,75,75,OUT)'),
(781, '2954585', '2018-01-22|18:26:28', 'INSERT', 'CatalogoProducto (EXCEL)', 'INSERT INTO CatalogoProducto VALUES (0011278,2018C1,4667,39.9,68,PD S/ 39.90)'),
(782, '2954585', '2018-01-22|18:26:28', 'INSERT', 'CatalogoProducto (EXCEL)', 'INSERT INTO CatalogoProducto VALUES (0011279,2018C1,4658,39.9,68,PD S/ 39.90)'),
(783, '2954585', '2018-01-22|18:26:28', 'INSERT', 'CatalogoProducto (EXCEL)', 'INSERT INTO CatalogoProducto VALUES (0005139,2018C1,4471,61.9,97,PD S/ 61.90)'),
(784, '2954585', '2018-01-22|18:26:28', 'INSERT', 'CatalogoProducto (EXCEL)', 'INSERT INTO CatalogoProducto VALUES (0011639,2018C1,4703,61.9,97,PD S/ 61.90)'),
(785, '2954585', '2018-01-22|18:26:28', 'INSERT', 'CatalogoProducto (EXCEL)', 'INSERT INTO CatalogoProducto VALUES (0005140,2018C1,4472,61.9,97,PD S/ 61.90)'),
(786, '2954585', '2018-01-22|18:26:28', 'INSERT', 'CatalogoProducto (EXCEL)', 'INSERT INTO CatalogoProducto VALUES (0011512,2018C1,4618,61.9,97,OUT)'),
(787, '2954585', '2018-01-22|18:26:28', 'INSERT', 'CatalogoProducto (EXCEL)', 'INSERT INTO CatalogoProducto VALUES (0004422,2018C1,4118,60,60,OUT)'),
(788, '2954585', '2018-01-22|18:26:28', 'INSERT', 'CatalogoProducto (EXCEL)', 'INSERT INTO CatalogoProducto VALUES (0011334,2018C1,4681,64,64,OUT)'),
(789, '2954585', '2018-01-22|18:26:28', 'INSERT', 'CatalogoProducto (EXCEL)', 'INSERT INTO CatalogoProducto VALUES (0011333,2018C1,4683,32,54,40% (Especial WP))'),
(790, '2954585', '2018-01-22|18:26:28', 'INSERT', 'CatalogoProducto (EXCEL)', 'INSERT INTO CatalogoProducto VALUES (0011277,2018C1,4094,39,56,30% + Capi (Especial WP))'),
(791, '2954585', '2018-01-22|18:26:28', 'INSERT', 'CatalogoProducto (EXCEL)', 'INSERT INTO CatalogoProducto VALUES (0011370,2018C1,4682,27,46,40% (Especial WP))'),
(792, '2954585', '2018-01-22|18:26:28', 'INSERT', 'CatalogoProducto (EXCEL)', 'INSERT INTO CatalogoProducto VALUES (0003529,2018C1,4153,50,50,OUT)'),
(793, '2954585', '2018-01-22|18:26:28', 'INSERT', 'CatalogoProducto (EXCEL)', 'INSERT INTO CatalogoProducto VALUES (0003911,2018C1,4157,32,50,0.35)'),
(794, '2954585', '2018-01-22|18:26:28', 'INSERT', 'CatalogoProducto (EXCEL)', 'INSERT INTO CatalogoProducto VALUES (0011251,2018C1,4159,32,54,0.4)'),
(795, '2954585', '2018-01-22|18:26:28', 'INSERT', 'CatalogoProducto (EXCEL)', 'INSERT INTO CatalogoProducto VALUES (0011252,2018C1,4160,32,54,0.4)'),
(796, '2954585', '2018-01-22|18:26:28', 'INSERT', 'CatalogoProducto (EXCEL)', 'INSERT INTO CatalogoProducto VALUES (0011253,2018C1,4161,32,54,0.4)'),
(797, '2954585', '2018-01-22|18:26:28', 'INSERT', 'CatalogoProducto (EXCEL)', 'INSERT INTO CatalogoProducto VALUES (0011112,2018C1,4474,43,43,OUT)'),
(798, '2954585', '2018-01-22|18:26:28', 'INSERT', 'CatalogoProducto (EXCEL)', 'INSERT INTO CatalogoProducto VALUES (0011085,2018C1,4473,43,43,OUT)'),
(799, '2954585', '2018-01-22|18:26:28', 'INSERT', 'CatalogoProducto (EXCEL)', 'INSERT INTO CatalogoProducto VALUES (0004153,2018C1,4162,62,62,OUT)'),
(800, '2954585', '2018-01-22|18:26:28', 'INSERT', 'CatalogoProducto (EXCEL)', 'INSERT INTO CatalogoProducto VALUES (0011218,2018C1,4163,27,39,30% CxC Tajador)'),
(801, '2954585', '2018-01-22|18:26:28', 'INSERT', 'CatalogoProducto (EXCEL)', 'INSERT INTO CatalogoProducto VALUES (0011024,2018C1,4141,39,39,OUT)'),
(802, '2954585', '2018-01-22|18:26:28', 'INSERT', 'CatalogoProducto (EXCEL)', 'INSERT INTO CatalogoProducto VALUES (0011213,2018C1,4142,39,39,OUT)'),
(803, '2954585', '2018-01-22|18:26:28', 'INSERT', 'CatalogoProducto (EXCEL)', 'INSERT INTO CatalogoProducto VALUES (0011216,2018C1,4148,39,39,OUT)'),
(804, '2954585', '2018-01-22|18:26:28', 'INSERT', 'CatalogoProducto (EXCEL)', 'INSERT INTO CatalogoProducto VALUES (0011215,2018C1,4143,39,39,OUT)'),
(805, '2954585', '2018-01-22|18:26:28', 'INSERT', 'CatalogoProducto (EXCEL)', 'INSERT INTO CatalogoProducto VALUES (0011263,2018C1,4665,19.9,38,PD S/ 19.90)'),
(806, '2954585', '2018-01-22|18:26:28', 'INSERT', 'CatalogoProducto (EXCEL)', 'INSERT INTO CatalogoProducto VALUES (0004891,2018C1,4067,32,50,OUT)'),
(807, '2954585', '2018-01-22|18:26:28', 'INSERT', 'CatalogoProducto (EXCEL)', 'INSERT INTO CatalogoProducto VALUES (0004893,2018C1,4045,32,50,20+20%)'),
(808, '2954585', '2018-01-22|18:26:28', 'INSERT', 'CatalogoProducto (EXCEL)', 'INSERT INTO CatalogoProducto VALUES (0004896,2018C1,4054,32,50,OUT)'),
(809, '2954585', '2018-01-22|18:26:28', 'INSERT', 'CatalogoProducto (EXCEL)', 'INSERT INTO CatalogoProducto VALUES (0004892,2018C1,4044,32,50,20+20%)'),
(810, '2954585', '2018-01-22|18:26:28', 'INSERT', 'CatalogoProducto (EXCEL)', 'INSERT INTO CatalogoProducto VALUES (0004894,2018C1,4052,32,50,20+20%)'),
(811, '2954585', '2018-01-22|18:26:28', 'INSERT', 'CatalogoProducto (EXCEL)', 'INSERT INTO CatalogoProducto VALUES (0004901,2018C1,4061,32,50,OUT)'),
(812, '2954585', '2018-01-22|18:26:28', 'INSERT', 'CatalogoProducto (EXCEL)', 'INSERT INTO CatalogoProducto VALUES (0004898,2018C1,4062,32,50,20+20%)'),
(813, '2954585', '2018-01-22|18:26:28', 'INSERT', 'CatalogoProducto (EXCEL)', 'INSERT INTO CatalogoProducto VALUES (0004902,2018C1,4055,32,50,20+20%)'),
(814, '2954585', '2018-01-22|18:26:28', 'INSERT', 'CatalogoProducto (EXCEL)', 'INSERT INTO CatalogoProducto VALUES (0004895,2018C1,4053,32,50,20+20%)'),
(815, '2954585', '2018-01-22|18:26:28', 'INSERT', 'CatalogoProducto (EXCEL)', 'INSERT INTO CatalogoProducto VALUES (0004897,2018C1,4065,32,50,20+20%)'),
(816, '2954585', '2018-01-22|18:26:28', 'INSERT', 'CatalogoProducto (EXCEL)', 'INSERT INTO CatalogoProducto VALUES (0004900,2018C1,4049,32,50,20+20%)'),
(817, '2954585', '2018-01-22|18:26:28', 'INSERT', 'CatalogoProducto (EXCEL)', 'INSERT INTO CatalogoProducto VALUES (0004966,2018C1,4064,32,50,20+20%)'),
(818, '2954585', '2018-01-22|18:26:28', 'INSERT', 'CatalogoProducto (EXCEL)', 'INSERT INTO CatalogoProducto VALUES (0004890,2018C1,4066,32,50,OUT)'),
(819, '2954585', '2018-01-22|18:26:28', 'INSERT', 'CatalogoProducto (EXCEL)', 'INSERT INTO CatalogoProducto VALUES (0011536,2018C1,4644,32,50,20+20%)'),
(820, '2954585', '2018-01-22|18:26:28', 'INSERT', 'CatalogoProducto (EXCEL)', 'INSERT INTO CatalogoProducto VALUES (0011447,2018C1,4606,32,50,20+20%)'),
(821, '2954585', '2018-01-22|18:26:28', 'INSERT', 'CatalogoProducto (EXCEL)', 'INSERT INTO CatalogoProducto VALUES (0011449,2018C1,4608,32,50,20+20%)'),
(822, '2954585', '2018-01-22|18:26:28', 'INSERT', 'CatalogoProducto (EXCEL)', 'INSERT INTO CatalogoProducto VALUES (0011450,2018C1,4609,32,50,20+20%)'),
(823, '2954585', '2018-01-22|18:26:28', 'INSERT', 'CatalogoProducto (EXCEL)', 'INSERT INTO CatalogoProducto VALUES (0011451,2018C1,4610,32,50,20+20%)'),
(824, '2954585', '2018-01-22|18:26:28', 'INSERT', 'CatalogoProducto (EXCEL)', 'INSERT INTO CatalogoProducto VALUES (0005050,2018C1,4396,31,58,MPA 45%)'),
(825, '2954585', '2018-01-22|18:26:28', 'INSERT', 'CatalogoProducto (EXCEL)', 'INSERT INTO CatalogoProducto VALUES (0011474,2018C1,4397,31,58,MPA 45%)'),
(826, '2954585', '2018-01-22|18:26:28', 'INSERT', 'CatalogoProducto (EXCEL)', 'INSERT INTO CatalogoProducto VALUES (0011476,2018C1,4399,31,58,MPA 45%)'),
(827, '2954585', '2018-01-22|18:26:28', 'INSERT', 'CatalogoProducto (EXCEL)', 'INSERT INTO CatalogoProducto VALUES (0011478,2018C1,4530,31,58,MPA 45%)'),
(828, '2954585', '2018-01-22|18:26:28', 'INSERT', 'CatalogoProducto (EXCEL)', 'INSERT INTO CatalogoProducto VALUES (0005055,2018C1,4405,54,54,OUT)'),
(829, '2954585', '2018-01-22|18:26:28', 'INSERT', 'CatalogoProducto (EXCEL)', 'INSERT INTO CatalogoProducto VALUES (0005056,2018C1,4406,54,54,OUT)'),
(830, '2954585', '2018-01-22|18:26:28', 'INSERT', 'CatalogoProducto (EXCEL)', 'INSERT INTO CatalogoProducto VALUES (0005057,2018C1,4407,54,54,OUT)'),
(831, '2954585', '2018-01-22|18:26:28', 'INSERT', 'CatalogoProducto (EXCEL)', 'INSERT INTO CatalogoProducto VALUES (0005059,2018C1,4409,54,54,OUT)'),
(832, '2954585', '2018-01-22|18:26:28', 'INSERT', 'CatalogoProducto (EXCEL)', 'INSERT INTO CatalogoProducto VALUES (0005060,2018C1,4410,54,54,OUT)'),
(833, '2954585', '2018-01-22|18:26:28', 'INSERT', 'CatalogoProducto (EXCEL)', 'INSERT INTO CatalogoProducto VALUES (0005061,2018C1,4411,48,48,OUT)'),
(834, '2954585', '2018-01-22|18:26:28', 'INSERT', 'CatalogoProducto (EXCEL)', 'INSERT INTO CatalogoProducto VALUES (0005062,2018C1,4412,48,48,OUT)'),
(835, '2954585', '2018-01-22|18:26:28', 'INSERT', 'CatalogoProducto (EXCEL)', 'INSERT INTO CatalogoProducto VALUES (0005063,2018C1,4413,48,48,OUT)'),
(836, '2954585', '2018-01-22|18:26:28', 'INSERT', 'CatalogoProducto (EXCEL)', 'INSERT INTO CatalogoProducto VALUES (0005064,2018C1,4414,48,48,OUT)'),
(837, '2954585', '2018-01-22|18:26:28', 'INSERT', 'CatalogoProducto (EXCEL)', 'INSERT INTO CatalogoProducto VALUES (0005065,2018C1,4415,48,48,OUT)'),
(838, '2954585', '2018-01-22|18:26:28', 'INSERT', 'CatalogoProducto (EXCEL)', 'INSERT INTO CatalogoProducto VALUES (0005066,2018C1,4416,48,48,OUT)'),
(839, '2954585', '2018-01-22|18:26:28', 'INSERT', 'CatalogoProducto (EXCEL)', 'INSERT INTO CatalogoProducto VALUES (0011142,2018C1,4528,54,54,OUT)'),
(840, '2954585', '2018-01-22|18:26:28', 'INSERT', 'CatalogoProducto (EXCEL)', 'INSERT INTO CatalogoProducto VALUES (0011510,2018C1,4527,54,54,OUT)'),
(841, '2954585', '2018-01-22|18:26:28', 'INSERT', 'CatalogoProducto (EXCEL)', 'INSERT INTO CatalogoProducto VALUES (0011504,2018C1,4420,54,54,OUT)'),
(842, '2954585', '2018-01-22|18:26:28', 'INSERT', 'CatalogoProducto (EXCEL)', 'INSERT INTO CatalogoProducto VALUES (0011141,2018C1,4083,54,54,OUT)'),
(843, '2954585', '2018-01-22|18:26:28', 'INSERT', 'CatalogoProducto (EXCEL)', 'INSERT INTO CatalogoProducto VALUES (0011507,2018C1,4082,54,54,OUT)'),
(844, '2954585', '2018-01-22|18:26:28', 'INSERT', 'CatalogoProducto (EXCEL)', 'INSERT INTO CatalogoProducto VALUES (0011506,2018C1,4081,54,54,OUT)'),
(845, '2954585', '2018-01-22|18:26:28', 'INSERT', 'CatalogoProducto (EXCEL)', 'INSERT INTO CatalogoProducto VALUES (0005121,2018C1,4464,60,60,OUT)'),
(846, '2954585', '2018-01-22|18:26:28', 'INSERT', 'CatalogoProducto (EXCEL)', 'INSERT INTO CatalogoProducto VALUES (0005122,2018C1,4465,60,60,OUT)'),
(847, '2954585', '2018-01-22|18:26:28', 'INSERT', 'CatalogoProducto (EXCEL)', 'INSERT INTO CatalogoProducto VALUES (0005123,2018C1,4466,60,60,OUT)'),
(848, '2954585', '2018-01-22|18:26:28', 'INSERT', 'CatalogoProducto (EXCEL)', 'INSERT INTO CatalogoProducto VALUES (0005124,2018C1,4467,60,60,OUT)'),
(849, '2954585', '2018-01-22|18:26:28', 'INSERT', 'CatalogoProducto (EXCEL)', 'INSERT INTO CatalogoProducto VALUES (0005125,2018C1,4468,60,60,OUT)'),
(850, '2954585', '2018-01-22|18:26:28', 'INSERT', 'CatalogoProducto (EXCEL)', 'INSERT INTO CatalogoProducto VALUES (0005126,2018C1,4469,60,60,OUT)'),
(851, '2954585', '2018-01-22|18:26:28', 'INSERT', 'CatalogoProducto (EXCEL)', 'INSERT INTO CatalogoProducto VALUES (0005127,2018C1,4470,60,60,OUT)'),
(852, '2954585', '2018-01-22|18:26:28', 'INSERT', 'CatalogoProducto (EXCEL)', 'INSERT INTO CatalogoProducto VALUES (0011224,2018C1,4107,24,38,0.35)'),
(853, '2954585', '2018-01-22|18:26:28', 'INSERT', 'CatalogoProducto (EXCEL)', 'INSERT INTO CatalogoProducto VALUES (0011219,2018C1,4110,24,38,0.35)'),
(854, '2954585', '2018-01-22|18:26:28', 'INSERT', 'CatalogoProducto (EXCEL)', 'INSERT INTO CatalogoProducto VALUES (0011227,2018C1,4108,24,38,OUT)'),
(855, '2954585', '2018-01-22|18:26:28', 'INSERT', 'CatalogoProducto (EXCEL)', 'INSERT INTO CatalogoProducto VALUES (0011222,2018C1,4106,24,38,35% (SUG))'),
(856, '2954585', '2018-01-22|18:26:28', 'INSERT', 'CatalogoProducto (EXCEL)', 'INSERT INTO CatalogoProducto VALUES (0011226,2018C1,4109,24,38,0.35)'),
(857, '2954585', '2018-01-22|18:26:28', 'INSERT', 'CatalogoProducto (EXCEL)', 'INSERT INTO CatalogoProducto VALUES (0011254,2018C1,4657,19.9,35,PD S/19.90 (SUG))'),
(858, '2954585', '2018-01-22|18:26:28', 'INSERT', 'CatalogoProducto (EXCEL)', 'INSERT INTO CatalogoProducto VALUES (0011285,2018C1,4651,19.9,35,PD S/19.90)'),
(859, '2954585', '2018-01-22|18:26:28', 'INSERT', 'CatalogoProducto (EXCEL)', 'INSERT INTO CatalogoProducto VALUES (0011287,2018C1,4661,19.9,35,PD S/19.90)'),
(860, '2954585', '2018-01-22|18:26:28', 'INSERT', 'CatalogoProducto (EXCEL)', 'INSERT INTO CatalogoProducto VALUES (0011288,2018C1,4653,19.9,35,PD S/19.90)'),
(861, '2954585', '2018-01-22|18:26:28', 'INSERT', 'CatalogoProducto (EXCEL)', 'INSERT INTO CatalogoProducto VALUES (0011286,2018C1,4656,19.9,35,PD S/19.90)'),
(862, '2954585', '2018-01-22|18:26:28', 'INSERT', 'CatalogoProducto (EXCEL)', 'INSERT INTO CatalogoProducto VALUES (0011284,2018C1,4655,19.9,35,PD S/19.90)'),
(863, '2954585', '2018-01-22|18:26:28', 'INSERT', 'CatalogoProducto (EXCEL)', 'INSERT INTO CatalogoProducto VALUES (0011282,2018C1,4652,19.9,35,PD S/19.90)'),
(864, '2954585', '2018-01-22|18:26:28', 'INSERT', 'CatalogoProducto (EXCEL)', 'INSERT INTO CatalogoProducto VALUES (0011283,2018C1,4664,19.9,35,PD S/19.90)'),
(865, '2954585', '2018-01-22|18:26:28', 'INSERT', 'CatalogoProducto (EXCEL)', 'INSERT INTO CatalogoProducto VALUES (0011341,2018C1,4668,34,34,OUT)'),
(866, '2954585', '2018-01-22|18:26:28', 'INSERT', 'CatalogoProducto (EXCEL)', 'INSERT INTO CatalogoProducto VALUES (0011342,2018C1,4654,34,34,OUT)'),
(867, '2954585', '2018-01-22|18:26:28', 'INSERT', 'CatalogoProducto (EXCEL)', 'INSERT INTO CatalogoProducto VALUES (0011343,2018C1,4659,34,34,OUT)'),
(868, '2954585', '2018-01-22|18:26:28', 'INSERT', 'CatalogoProducto (EXCEL)', 'INSERT INTO CatalogoProducto VALUES (0011344,2018C1,4660,34,34,OUT)'),
(869, '2954585', '2018-01-22|18:26:28', 'INSERT', 'CatalogoProducto (EXCEL)', 'INSERT INTO CatalogoProducto VALUES (0011345,2018C1,4662,34,34,OUT)'),
(870, '2954585', '2018-01-22|18:26:28', 'INSERT', 'CatalogoProducto (EXCEL)', 'INSERT INTO CatalogoProducto VALUES (0011346,2018C1,4663,34,34,OUT)'),
(871, '2954585', '2018-01-22|18:26:28', 'INSERT', 'CatalogoProducto (EXCEL)', 'INSERT INTO CatalogoProducto VALUES (0011050,2018C1,4166,18.9,32,OUT)'),
(872, '2954585', '2018-01-22|18:26:28', 'INSERT', 'CatalogoProducto (EXCEL)', 'INSERT INTO CatalogoProducto VALUES (0011051,2018C1,4168,18.9,32,0.4)'),
(873, '2954585', '2018-01-22|18:26:28', 'INSERT', 'CatalogoProducto (EXCEL)', 'INSERT INTO CatalogoProducto VALUES (0011052,2018C1,4169,18.9,32,OUT)'),
(874, '2954585', '2018-01-22|18:26:28', 'INSERT', 'CatalogoProducto (EXCEL)', 'INSERT INTO CatalogoProducto VALUES (0011053,2018C1,4170,18.9,32,0.4)'),
(875, '2954585', '2018-01-22|18:26:28', 'INSERT', 'CatalogoProducto (EXCEL)', 'INSERT INTO CatalogoProducto VALUES (0011055,2018C1,4175,18.9,32,OUT)'),
(876, '2954585', '2018-01-22|18:26:28', 'INSERT', 'CatalogoProducto (EXCEL)', 'INSERT INTO CatalogoProducto VALUES (0011056,2018C1,4177,18.9,32,OUT)'),
(877, '2954585', '2018-01-22|18:26:28', 'INSERT', 'CatalogoProducto (EXCEL)', 'INSERT INTO CatalogoProducto VALUES (0011058,2018C1,4180,18.9,32,OUT)'),
(878, '2954585', '2018-01-22|18:26:28', 'INSERT', 'CatalogoProducto (EXCEL)', 'INSERT INTO CatalogoProducto VALUES (0011059,2018C1,4181,18.9,32,OUT)'),
(879, '2954585', '2018-01-22|18:26:28', 'INSERT', 'CatalogoProducto (EXCEL)', 'INSERT INTO CatalogoProducto VALUES (0011314,2018C1,4586,18.9,32,0.4)'),
(880, '2954585', '2018-01-22|18:26:28', 'INSERT', 'CatalogoProducto (EXCEL)', 'INSERT INTO CatalogoProducto VALUES (0011047,2018C1,4600,18.9,32,40% (SUG 1))'),
(881, '2954585', '2018-01-22|18:26:28', 'INSERT', 'CatalogoProducto (EXCEL)', 'INSERT INTO CatalogoProducto VALUES (0011048,2018C1,4601,18.9,32,40% (SUG 1))'),
(882, '2954585', '2018-01-22|18:26:28', 'INSERT', 'CatalogoProducto (EXCEL)', 'INSERT INTO CatalogoProducto VALUES (0011454,2018C1,4613,18.9,32,0.4)'),
(883, '2954585', '2018-01-22|18:26:28', 'INSERT', 'CatalogoProducto (EXCEL)', 'INSERT INTO CatalogoProducto VALUES (0011456,2018C1,4615,18.9,32,0.4)'),
(884, '2954585', '2018-01-22|18:26:28', 'INSERT', 'CatalogoProducto (EXCEL)', 'INSERT INTO CatalogoProducto VALUES (0011049,2018C1,4729,18.9,32,OUT)'),
(885, '2954585', '2018-01-22|18:26:28', 'INSERT', 'CatalogoProducto (EXCEL)', 'INSERT INTO CatalogoProducto VALUES (0011060,2018C1,4184,18.9,32,OUT)'),
(886, '2954585', '2018-01-22|18:26:28', 'INSERT', 'CatalogoProducto (EXCEL)', 'INSERT INTO CatalogoProducto VALUES (0011061,2018C1,4183,18.9,32,OUT)'),
(887, '2954585', '2018-01-22|18:26:28', 'INSERT', 'CatalogoProducto (EXCEL)', 'INSERT INTO CatalogoProducto VALUES (0011062,2018C1,4187,18.9,32,OUT)'),
(888, '2954585', '2018-01-22|18:26:28', 'INSERT', 'CatalogoProducto (EXCEL)', 'INSERT INTO CatalogoProducto VALUES (0011063,2018C1,4186,18.9,32,40% (SUG 2))'),
(889, '2954585', '2018-01-22|18:26:28', 'INSERT', 'CatalogoProducto (EXCEL)', 'INSERT INTO CatalogoProducto VALUES (0011111,2018C1,4190,19,32,0.4)'),
(890, '2954585', '2018-01-22|18:26:28', 'INSERT', 'CatalogoProducto (EXCEL)', 'INSERT INTO CatalogoProducto VALUES (0005114,2018C1,4460,19,32,0.4)'),
(891, '2954585', '2018-01-22|18:26:28', 'INSERT', 'CatalogoProducto (EXCEL)', 'INSERT INTO CatalogoProducto VALUES (0011110,2018C1,4189,19,32,0.4)'),
(892, '2954585', '2018-01-22|18:26:28', 'INSERT', 'CatalogoProducto (EXCEL)', 'INSERT INTO CatalogoProducto VALUES (0004347,2018C1,245,59,122,OUT)'),
(893, '2954585', '2018-01-22|18:26:28', 'INSERT', 'CatalogoProducto (EXCEL)', 'INSERT INTO CatalogoProducto VALUES (0011132,2018C1,291,98,154,OUT)'),
(894, '2954585', '2018-01-22|18:26:28', 'INSERT', 'CatalogoProducto (EXCEL)', 'INSERT INTO CatalogoProducto VALUES (0011065,2018C1,292,98,154,OUT)'),
(895, '2954585', '2018-01-22|18:26:28', 'INSERT', 'CatalogoProducto (EXCEL)', 'INSERT INTO CatalogoProducto VALUES (0004646,2018C1,231,176,176,35% + CAPI + CCUU)'),
(896, '2954585', '2018-01-22|18:26:28', 'INSERT', 'CatalogoProducto (EXCEL)', 'INSERT INTO CatalogoProducto VALUES (0011202,2018C1,312,42,42,OUT)'),
(897, '2954585', '2018-01-22|18:26:28', 'INSERT', 'CatalogoProducto (EXCEL)', 'INSERT INTO CatalogoProducto VALUES (0011234,2018C1,351,12.9,28,PI)'),
(898, '2954585', '2018-01-22|18:26:28', 'INSERT', 'CatalogoProducto (EXCEL)', 'INSERT INTO CatalogoProducto VALUES (0004476,2018C1,243,165,165,45% + DISCOVER)'),
(899, '2954585', '2018-01-22|18:26:28', 'INSERT', 'CatalogoProducto (EXCEL)', 'INSERT INTO CatalogoProducto VALUES (0011206,2018C1,313,42,42,OUT)'),
(900, '2954585', '2018-01-22|18:26:28', 'INSERT', 'CatalogoProducto (EXCEL)', 'INSERT INTO CatalogoProducto VALUES (0011239,2018C1,352,28,28,OUT)'),
(901, '2954585', '2018-01-22|18:26:28', 'INSERT', 'CatalogoProducto (EXCEL)', 'INSERT INTO CatalogoProducto VALUES (0004645,2018C1,232,92,176,OUT)'),
(902, '2954585', '2018-01-22|18:26:28', 'INSERT', 'CatalogoProducto (EXCEL)', 'INSERT INTO CatalogoProducto VALUES (0011205,2018C1,314,42,42,OUT)'),
(903, '2954585', '2018-01-22|18:26:28', 'INSERT', 'CatalogoProducto (EXCEL)', 'INSERT INTO CatalogoProducto VALUES (0011236,2018C1,353,12.9,28,PI)'),
(904, '2954585', '2018-01-22|18:26:28', 'INSERT', 'CatalogoProducto (EXCEL)', 'INSERT INTO CatalogoProducto VALUES (0002426,2018C1,233,165,165,OUT)'),
(905, '2954585', '2018-01-22|18:26:28', 'INSERT', 'CatalogoProducto (EXCEL)', 'INSERT INTO CatalogoProducto VALUES (0011276,2018C1,251,59,120,OUT)'),
(906, '2954585', '2018-01-22|18:26:28', 'INSERT', 'CatalogoProducto (EXCEL)', 'INSERT INTO CatalogoProducto VALUES (0011200,2018C1,294,69,115,MPA 50%)'),
(907, '2954585', '2018-01-22|18:26:28', 'INSERT', 'CatalogoProducto (EXCEL)', 'INSERT INTO CatalogoProducto VALUES (0011199,2018C1,293,69,115,MPA 50%)'),
(908, '2954585', '2018-01-22|18:26:28', 'INSERT', 'CatalogoProducto (EXCEL)', 'INSERT INTO CatalogoProducto VALUES (0011302,2018C1,2011,119,190,30%  GRATIS BL)'),
(909, '2954585', '2018-01-22|18:26:28', 'INSERT', 'CatalogoProducto (EXCEL)', 'INSERT INTO CatalogoProducto VALUES (0004684,2018C1,236,119,190,OUT)'),
(910, '2954585', '2018-01-22|18:26:28', 'INSERT', 'CatalogoProducto (EXCEL)', 'INSERT INTO CatalogoProducto VALUES (0011273,2018C1,303,35,58,0.35)'),
(911, '2954585', '2018-01-22|18:26:28', 'INSERT', 'CatalogoProducto (EXCEL)', 'INSERT INTO CatalogoProducto VALUES (0011274,2018C1,302,35,58,0.35)'),
(912, '2954585', '2018-01-22|18:26:28', 'INSERT', 'CatalogoProducto (EXCEL)', 'INSERT INTO CatalogoProducto VALUES (0002183,2018C1,230,99,176,SET CON DEO 45%)'),
(913, '2954585', '2018-01-22|18:26:28', 'INSERT', 'CatalogoProducto (EXCEL)', 'INSERT INTO CatalogoProducto VALUES (0011203,2018C1,315,42,42,OUT)'),
(914, '2954585', '2018-01-22|18:26:28', 'INSERT', 'CatalogoProducto (EXCEL)', 'INSERT INTO CatalogoProducto VALUES (0011235,2018C1,354,12.9,28,PI)'),
(915, '2954585', '2018-01-22|18:26:28', 'INSERT', 'CatalogoProducto (EXCEL)', 'INSERT INTO CatalogoProducto VALUES (0011337,2018C1,246,120,120,0.4)'),
(916, '2954585', '2018-01-22|18:26:28', 'INSERT', 'CatalogoProducto (EXCEL)', 'INSERT INTO CatalogoProducto VALUES (0011301,2018C1,2014,120,120,40% + DISCOVER)'),
(917, '2954585', '2018-01-22|18:26:28', 'INSERT', 'CatalogoProducto (EXCEL)', 'INSERT INTO CatalogoProducto VALUES (0002279,2018C1,240,154,154,OM 45%)'),
(918, '2954585', '2018-01-22|18:26:28', 'INSERT', 'CatalogoProducto (EXCEL)', 'INSERT INTO CatalogoProducto VALUES (0005133,2018C1,238,99,154,SET CON BL 50%)'),
(919, '2954585', '2018-01-22|18:26:28', 'INSERT', 'CatalogoProducto (EXCEL)', 'INSERT INTO CatalogoProducto VALUES (0011201,2018C1,318,42,42,OUT)'),
(920, '2954585', '2018-01-22|18:26:28', 'INSERT', 'CatalogoProducto (EXCEL)', 'INSERT INTO CatalogoProducto VALUES (0011237,2018C1,355,12.9,28,PI)'),
(921, '2954585', '2018-01-22|18:26:28', 'INSERT', 'CatalogoProducto (EXCEL)', 'INSERT INTO CatalogoProducto VALUES (0011204,2018C1,316,42,42,OUT)'),
(922, '2954585', '2018-01-22|18:26:28', 'INSERT', 'CatalogoProducto (EXCEL)', 'INSERT INTO CatalogoProducto VALUES (0011238,2018C1,357,28,28,OUT)'),
(923, '2954585', '2018-01-22|18:26:28', 'INSERT', 'CatalogoProducto (EXCEL)', 'INSERT INTO CatalogoProducto VALUES (0011419,2018C1,308,25,39,0.35)'),
(924, '2954585', '2018-01-22|18:26:28', 'INSERT', 'CatalogoProducto (EXCEL)', 'INSERT INTO CatalogoProducto VALUES (0011363,2018C1,411,25,39,35%+pp)'),
(925, '2954585', '2018-01-22|18:26:28', 'INSERT', 'CatalogoProducto (EXCEL)', 'INSERT INTO CatalogoProducto VALUES (0011420,2018C1,310,25,39,42)'),
(926, '2954585', '2018-01-22|18:26:28', 'INSERT', 'CatalogoProducto (EXCEL)', 'INSERT INTO CatalogoProducto VALUES (0011418,2018C1,309,25,39,0.35)'),
(927, '2954585', '2018-01-22|18:26:28', 'INSERT', 'CatalogoProducto (EXCEL)', 'INSERT INTO CatalogoProducto VALUES (0005138,2018C1,141,52,82,0.35)'),
(928, '2954585', '2018-01-22|18:26:28', 'INSERT', 'CatalogoProducto (EXCEL)', 'INSERT INTO CatalogoProducto VALUES (0005151,2018C1,139,26,55,PI)'),
(929, '2954585', '2018-01-22|18:26:28', 'INSERT', 'CatalogoProducto (EXCEL)', 'INSERT INTO CatalogoProducto VALUES (0005153,2018C1,142,26,42,0.35)'),
(930, '2954585', '2018-01-22|18:26:28', 'INSERT', 'CatalogoProducto (EXCEL)', 'INSERT INTO CatalogoProducto VALUES (0005152,2018C1,140,32,50,0.35)'),
(931, '2954585', '2018-01-22|18:26:28', 'INSERT', 'CatalogoProducto (EXCEL)', 'INSERT INTO CatalogoProducto VALUES (0011090,2018C1,29,25,52,PI)'),
(932, '2954585', '2018-01-22|18:26:28', 'INSERT', 'CatalogoProducto (EXCEL)', 'INSERT INTO CatalogoProducto VALUES (0011092,2018C1,54,24,38,0.35)'),
(933, '2954585', '2018-01-22|18:26:28', 'INSERT', 'CatalogoProducto (EXCEL)', 'INSERT INTO CatalogoProducto VALUES (0011089,2018C1,28,25,52,PI)'),
(934, '2954585', '2018-01-22|18:26:28', 'INSERT', 'CatalogoProducto (EXCEL)', 'INSERT INTO CatalogoProducto VALUES (0011091,2018C1,55,24,38,0.35)'),
(935, '2954585', '2018-01-22|18:26:28', 'INSERT', 'CatalogoProducto (EXCEL)', 'INSERT INTO CatalogoProducto VALUES (0005087,2018C1,329,106,106,out)'),
(936, '2954585', '2018-01-22|18:26:28', 'INSERT', 'CatalogoProducto (EXCEL)', 'INSERT INTO CatalogoProducto VALUES (0004694,2018C1,330,106,106,out)'),
(937, '2954585', '2018-01-22|18:26:28', 'INSERT', 'CatalogoProducto (EXCEL)', 'INSERT INTO CatalogoProducto VALUES (0011415,2018C1,338,17,34,PRECIO DIRECTO)'),
(938, '2954585', '2018-01-22|18:26:28', 'INSERT', 'CatalogoProducto (EXCEL)', 'INSERT INTO CatalogoProducto VALUES (0011417,2018C1,339,17,34,PRECIO DIRECTO)');
INSERT INTO `databaselog` (`idDatabaseLog`, `idColaborador`, `fechaHora`, `evento`, `tipo`, `consulta`) VALUES
(939, '2954585', '2018-01-22|18:26:28', 'INSERT', 'CatalogoProducto (EXCEL)', 'INSERT INTO CatalogoProducto VALUES (0011421,2018C1,424,17,34,PRECIO DIRECTO)'),
(940, '2954585', '2018-01-22|18:26:28', 'INSERT', 'CatalogoProducto (EXCEL)', 'INSERT INTO CatalogoProducto VALUES (0011365,2018C1,461,17,34,PRECIO DIRECTO)'),
(941, '2954585', '2018-01-22|18:26:28', 'INSERT', 'CatalogoProducto (EXCEL)', 'INSERT INTO CatalogoProducto VALUES (0011422,2018C1,425,17,34,PRECIO DIRECTO)'),
(942, '2954585', '2018-01-22|18:26:28', 'INSERT', 'CatalogoProducto (EXCEL)', 'INSERT INTO CatalogoProducto VALUES (0011197,2018C1,288,43,62,NIVEL 0 -acumulable)'),
(943, '2954585', '2018-01-22|18:26:28', 'INSERT', 'CatalogoProducto (EXCEL)', 'INSERT INTO CatalogoProducto VALUES (0011198,2018C1,289,43,62,NIVEL 0 -acumulable)'),
(944, '2954585', '2018-01-22|18:26:28', 'INSERT', 'CatalogoProducto (EXCEL)', 'INSERT INTO CatalogoProducto VALUES (0011012,2018C1,429,10.9,22,PI)'),
(945, '2954585', '2018-01-22|18:26:28', 'INSERT', 'CatalogoProducto (EXCEL)', 'INSERT INTO CatalogoProducto VALUES (0011026,2018C1,427,10.9,22,PI)'),
(946, '2954585', '2018-01-22|18:26:28', 'INSERT', 'CatalogoProducto (EXCEL)', 'INSERT INTO CatalogoProducto VALUES (0011025,2018C1,426,10.9,22,PI)'),
(947, '2954585', '2018-01-22|18:26:28', 'INSERT', 'CatalogoProducto (EXCEL)', 'INSERT INTO CatalogoProducto VALUES (0011290,2018C1,304,31,62,MPA 50%)'),
(948, '2954585', '2018-01-22|18:26:28', 'INSERT', 'CatalogoProducto (EXCEL)', 'INSERT INTO CatalogoProducto VALUES (0011289,2018C1,324,26,40,0.35)'),
(949, '2954585', '2018-01-22|18:26:28', 'INSERT', 'CatalogoProducto (EXCEL)', 'INSERT INTO CatalogoProducto VALUES (0011291,2018C1,328,36,56,0.35)'),
(950, '2954585', '2018-01-22|18:26:28', 'INSERT', 'CatalogoProducto (EXCEL)', 'INSERT INTO CatalogoProducto VALUES (0011002,2018C1,450,29,46,0.35)'),
(951, '2954585', '2018-01-22|18:26:28', 'INSERT', 'CatalogoProducto (EXCEL)', 'INSERT INTO CatalogoProducto VALUES (0011007,2018C1,451,29,46,0.35)'),
(952, '2954585', '2018-01-22|18:26:28', 'INSERT', 'CatalogoProducto (EXCEL)', 'INSERT INTO CatalogoProducto VALUES (0011293,2018C1,457,31,62,MPA 50%)'),
(953, '2954585', '2018-01-22|18:26:28', 'INSERT', 'CatalogoProducto (EXCEL)', 'INSERT INTO CatalogoProducto VALUES (0011292,2018C1,456,22,40,0.45)'),
(954, '2954585', '2018-01-22|18:26:28', 'INSERT', 'CatalogoProducto (EXCEL)', 'INSERT INTO CatalogoProducto VALUES (0003701,2018C1,346,12.9,26,PI)'),
(955, '2954585', '2018-01-22|18:26:28', 'INSERT', 'CatalogoProducto (EXCEL)', 'INSERT INTO CatalogoProducto VALUES (0003590,2018C1,347,12.9,26,PI)'),
(956, '2954585', '2018-01-22|18:26:28', 'INSERT', 'CatalogoProducto (EXCEL)', 'INSERT INTO CatalogoProducto VALUES (0011013,2018C1,261,34,68,0.3)'),
(957, '2954585', '2018-01-22|18:26:28', 'INSERT', 'CatalogoProducto (EXCEL)', 'INSERT INTO CatalogoProducto VALUES (0011014,2018C1,262,34,68,0.3)'),
(958, '2954585', '2018-01-22|18:26:28', 'INSERT', 'CatalogoProducto (EXCEL)', 'INSERT INTO CatalogoProducto VALUES (0011006,2018C1,287,32,55,2X1 CUALQUIER COMB)'),
(959, '2954585', '2018-01-22|18:26:28', 'INSERT', 'CatalogoProducto (EXCEL)', 'INSERT INTO CatalogoProducto VALUES (0011004,2018C1,286,32,55,2X1 CUALQUIER COMB)'),
(960, '2954585', '2018-01-22|18:26:28', 'INSERT', 'CatalogoProducto (EXCEL)', 'INSERT INTO CatalogoProducto VALUES (0011005,2018C1,285,32,55,2X1 CUALQUIER COMB)'),
(961, '2954585', '2018-01-22|18:26:28', 'INSERT', 'CatalogoProducto (EXCEL)', 'INSERT INTO CatalogoProducto VALUES (0004882,2018C1,273,65,65,0.35)'),
(962, '2954585', '2018-01-22|18:26:28', 'INSERT', 'CatalogoProducto (EXCEL)', 'INSERT INTO CatalogoProducto VALUES (0004883,2018C1,274,65,65,0.35)'),
(963, '2954585', '2018-01-22|18:26:28', 'INSERT', 'CatalogoProducto (EXCEL)', 'INSERT INTO CatalogoProducto VALUES (0011400,2018C1,2012,65,65,OUT)'),
(964, '2954585', '2018-01-22|18:26:28', 'INSERT', 'CatalogoProducto (EXCEL)', 'INSERT INTO CatalogoProducto VALUES (0011071,2018C1,237,65,65,0.35)'),
(965, '2954585', '2018-01-22|18:26:28', 'INSERT', 'CatalogoProducto (EXCEL)', 'INSERT INTO CatalogoProducto VALUES (0011336,2018C1,2100,65,65,OUT)'),
(966, '2954585', '2018-01-22|18:26:28', 'INSERT', 'CatalogoProducto (EXCEL)', 'INSERT INTO CatalogoProducto VALUES (0011260,2018C1,268,55,55,OUT)'),
(967, '2954585', '2018-01-22|18:26:28', 'INSERT', 'CatalogoProducto (EXCEL)', 'INSERT INTO CatalogoProducto VALUES (0011426,2018C1,2013,35,55,0.35)'),
(968, '2954585', '2018-01-22|18:26:28', 'INSERT', 'CatalogoProducto (EXCEL)', 'INSERT INTO CatalogoProducto VALUES (0011261,2018C1,267,35,55,0.35)'),
(969, '2954585', '2018-01-22|18:26:28', 'INSERT', 'CatalogoProducto (EXCEL)', 'INSERT INTO CatalogoProducto VALUES (0011262,2018C1,266,35,55,0.35)'),
(970, '2954585', '2018-01-22|18:26:28', 'INSERT', 'CatalogoProducto (EXCEL)', 'INSERT INTO CatalogoProducto VALUES (0005149,2018C1,331,59,98,35% + CAPI + CCUU)'),
(971, '2954585', '2018-01-22|18:26:28', 'INSERT', 'CatalogoProducto (EXCEL)', 'INSERT INTO CatalogoProducto VALUES (0011084,2018C1,452,32,54,0.4)'),
(972, '2954585', '2018-01-22|18:26:28', 'INSERT', 'CatalogoProducto (EXCEL)', 'INSERT INTO CatalogoProducto VALUES (0011083,2018C1,453,32,54,0.4)'),
(973, '2954585', '2018-01-22|18:26:28', 'INSERT', 'CatalogoProducto (EXCEL)', 'INSERT INTO CatalogoProducto VALUES (0011087,2018C1,443,36,60,0.4)'),
(974, '2954585', '2018-01-22|18:26:28', 'INSERT', 'CatalogoProducto (EXCEL)', 'INSERT INTO CatalogoProducto VALUES (0011086,2018C1,444,36,60,0.4)'),
(975, '2954585', '2018-01-22|18:26:28', 'INSERT', 'CatalogoProducto (EXCEL)', 'INSERT INTO CatalogoProducto VALUES (0011462,2018C1,463,36,60,0.4)'),
(976, '2954585', '2018-01-22|18:26:28', 'INSERT', 'CatalogoProducto (EXCEL)', 'INSERT INTO CatalogoProducto VALUES (0011461,2018C1,462,37,62,0.4)'),
(977, '2954585', '2018-01-22|18:26:28', 'INSERT', 'CatalogoProducto (EXCEL)', 'INSERT INTO CatalogoProducto VALUES (0004002,2018C1,217,125,125,30% / OE N1 y N2)'),
(978, '2954585', '2018-01-22|18:26:28', 'INSERT', 'CatalogoProducto (EXCEL)', 'INSERT INTO CatalogoProducto VALUES (0004770,2018C1,218,125,125,30% / OE N2)'),
(979, '2954585', '2018-01-22|18:26:28', 'INSERT', 'CatalogoProducto (EXCEL)', 'INSERT INTO CatalogoProducto VALUES (0011209,2018C1,442,44,44,OUT)'),
(980, '2954585', '2018-01-22|18:26:28', 'INSERT', 'CatalogoProducto (EXCEL)', 'INSERT INTO CatalogoProducto VALUES (0011229,2018C1,389,12.9,28,PI)'),
(981, '2954585', '2018-01-22|18:26:28', 'INSERT', 'CatalogoProducto (EXCEL)', 'INSERT INTO CatalogoProducto VALUES (0005030,2018C1,206,104,172,0.3)'),
(982, '2954585', '2018-01-22|18:26:28', 'INSERT', 'CatalogoProducto (EXCEL)', 'INSERT INTO CatalogoProducto VALUES (0005120,2018C1,213,94,172,OUT)'),
(983, '2954585', '2018-01-22|18:26:28', 'INSERT', 'CatalogoProducto (EXCEL)', 'INSERT INTO CatalogoProducto VALUES (0011066,2018C1,223,65,125,30% + REPEAT + DISCOVER)'),
(984, '2954585', '2018-01-22|18:26:28', 'INSERT', 'CatalogoProducto (EXCEL)', 'INSERT INTO CatalogoProducto VALUES (0011358,2018C1,203,190,190,OUT)'),
(985, '2954585', '2018-01-22|18:26:28', 'INSERT', 'CatalogoProducto (EXCEL)', 'INSERT INTO CatalogoProducto VALUES (0011304,2018C1,224,195,195,35% CXC CXC BILLETERA BARLO)'),
(986, '2954585', '2018-01-22|18:26:28', 'INSERT', 'CatalogoProducto (EXCEL)', 'INSERT INTO CatalogoProducto VALUES (0011362,2018C1,216,70,125,2X1 )'),
(987, '2954585', '2018-01-22|18:26:28', 'INSERT', 'CatalogoProducto (EXCEL)', 'INSERT INTO CatalogoProducto VALUES (0002645,2018C1,201,99,190,SET CON DEO 45%)'),
(988, '2954585', '2018-01-22|18:26:28', 'INSERT', 'CatalogoProducto (EXCEL)', 'INSERT INTO CatalogoProducto VALUES (0011207,2018C1,379,44,44,OUT)'),
(989, '2954585', '2018-01-22|18:26:28', 'INSERT', 'CatalogoProducto (EXCEL)', 'INSERT INTO CatalogoProducto VALUES (0011232,2018C1,393,12.9,28,PI)'),
(990, '2954585', '2018-01-22|18:26:28', 'INSERT', 'CatalogoProducto (EXCEL)', 'INSERT INTO CatalogoProducto VALUES (0000883,2018C1,200,190,190,0.3)'),
(991, '2954585', '2018-01-22|18:26:28', 'INSERT', 'CatalogoProducto (EXCEL)', 'INSERT INTO CatalogoProducto VALUES (0011210,2018C1,380,44,44,OUT)'),
(992, '2954585', '2018-01-22|18:26:28', 'INSERT', 'CatalogoProducto (EXCEL)', 'INSERT INTO CatalogoProducto VALUES (0011230,2018C1,392,12.9,28,SET CON FRAGANCIAS)'),
(993, '2954585', '2018-01-22|18:26:28', 'INSERT', 'CatalogoProducto (EXCEL)', 'INSERT INTO CatalogoProducto VALUES (0002998,2018C1,207,172,172,OM 45%)'),
(994, '2954585', '2018-01-22|18:26:28', 'INSERT', 'CatalogoProducto (EXCEL)', 'INSERT INTO CatalogoProducto VALUES (0004683,2018C1,205,208,208,35% + CAPI + CCUU + DISCOVER)'),
(995, '2954585', '2018-01-22|18:26:28', 'INSERT', 'CatalogoProducto (EXCEL)', 'INSERT INTO CatalogoProducto VALUES (0005029,2018C1,202,122,185,0.45)'),
(996, '2954585', '2018-01-22|18:26:28', 'INSERT', 'CatalogoProducto (EXCEL)', 'INSERT INTO CatalogoProducto VALUES (0011211,2018C1,440,44,44,(GRATIS FRAG))'),
(997, '2954585', '2018-01-22|18:26:28', 'INSERT', 'CatalogoProducto (EXCEL)', 'INSERT INTO CatalogoProducto VALUES (0011231,2018C1,390,28,28,OUT)'),
(998, '2954585', '2018-01-22|18:26:28', 'INSERT', 'CatalogoProducto (EXCEL)', 'INSERT INTO CatalogoProducto VALUES (0004493,2018C1,219,55,115,OUT)'),
(999, '2954585', '2018-01-22|18:26:28', 'INSERT', 'CatalogoProducto (EXCEL)', 'INSERT INTO CatalogoProducto VALUES (0005135,2018C1,208,109,172,0.3)'),
(1000, '2954585', '2018-01-22|18:26:28', 'INSERT', 'CatalogoProducto (EXCEL)', 'INSERT INTO CatalogoProducto VALUES (0011208,2018C1,458,44,44,OUT)'),
(1001, '2954585', '2018-01-22|18:26:28', 'INSERT', 'CatalogoProducto (EXCEL)', 'INSERT INTO CatalogoProducto VALUES (0011233,2018C1,387,12.9,28,PI)'),
(1002, '2954585', '2018-01-22|18:26:28', 'INSERT', 'CatalogoProducto (EXCEL)', 'INSERT INTO CatalogoProducto VALUES (0004495,2018C1,212,99,190,0.3)'),
(1003, '2954585', '2018-01-22|18:26:28', 'INSERT', 'CatalogoProducto (EXCEL)', 'INSERT INTO CatalogoProducto VALUES (0011212,2018C1,418,44,44,OUT)'),
(1004, '2954585', '2018-01-22|18:26:28', 'INSERT', 'CatalogoProducto (EXCEL)', 'INSERT INTO CatalogoProducto VALUES (0011240,2018C1,446,28,28,OUT)'),
(1005, '2954585', '2018-01-22|18:26:28', 'INSERT', 'CatalogoProducto (EXCEL)', 'INSERT INTO CatalogoProducto VALUES (0011001,2018C1,2102,99,190,0.3)'),
(1006, '2954585', '2018-01-22|18:26:28', 'INSERT', 'CatalogoProducto (EXCEL)', 'INSERT INTO CatalogoProducto VALUES (0004834,2018C1,270,115,115,OUT)'),
(1007, '2954585', '2018-01-22|18:26:28', 'INSERT', 'CatalogoProducto (EXCEL)', 'INSERT INTO CatalogoProducto VALUES (0005157,2018C1,372,27,55,PI)'),
(1008, '2954585', '2018-01-22|18:26:28', 'INSERT', 'CatalogoProducto (EXCEL)', 'INSERT INTO CatalogoProducto VALUES (0005147,2018C1,4,32,54,0.4)'),
(1009, '2954585', '2018-01-22|18:26:28', 'INSERT', 'CatalogoProducto (EXCEL)', 'INSERT INTO CatalogoProducto VALUES (0005148,2018C1,53,32,54,0.4)'),
(1010, '2954585', '2018-01-22|18:26:28', 'INSERT', 'CatalogoProducto (EXCEL)', 'INSERT INTO CatalogoProducto VALUES (0004647,2018C1,52,54,92,0.4)'),
(1011, '2954585', '2018-01-22|18:26:28', 'INSERT', 'CatalogoProducto (EXCEL)', 'INSERT INTO CatalogoProducto VALUES (0011017,2018C1,386,12.9,26,PI)'),
(1012, '2954585', '2018-01-22|18:27:48', 'INSERT', 'CatalogoProducto (EXCEL)', 'INSERT INTO CatalogoProducto VALUES (0004830,2018C1,11,42,66,0.35)'),
(1013, '2954585', '2018-01-22|18:27:48', 'INSERT', 'CatalogoProducto (EXCEL)', 'INSERT INTO CatalogoProducto VALUES (0004829,2018C1,12,42,66,0.35)'),
(1014, '2954585', '2018-01-22|18:27:48', 'INSERT', 'CatalogoProducto (EXCEL)', 'INSERT INTO CatalogoProducto VALUES (0011180,2018C1,13,42,65,0.35)'),
(1015, '2954585', '2018-01-22|18:27:48', 'INSERT', 'CatalogoProducto (EXCEL)', 'INSERT INTO CatalogoProducto VALUES (0011272,2018C1,14,42,65,0.35)'),
(1016, '2954585', '2018-01-22|18:27:48', 'INSERT', 'CatalogoProducto (EXCEL)', 'INSERT INTO CatalogoProducto VALUES (0004734,2018C1,15,85,131,0.35)'),
(1017, '2954585', '2018-01-22|18:27:48', 'INSERT', 'CatalogoProducto (EXCEL)', 'INSERT INTO CatalogoProducto VALUES (0004733,2018C1,17,109,205,0.45)'),
(1018, '2954585', '2018-01-22|18:27:48', 'INSERT', 'CatalogoProducto (EXCEL)', 'INSERT INTO CatalogoProducto VALUES (0004653,2018C1,19,119,188,0.35)'),
(1019, '2954585', '2018-01-22|18:27:48', 'INSERT', 'CatalogoProducto (EXCEL)', 'INSERT INTO CatalogoProducto VALUES (0011266,2018C1,143,139,240,0.4)'),
(1020, '2954585', '2018-01-22|18:27:48', 'INSERT', 'CatalogoProducto (EXCEL)', 'INSERT INTO CatalogoProducto VALUES (0004671,2018C1,5,28.5,57,MPA 50%)'),
(1021, '2954585', '2018-01-22|18:27:48', 'INSERT', 'CatalogoProducto (EXCEL)', 'INSERT INTO CatalogoProducto VALUES (0004655,2018C1,1,28.5,57,MPA 50%)'),
(1022, '2954585', '2018-01-22|18:27:48', 'INSERT', 'CatalogoProducto (EXCEL)', 'INSERT INTO CatalogoProducto VALUES (0004652,2018C1,8,62,98,0.35)'),
(1023, '2954585', '2018-01-22|18:27:48', 'INSERT', 'CatalogoProducto (EXCEL)', 'INSERT INTO CatalogoProducto VALUES (0005069,2018C1,20,79,153,0.45)'),
(1024, '2954585', '2018-01-22|18:27:48', 'INSERT', 'CatalogoProducto (EXCEL)', 'INSERT INTO CatalogoProducto VALUES (0004651,2018C1,9,55,89,0.35)'),
(1025, '2954585', '2018-01-22|18:27:48', 'INSERT', 'CatalogoProducto (EXCEL)', 'INSERT INTO CatalogoProducto VALUES (0004654,2018C1,2,25.5,51,MPA 50%)'),
(1026, '2954585', '2018-01-22|18:27:48', 'INSERT', 'CatalogoProducto (EXCEL)', 'INSERT INTO CatalogoProducto VALUES (0004670,2018C1,6,25.5,51,MPA 50%)'),
(1027, '2954585', '2018-01-22|18:27:48', 'INSERT', 'CatalogoProducto (EXCEL)', 'INSERT INTO CatalogoProducto VALUES (0004630,2018C1,18,94,149,0.35)'),
(1028, '2954585', '2018-01-22|18:27:48', 'INSERT', 'CatalogoProducto (EXCEL)', 'INSERT INTO CatalogoProducto VALUES (0011471,2018C1,7,62,98,CAPI (62/40))'),
(1029, '2954585', '2018-01-22|18:27:48', 'INSERT', 'CatalogoProducto (EXCEL)', 'INSERT INTO CatalogoProducto VALUES (0011028,2018C1,67,62,98,CAPI (62/40))'),
(1030, '2954585', '2018-01-22|18:27:48', 'INSERT', 'CatalogoProducto (EXCEL)', 'INSERT INTO CatalogoProducto VALUES (0004750,2018C1,3,39,69,0.4)'),
(1031, '2954585', '2018-01-22|18:27:48', 'INSERT', 'CatalogoProducto (EXCEL)', 'INSERT INTO CatalogoProducto VALUES (0004828,2018C1,21,105,178,0.4)'),
(1032, '2954585', '2018-01-22|18:27:48', 'INSERT', 'CatalogoProducto (EXCEL)', 'INSERT INTO CatalogoProducto VALUES (0005009,2018C1,64,115,195,0.4)'),
(1033, '2954585', '2018-01-22|18:27:48', 'INSERT', 'CatalogoProducto (EXCEL)', 'INSERT INTO CatalogoProducto VALUES (0011517,2018C1,31,85,85,OUT)'),
(1034, '2954585', '2018-01-22|18:27:48', 'INSERT', 'CatalogoProducto (EXCEL)', 'INSERT INTO CatalogoProducto VALUES (0004348,2018C1,24,64,110,0.4)'),
(1035, '2954585', '2018-01-22|18:27:48', 'INSERT', 'CatalogoProducto (EXCEL)', 'INSERT INTO CatalogoProducto VALUES (0011029,2018C1,4008,48,48,OUT- boletin S/.29.90)'),
(1036, '2954585', '2018-01-22|18:27:48', 'INSERT', 'CatalogoProducto (EXCEL)', 'INSERT INTO CatalogoProducto VALUES (0011030,2018C1,4009,48,48,OUT- boletin S/.29.90)'),
(1037, '2954585', '2018-01-22|18:27:48', 'INSERT', 'CatalogoProducto (EXCEL)', 'INSERT INTO CatalogoProducto VALUES (0011031,2018C1,4010,48,48,OUT- boletin S/.29.90)'),
(1038, '2954585', '2018-01-22|18:27:48', 'INSERT', 'CatalogoProducto (EXCEL)', 'INSERT INTO CatalogoProducto VALUES (0004936,2018C1,4023,56,81,0.3)'),
(1039, '2954585', '2018-01-22|18:27:48', 'INSERT', 'CatalogoProducto (EXCEL)', 'INSERT INTO CatalogoProducto VALUES (0004937,2018C1,4024,56,81,0.3)'),
(1040, '2954585', '2018-01-22|18:27:48', 'INSERT', 'CatalogoProducto (EXCEL)', 'INSERT INTO CatalogoProducto VALUES (0004938,2018C1,4025,56,81,0.3)'),
(1041, '2954585', '2018-01-22|18:27:48', 'INSERT', 'CatalogoProducto (EXCEL)', 'INSERT INTO CatalogoProducto VALUES (0004939,2018C1,4026,56,81,0.3)'),
(1042, '2954585', '2018-01-22|18:27:48', 'INSERT', 'CatalogoProducto (EXCEL)', 'INSERT INTO CatalogoProducto VALUES (0004940,2018C1,4027,56,81,0.3)'),
(1043, '2954585', '2018-01-22|18:27:48', 'INSERT', 'CatalogoProducto (EXCEL)', 'INSERT INTO CatalogoProducto VALUES (0004942,2018C1,4029,56,81,0.3)'),
(1044, '2954585', '2018-01-22|18:27:48', 'INSERT', 'CatalogoProducto (EXCEL)', 'INSERT INTO CatalogoProducto VALUES (0004943,2018C1,4030,56,81,0.3)'),
(1045, '2954585', '2018-01-22|18:27:48', 'INSERT', 'CatalogoProducto (EXCEL)', 'INSERT INTO CatalogoProducto VALUES (0004944,2018C1,4031,56,81,0.3)'),
(1046, '2954585', '2018-01-22|18:27:48', 'INSERT', 'CatalogoProducto (EXCEL)', 'INSERT INTO CatalogoProducto VALUES (0004945,2018C1,4032,56,81,0.3)'),
(1047, '2954585', '2018-01-22|18:27:48', 'INSERT', 'CatalogoProducto (EXCEL)', 'INSERT INTO CatalogoProducto VALUES (0004946,2018C1,4033,56,81,0.3)'),
(1048, '2954585', '2018-01-22|18:27:48', 'INSERT', 'CatalogoProducto (EXCEL)', 'INSERT INTO CatalogoProducto VALUES (0005106,2018C1,4684,54,99,MPA 45%)'),
(1049, '2954585', '2018-01-22|18:27:48', 'INSERT', 'CatalogoProducto (EXCEL)', 'INSERT INTO CatalogoProducto VALUES (0005107,2018C1,4685,54,99,MPA 45%)'),
(1050, '2954585', '2018-01-22|18:27:48', 'INSERT', 'CatalogoProducto (EXCEL)', 'INSERT INTO CatalogoProducto VALUES (0005108,2018C1,4686,54,99,MPA 45%)'),
(1051, '2954585', '2018-01-22|18:27:48', 'INSERT', 'CatalogoProducto (EXCEL)', 'INSERT INTO CatalogoProducto VALUES (0005109,2018C1,4687,54,99,MPA 45%)'),
(1052, '2954585', '2018-01-22|18:27:48', 'INSERT', 'CatalogoProducto (EXCEL)', 'INSERT INTO CatalogoProducto VALUES (0005110,2018C1,4039,54,99,MPA 45%)'),
(1053, '2954585', '2018-01-22|18:27:48', 'INSERT', 'CatalogoProducto (EXCEL)', 'INSERT INTO CatalogoProducto VALUES (0004849,2018C1,4000,48,74,0.35)'),
(1054, '2954585', '2018-01-22|18:27:48', 'INSERT', 'CatalogoProducto (EXCEL)', 'INSERT INTO CatalogoProducto VALUES (0004850,2018C1,4001,48,74,0.35)'),
(1055, '2954585', '2018-01-22|18:27:48', 'INSERT', 'CatalogoProducto (EXCEL)', 'INSERT INTO CatalogoProducto VALUES (0004851,2018C1,4002,48,74,0.35)'),
(1056, '2954585', '2018-01-22|18:27:48', 'INSERT', 'CatalogoProducto (EXCEL)', 'INSERT INTO CatalogoProducto VALUES (0005102,2018C1,4004,78,78,OUT - Boletin S/.50)'),
(1057, '2954585', '2018-01-22|18:27:48', 'INSERT', 'CatalogoProducto (EXCEL)', 'INSERT INTO CatalogoProducto VALUES (0005103,2018C1,4005,78,78,OUT - Boletin S/.50)'),
(1058, '2954585', '2018-01-22|18:27:48', 'INSERT', 'CatalogoProducto (EXCEL)', 'INSERT INTO CatalogoProducto VALUES (0005104,2018C1,4006,78,78,OUT - Boletin S/.50)'),
(1059, '2954585', '2018-01-22|18:27:48', 'INSERT', 'CatalogoProducto (EXCEL)', 'INSERT INTO CatalogoProducto VALUES (0005099,2018C1,4041,58,91,20+20%)'),
(1060, '2954585', '2018-01-22|18:27:48', 'INSERT', 'CatalogoProducto (EXCEL)', 'INSERT INTO CatalogoProducto VALUES (0005100,2018C1,4042,58,91,20+20%)'),
(1061, '2954585', '2018-01-22|18:27:48', 'INSERT', 'CatalogoProducto (EXCEL)', 'INSERT INTO CatalogoProducto VALUES (0005101,2018C1,4043,58,91,20+20%)'),
(1062, '2954585', '2018-01-22|18:27:48', 'INSERT', 'CatalogoProducto (EXCEL)', 'INSERT INTO CatalogoProducto VALUES (0004884,2018C1,4015,50,78,0.35)'),
(1063, '2954585', '2018-01-22|18:27:48', 'INSERT', 'CatalogoProducto (EXCEL)', 'INSERT INTO CatalogoProducto VALUES (0004885,2018C1,4018,50,78,0.35)'),
(1064, '2954585', '2018-01-22|18:27:48', 'INSERT', 'CatalogoProducto (EXCEL)', 'INSERT INTO CatalogoProducto VALUES (0004886,2018C1,4021,50,78,0.35)'),
(1065, '2954585', '2018-01-22|18:27:48', 'INSERT', 'CatalogoProducto (EXCEL)', 'INSERT INTO CatalogoProducto VALUES (0004887,2018C1,4017,50,78,0.35)'),
(1066, '2954585', '2018-01-22|18:27:48', 'INSERT', 'CatalogoProducto (EXCEL)', 'INSERT INTO CatalogoProducto VALUES (0004888,2018C1,4012,50,78,35% (SUG))'),
(1067, '2954585', '2018-01-22|18:27:48', 'INSERT', 'CatalogoProducto (EXCEL)', 'INSERT INTO CatalogoProducto VALUES (0004889,2018C1,4016,50,78,0.35)'),
(1068, '2954585', '2018-01-22|18:27:48', 'INSERT', 'CatalogoProducto (EXCEL)', 'INSERT INTO CatalogoProducto VALUES (0011372,2018C1,4674,28.9,57,PD S/ 28.90)'),
(1069, '2954585', '2018-01-22|18:27:48', 'INSERT', 'CatalogoProducto (EXCEL)', 'INSERT INTO CatalogoProducto VALUES (0011373,2018C1,4671,28.9,57,PD S/ 28.90 (SUG))'),
(1070, '2954585', '2018-01-22|18:27:48', 'INSERT', 'CatalogoProducto (EXCEL)', 'INSERT INTO CatalogoProducto VALUES (0011393,2018C1,4672,28.9,57,PD S/ 28.90)'),
(1071, '2954585', '2018-01-22|18:27:48', 'INSERT', 'CatalogoProducto (EXCEL)', 'INSERT INTO CatalogoProducto VALUES (0011394,2018C1,4673,28.9,57,PD S/ 28.90)'),
(1072, '2954585', '2018-01-22|18:27:48', 'INSERT', 'CatalogoProducto (EXCEL)', 'INSERT INTO CatalogoProducto VALUES (0011395,2018C1,4675,28.9,57,PD S/ 28.90 (SUG))'),
(1073, '2954585', '2018-01-22|18:27:48', 'INSERT', 'CatalogoProducto (EXCEL)', 'INSERT INTO CatalogoProducto VALUES (0011464,2018C1,4669,26.9,54,PD S/ 26.90)'),
(1074, '2954585', '2018-01-22|18:27:48', 'INSERT', 'CatalogoProducto (EXCEL)', 'INSERT INTO CatalogoProducto VALUES (0011465,2018C1,4670,26.9,54,PD S/ 26.90 (SUG))'),
(1075, '2954585', '2018-01-22|18:27:48', 'INSERT', 'CatalogoProducto (EXCEL)', 'INSERT INTO CatalogoProducto VALUES (0004836,2018C1,4121,75,75,OUT)'),
(1076, '2954585', '2018-01-22|18:27:48', 'INSERT', 'CatalogoProducto (EXCEL)', 'INSERT INTO CatalogoProducto VALUES (0004837,2018C1,4122,75,75,OUT)'),
(1077, '2954585', '2018-01-22|18:27:48', 'INSERT', 'CatalogoProducto (EXCEL)', 'INSERT INTO CatalogoProducto VALUES (0004838,2018C1,4123,75,75,OUT)'),
(1078, '2954585', '2018-01-22|18:27:48', 'INSERT', 'CatalogoProducto (EXCEL)', 'INSERT INTO CatalogoProducto VALUES (0004839,2018C1,4124,75,75,OUT)'),
(1079, '2954585', '2018-01-22|18:27:48', 'INSERT', 'CatalogoProducto (EXCEL)', 'INSERT INTO CatalogoProducto VALUES (0004845,2018C1,4130,75,75,OUT)'),
(1080, '2954585', '2018-01-22|18:27:48', 'INSERT', 'CatalogoProducto (EXCEL)', 'INSERT INTO CatalogoProducto VALUES (0004843,2018C1,4128,75,75,OUT)'),
(1081, '2954585', '2018-01-22|18:27:48', 'INSERT', 'CatalogoProducto (EXCEL)', 'INSERT INTO CatalogoProducto VALUES (0004841,2018C1,4126,75,75,OUT)'),
(1082, '2954585', '2018-01-22|18:27:48', 'INSERT', 'CatalogoProducto (EXCEL)', 'INSERT INTO CatalogoProducto VALUES (0011064,2018C1,4127,75,75,OUT)'),
(1083, '2954585', '2018-01-22|18:27:48', 'INSERT', 'CatalogoProducto (EXCEL)', 'INSERT INTO CatalogoProducto VALUES (0011278,2018C1,4667,39.9,68,PD S/ 39.90)'),
(1084, '2954585', '2018-01-22|18:27:48', 'INSERT', 'CatalogoProducto (EXCEL)', 'INSERT INTO CatalogoProducto VALUES (0011279,2018C1,4658,39.9,68,PD S/ 39.90)'),
(1085, '2954585', '2018-01-22|18:27:48', 'INSERT', 'CatalogoProducto (EXCEL)', 'INSERT INTO CatalogoProducto VALUES (0005139,2018C1,4471,61.9,97,PD S/ 61.90)'),
(1086, '2954585', '2018-01-22|18:27:48', 'INSERT', 'CatalogoProducto (EXCEL)', 'INSERT INTO CatalogoProducto VALUES (0011639,2018C1,4703,61.9,97,PD S/ 61.90)'),
(1087, '2954585', '2018-01-22|18:27:48', 'INSERT', 'CatalogoProducto (EXCEL)', 'INSERT INTO CatalogoProducto VALUES (0005140,2018C1,4472,61.9,97,PD S/ 61.90)'),
(1088, '2954585', '2018-01-22|18:27:48', 'INSERT', 'CatalogoProducto (EXCEL)', 'INSERT INTO CatalogoProducto VALUES (0011512,2018C1,4618,61.9,97,OUT)'),
(1089, '2954585', '2018-01-22|18:27:48', 'INSERT', 'CatalogoProducto (EXCEL)', 'INSERT INTO CatalogoProducto VALUES (0004422,2018C1,4118,60,60,OUT)'),
(1090, '2954585', '2018-01-22|18:27:48', 'INSERT', 'CatalogoProducto (EXCEL)', 'INSERT INTO CatalogoProducto VALUES (0011334,2018C1,4681,64,64,OUT)'),
(1091, '2954585', '2018-01-22|18:27:48', 'INSERT', 'CatalogoProducto (EXCEL)', 'INSERT INTO CatalogoProducto VALUES (0011333,2018C1,4683,32,54,40% (Especial WP))'),
(1092, '2954585', '2018-01-22|18:27:48', 'INSERT', 'CatalogoProducto (EXCEL)', 'INSERT INTO CatalogoProducto VALUES (0011277,2018C1,4094,39,56,30% + Capi (Especial WP))'),
(1093, '2954585', '2018-01-22|18:27:48', 'INSERT', 'CatalogoProducto (EXCEL)', 'INSERT INTO CatalogoProducto VALUES (0011370,2018C1,4682,27,46,40% (Especial WP))'),
(1094, '2954585', '2018-01-22|18:27:48', 'INSERT', 'CatalogoProducto (EXCEL)', 'INSERT INTO CatalogoProducto VALUES (0003529,2018C1,4153,50,50,OUT)'),
(1095, '2954585', '2018-01-22|18:27:48', 'INSERT', 'CatalogoProducto (EXCEL)', 'INSERT INTO CatalogoProducto VALUES (0003911,2018C1,4157,32,50,0.35)'),
(1096, '2954585', '2018-01-22|18:27:48', 'INSERT', 'CatalogoProducto (EXCEL)', 'INSERT INTO CatalogoProducto VALUES (0011251,2018C1,4159,32,54,0.4)'),
(1097, '2954585', '2018-01-22|18:27:48', 'INSERT', 'CatalogoProducto (EXCEL)', 'INSERT INTO CatalogoProducto VALUES (0011252,2018C1,4160,32,54,0.4)'),
(1098, '2954585', '2018-01-22|18:27:48', 'INSERT', 'CatalogoProducto (EXCEL)', 'INSERT INTO CatalogoProducto VALUES (0011253,2018C1,4161,32,54,0.4)'),
(1099, '2954585', '2018-01-22|18:27:48', 'INSERT', 'CatalogoProducto (EXCEL)', 'INSERT INTO CatalogoProducto VALUES (0011112,2018C1,4474,43,43,OUT)'),
(1100, '2954585', '2018-01-22|18:27:48', 'INSERT', 'CatalogoProducto (EXCEL)', 'INSERT INTO CatalogoProducto VALUES (0011085,2018C1,4473,43,43,OUT)'),
(1101, '2954585', '2018-01-22|18:27:48', 'INSERT', 'CatalogoProducto (EXCEL)', 'INSERT INTO CatalogoProducto VALUES (0004153,2018C1,4162,62,62,OUT)'),
(1102, '2954585', '2018-01-22|18:27:48', 'INSERT', 'CatalogoProducto (EXCEL)', 'INSERT INTO CatalogoProducto VALUES (0011218,2018C1,4163,27,39,30% CxC Tajador)'),
(1103, '2954585', '2018-01-22|18:27:48', 'INSERT', 'CatalogoProducto (EXCEL)', 'INSERT INTO CatalogoProducto VALUES (0011024,2018C1,4141,39,39,OUT)'),
(1104, '2954585', '2018-01-22|18:27:48', 'INSERT', 'CatalogoProducto (EXCEL)', 'INSERT INTO CatalogoProducto VALUES (0011213,2018C1,4142,39,39,OUT)'),
(1105, '2954585', '2018-01-22|18:27:48', 'INSERT', 'CatalogoProducto (EXCEL)', 'INSERT INTO CatalogoProducto VALUES (0011216,2018C1,4148,39,39,OUT)'),
(1106, '2954585', '2018-01-22|18:27:48', 'INSERT', 'CatalogoProducto (EXCEL)', 'INSERT INTO CatalogoProducto VALUES (0011215,2018C1,4143,39,39,OUT)'),
(1107, '2954585', '2018-01-22|18:27:48', 'INSERT', 'CatalogoProducto (EXCEL)', 'INSERT INTO CatalogoProducto VALUES (0011263,2018C1,4665,19.9,38,PD S/ 19.90)'),
(1108, '2954585', '2018-01-22|18:27:48', 'INSERT', 'CatalogoProducto (EXCEL)', 'INSERT INTO CatalogoProducto VALUES (0004891,2018C1,4067,32,50,OUT)'),
(1109, '2954585', '2018-01-22|18:27:48', 'INSERT', 'CatalogoProducto (EXCEL)', 'INSERT INTO CatalogoProducto VALUES (0004893,2018C1,4045,32,50,20+20%)'),
(1110, '2954585', '2018-01-22|18:27:48', 'INSERT', 'CatalogoProducto (EXCEL)', 'INSERT INTO CatalogoProducto VALUES (0004896,2018C1,4054,32,50,OUT)'),
(1111, '2954585', '2018-01-22|18:27:48', 'INSERT', 'CatalogoProducto (EXCEL)', 'INSERT INTO CatalogoProducto VALUES (0004892,2018C1,4044,32,50,20+20%)'),
(1112, '2954585', '2018-01-22|18:27:48', 'INSERT', 'CatalogoProducto (EXCEL)', 'INSERT INTO CatalogoProducto VALUES (0004894,2018C1,4052,32,50,20+20%)'),
(1113, '2954585', '2018-01-22|18:27:48', 'INSERT', 'CatalogoProducto (EXCEL)', 'INSERT INTO CatalogoProducto VALUES (0004901,2018C1,4061,32,50,OUT)'),
(1114, '2954585', '2018-01-22|18:27:48', 'INSERT', 'CatalogoProducto (EXCEL)', 'INSERT INTO CatalogoProducto VALUES (0004898,2018C1,4062,32,50,20+20%)'),
(1115, '2954585', '2018-01-22|18:27:48', 'INSERT', 'CatalogoProducto (EXCEL)', 'INSERT INTO CatalogoProducto VALUES (0004902,2018C1,4055,32,50,20+20%)'),
(1116, '2954585', '2018-01-22|18:27:48', 'INSERT', 'CatalogoProducto (EXCEL)', 'INSERT INTO CatalogoProducto VALUES (0004895,2018C1,4053,32,50,20+20%)'),
(1117, '2954585', '2018-01-22|18:27:48', 'INSERT', 'CatalogoProducto (EXCEL)', 'INSERT INTO CatalogoProducto VALUES (0004897,2018C1,4065,32,50,20+20%)'),
(1118, '2954585', '2018-01-22|18:27:48', 'INSERT', 'CatalogoProducto (EXCEL)', 'INSERT INTO CatalogoProducto VALUES (0004900,2018C1,4049,32,50,20+20%)'),
(1119, '2954585', '2018-01-22|18:27:48', 'INSERT', 'CatalogoProducto (EXCEL)', 'INSERT INTO CatalogoProducto VALUES (0004966,2018C1,4064,32,50,20+20%)'),
(1120, '2954585', '2018-01-22|18:27:48', 'INSERT', 'CatalogoProducto (EXCEL)', 'INSERT INTO CatalogoProducto VALUES (0004890,2018C1,4066,32,50,OUT)'),
(1121, '2954585', '2018-01-22|18:27:48', 'INSERT', 'CatalogoProducto (EXCEL)', 'INSERT INTO CatalogoProducto VALUES (0011536,2018C1,4644,32,50,20+20%)'),
(1122, '2954585', '2018-01-22|18:27:48', 'INSERT', 'CatalogoProducto (EXCEL)', 'INSERT INTO CatalogoProducto VALUES (0011447,2018C1,4606,32,50,20+20%)'),
(1123, '2954585', '2018-01-22|18:27:48', 'INSERT', 'CatalogoProducto (EXCEL)', 'INSERT INTO CatalogoProducto VALUES (0011449,2018C1,4608,32,50,20+20%)'),
(1124, '2954585', '2018-01-22|18:27:48', 'INSERT', 'CatalogoProducto (EXCEL)', 'INSERT INTO CatalogoProducto VALUES (0011450,2018C1,4609,32,50,20+20%)'),
(1125, '2954585', '2018-01-22|18:27:48', 'INSERT', 'CatalogoProducto (EXCEL)', 'INSERT INTO CatalogoProducto VALUES (0011451,2018C1,4610,32,50,20+20%)'),
(1126, '2954585', '2018-01-22|18:27:48', 'INSERT', 'CatalogoProducto (EXCEL)', 'INSERT INTO CatalogoProducto VALUES (0005050,2018C1,4396,31,58,MPA 45%)'),
(1127, '2954585', '2018-01-22|18:27:48', 'INSERT', 'CatalogoProducto (EXCEL)', 'INSERT INTO CatalogoProducto VALUES (0011474,2018C1,4397,31,58,MPA 45%)'),
(1128, '2954585', '2018-01-22|18:27:48', 'INSERT', 'CatalogoProducto (EXCEL)', 'INSERT INTO CatalogoProducto VALUES (0011476,2018C1,4399,31,58,MPA 45%)'),
(1129, '2954585', '2018-01-22|18:27:48', 'INSERT', 'CatalogoProducto (EXCEL)', 'INSERT INTO CatalogoProducto VALUES (0011478,2018C1,4530,31,58,MPA 45%)'),
(1130, '2954585', '2018-01-22|18:27:48', 'INSERT', 'CatalogoProducto (EXCEL)', 'INSERT INTO CatalogoProducto VALUES (0005055,2018C1,4405,54,54,OUT)'),
(1131, '2954585', '2018-01-22|18:27:48', 'INSERT', 'CatalogoProducto (EXCEL)', 'INSERT INTO CatalogoProducto VALUES (0005056,2018C1,4406,54,54,OUT)'),
(1132, '2954585', '2018-01-22|18:27:48', 'INSERT', 'CatalogoProducto (EXCEL)', 'INSERT INTO CatalogoProducto VALUES (0005057,2018C1,4407,54,54,OUT)'),
(1133, '2954585', '2018-01-22|18:27:48', 'INSERT', 'CatalogoProducto (EXCEL)', 'INSERT INTO CatalogoProducto VALUES (0005059,2018C1,4409,54,54,OUT)'),
(1134, '2954585', '2018-01-22|18:27:48', 'INSERT', 'CatalogoProducto (EXCEL)', 'INSERT INTO CatalogoProducto VALUES (0005060,2018C1,4410,54,54,OUT)'),
(1135, '2954585', '2018-01-22|18:27:48', 'INSERT', 'CatalogoProducto (EXCEL)', 'INSERT INTO CatalogoProducto VALUES (0005061,2018C1,4411,48,48,OUT)'),
(1136, '2954585', '2018-01-22|18:27:48', 'INSERT', 'CatalogoProducto (EXCEL)', 'INSERT INTO CatalogoProducto VALUES (0005062,2018C1,4412,48,48,OUT)'),
(1137, '2954585', '2018-01-22|18:27:48', 'INSERT', 'CatalogoProducto (EXCEL)', 'INSERT INTO CatalogoProducto VALUES (0005063,2018C1,4413,48,48,OUT)'),
(1138, '2954585', '2018-01-22|18:27:48', 'INSERT', 'CatalogoProducto (EXCEL)', 'INSERT INTO CatalogoProducto VALUES (0005064,2018C1,4414,48,48,OUT)'),
(1139, '2954585', '2018-01-22|18:27:48', 'INSERT', 'CatalogoProducto (EXCEL)', 'INSERT INTO CatalogoProducto VALUES (0005065,2018C1,4415,48,48,OUT)'),
(1140, '2954585', '2018-01-22|18:27:48', 'INSERT', 'CatalogoProducto (EXCEL)', 'INSERT INTO CatalogoProducto VALUES (0005066,2018C1,4416,48,48,OUT)'),
(1141, '2954585', '2018-01-22|18:27:48', 'INSERT', 'CatalogoProducto (EXCEL)', 'INSERT INTO CatalogoProducto VALUES (0011142,2018C1,4528,54,54,OUT)'),
(1142, '2954585', '2018-01-22|18:27:48', 'INSERT', 'CatalogoProducto (EXCEL)', 'INSERT INTO CatalogoProducto VALUES (0011510,2018C1,4527,54,54,OUT)'),
(1143, '2954585', '2018-01-22|18:27:48', 'INSERT', 'CatalogoProducto (EXCEL)', 'INSERT INTO CatalogoProducto VALUES (0011504,2018C1,4420,54,54,OUT)'),
(1144, '2954585', '2018-01-22|18:27:48', 'INSERT', 'CatalogoProducto (EXCEL)', 'INSERT INTO CatalogoProducto VALUES (0011141,2018C1,4083,54,54,OUT)'),
(1145, '2954585', '2018-01-22|18:27:48', 'INSERT', 'CatalogoProducto (EXCEL)', 'INSERT INTO CatalogoProducto VALUES (0011507,2018C1,4082,54,54,OUT)'),
(1146, '2954585', '2018-01-22|18:27:48', 'INSERT', 'CatalogoProducto (EXCEL)', 'INSERT INTO CatalogoProducto VALUES (0011506,2018C1,4081,54,54,OUT)'),
(1147, '2954585', '2018-01-22|18:27:48', 'INSERT', 'CatalogoProducto (EXCEL)', 'INSERT INTO CatalogoProducto VALUES (0005121,2018C1,4464,60,60,OUT)'),
(1148, '2954585', '2018-01-22|18:27:48', 'INSERT', 'CatalogoProducto (EXCEL)', 'INSERT INTO CatalogoProducto VALUES (0005122,2018C1,4465,60,60,OUT)'),
(1149, '2954585', '2018-01-22|18:27:48', 'INSERT', 'CatalogoProducto (EXCEL)', 'INSERT INTO CatalogoProducto VALUES (0005123,2018C1,4466,60,60,OUT)'),
(1150, '2954585', '2018-01-22|18:27:48', 'INSERT', 'CatalogoProducto (EXCEL)', 'INSERT INTO CatalogoProducto VALUES (0005124,2018C1,4467,60,60,OUT)'),
(1151, '2954585', '2018-01-22|18:27:48', 'INSERT', 'CatalogoProducto (EXCEL)', 'INSERT INTO CatalogoProducto VALUES (0005125,2018C1,4468,60,60,OUT)'),
(1152, '2954585', '2018-01-22|18:27:48', 'INSERT', 'CatalogoProducto (EXCEL)', 'INSERT INTO CatalogoProducto VALUES (0005126,2018C1,4469,60,60,OUT)'),
(1153, '2954585', '2018-01-22|18:27:48', 'INSERT', 'CatalogoProducto (EXCEL)', 'INSERT INTO CatalogoProducto VALUES (0005127,2018C1,4470,60,60,OUT)'),
(1154, '2954585', '2018-01-22|18:27:48', 'INSERT', 'CatalogoProducto (EXCEL)', 'INSERT INTO CatalogoProducto VALUES (0011224,2018C1,4107,24,38,0.35)'),
(1155, '2954585', '2018-01-22|18:27:48', 'INSERT', 'CatalogoProducto (EXCEL)', 'INSERT INTO CatalogoProducto VALUES (0011219,2018C1,4110,24,38,0.35)'),
(1156, '2954585', '2018-01-22|18:27:48', 'INSERT', 'CatalogoProducto (EXCEL)', 'INSERT INTO CatalogoProducto VALUES (0011227,2018C1,4108,24,38,OUT)'),
(1157, '2954585', '2018-01-22|18:27:48', 'INSERT', 'CatalogoProducto (EXCEL)', 'INSERT INTO CatalogoProducto VALUES (0011222,2018C1,4106,24,38,35% (SUG))'),
(1158, '2954585', '2018-01-22|18:27:48', 'INSERT', 'CatalogoProducto (EXCEL)', 'INSERT INTO CatalogoProducto VALUES (0011226,2018C1,4109,24,38,0.35)'),
(1159, '2954585', '2018-01-22|18:27:48', 'INSERT', 'CatalogoProducto (EXCEL)', 'INSERT INTO CatalogoProducto VALUES (0011254,2018C1,4657,19.9,35,PD S/19.90 (SUG))'),
(1160, '2954585', '2018-01-22|18:27:48', 'INSERT', 'CatalogoProducto (EXCEL)', 'INSERT INTO CatalogoProducto VALUES (0011285,2018C1,4651,19.9,35,PD S/19.90)'),
(1161, '2954585', '2018-01-22|18:27:48', 'INSERT', 'CatalogoProducto (EXCEL)', 'INSERT INTO CatalogoProducto VALUES (0011287,2018C1,4661,19.9,35,PD S/19.90)'),
(1162, '2954585', '2018-01-22|18:27:48', 'INSERT', 'CatalogoProducto (EXCEL)', 'INSERT INTO CatalogoProducto VALUES (0011288,2018C1,4653,19.9,35,PD S/19.90)'),
(1163, '2954585', '2018-01-22|18:27:48', 'INSERT', 'CatalogoProducto (EXCEL)', 'INSERT INTO CatalogoProducto VALUES (0011286,2018C1,4656,19.9,35,PD S/19.90)'),
(1164, '2954585', '2018-01-22|18:27:48', 'INSERT', 'CatalogoProducto (EXCEL)', 'INSERT INTO CatalogoProducto VALUES (0011284,2018C1,4655,19.9,35,PD S/19.90)'),
(1165, '2954585', '2018-01-22|18:27:48', 'INSERT', 'CatalogoProducto (EXCEL)', 'INSERT INTO CatalogoProducto VALUES (0011282,2018C1,4652,19.9,35,PD S/19.90)'),
(1166, '2954585', '2018-01-22|18:27:48', 'INSERT', 'CatalogoProducto (EXCEL)', 'INSERT INTO CatalogoProducto VALUES (0011283,2018C1,4664,19.9,35,PD S/19.90)'),
(1167, '2954585', '2018-01-22|18:27:48', 'INSERT', 'CatalogoProducto (EXCEL)', 'INSERT INTO CatalogoProducto VALUES (0011341,2018C1,4668,34,34,OUT)'),
(1168, '2954585', '2018-01-22|18:27:48', 'INSERT', 'CatalogoProducto (EXCEL)', 'INSERT INTO CatalogoProducto VALUES (0011342,2018C1,4654,34,34,OUT)'),
(1169, '2954585', '2018-01-22|18:27:48', 'INSERT', 'CatalogoProducto (EXCEL)', 'INSERT INTO CatalogoProducto VALUES (0011343,2018C1,4659,34,34,OUT)'),
(1170, '2954585', '2018-01-22|18:27:48', 'INSERT', 'CatalogoProducto (EXCEL)', 'INSERT INTO CatalogoProducto VALUES (0011344,2018C1,4660,34,34,OUT)'),
(1171, '2954585', '2018-01-22|18:27:48', 'INSERT', 'CatalogoProducto (EXCEL)', 'INSERT INTO CatalogoProducto VALUES (0011345,2018C1,4662,34,34,OUT)'),
(1172, '2954585', '2018-01-22|18:27:48', 'INSERT', 'CatalogoProducto (EXCEL)', 'INSERT INTO CatalogoProducto VALUES (0011346,2018C1,4663,34,34,OUT)'),
(1173, '2954585', '2018-01-22|18:27:48', 'INSERT', 'CatalogoProducto (EXCEL)', 'INSERT INTO CatalogoProducto VALUES (0011050,2018C1,4166,18.9,32,OUT)'),
(1174, '2954585', '2018-01-22|18:27:48', 'INSERT', 'CatalogoProducto (EXCEL)', 'INSERT INTO CatalogoProducto VALUES (0011051,2018C1,4168,18.9,32,0.4)'),
(1175, '2954585', '2018-01-22|18:27:48', 'INSERT', 'CatalogoProducto (EXCEL)', 'INSERT INTO CatalogoProducto VALUES (0011052,2018C1,4169,18.9,32,OUT)'),
(1176, '2954585', '2018-01-22|18:27:48', 'INSERT', 'CatalogoProducto (EXCEL)', 'INSERT INTO CatalogoProducto VALUES (0011053,2018C1,4170,18.9,32,0.4)'),
(1177, '2954585', '2018-01-22|18:27:48', 'INSERT', 'CatalogoProducto (EXCEL)', 'INSERT INTO CatalogoProducto VALUES (0011055,2018C1,4175,18.9,32,OUT)'),
(1178, '2954585', '2018-01-22|18:27:48', 'INSERT', 'CatalogoProducto (EXCEL)', 'INSERT INTO CatalogoProducto VALUES (0011056,2018C1,4177,18.9,32,OUT)'),
(1179, '2954585', '2018-01-22|18:27:48', 'INSERT', 'CatalogoProducto (EXCEL)', 'INSERT INTO CatalogoProducto VALUES (0011058,2018C1,4180,18.9,32,OUT)'),
(1180, '2954585', '2018-01-22|18:27:48', 'INSERT', 'CatalogoProducto (EXCEL)', 'INSERT INTO CatalogoProducto VALUES (0011059,2018C1,4181,18.9,32,OUT)'),
(1181, '2954585', '2018-01-22|18:27:48', 'INSERT', 'CatalogoProducto (EXCEL)', 'INSERT INTO CatalogoProducto VALUES (0011314,2018C1,4586,18.9,32,0.4)'),
(1182, '2954585', '2018-01-22|18:27:48', 'INSERT', 'CatalogoProducto (EXCEL)', 'INSERT INTO CatalogoProducto VALUES (0011047,2018C1,4600,18.9,32,40% (SUG 1))'),
(1183, '2954585', '2018-01-22|18:27:48', 'INSERT', 'CatalogoProducto (EXCEL)', 'INSERT INTO CatalogoProducto VALUES (0011048,2018C1,4601,18.9,32,40% (SUG 1))'),
(1184, '2954585', '2018-01-22|18:27:48', 'INSERT', 'CatalogoProducto (EXCEL)', 'INSERT INTO CatalogoProducto VALUES (0011454,2018C1,4613,18.9,32,0.4)'),
(1185, '2954585', '2018-01-22|18:27:48', 'INSERT', 'CatalogoProducto (EXCEL)', 'INSERT INTO CatalogoProducto VALUES (0011456,2018C1,4615,18.9,32,0.4)'),
(1186, '2954585', '2018-01-22|18:27:48', 'INSERT', 'CatalogoProducto (EXCEL)', 'INSERT INTO CatalogoProducto VALUES (0011049,2018C1,4729,18.9,32,OUT)'),
(1187, '2954585', '2018-01-22|18:27:48', 'INSERT', 'CatalogoProducto (EXCEL)', 'INSERT INTO CatalogoProducto VALUES (0011060,2018C1,4184,18.9,32,OUT)'),
(1188, '2954585', '2018-01-22|18:27:48', 'INSERT', 'CatalogoProducto (EXCEL)', 'INSERT INTO CatalogoProducto VALUES (0011061,2018C1,4183,18.9,32,OUT)'),
(1189, '2954585', '2018-01-22|18:27:48', 'INSERT', 'CatalogoProducto (EXCEL)', 'INSERT INTO CatalogoProducto VALUES (0011062,2018C1,4187,18.9,32,OUT)'),
(1190, '2954585', '2018-01-22|18:27:48', 'INSERT', 'CatalogoProducto (EXCEL)', 'INSERT INTO CatalogoProducto VALUES (0011063,2018C1,4186,18.9,32,40% (SUG 2))'),
(1191, '2954585', '2018-01-22|18:27:48', 'INSERT', 'CatalogoProducto (EXCEL)', 'INSERT INTO CatalogoProducto VALUES (0011111,2018C1,4190,19,32,0.4)'),
(1192, '2954585', '2018-01-22|18:27:48', 'INSERT', 'CatalogoProducto (EXCEL)', 'INSERT INTO CatalogoProducto VALUES (0005114,2018C1,4460,19,32,0.4)'),
(1193, '2954585', '2018-01-22|18:27:48', 'INSERT', 'CatalogoProducto (EXCEL)', 'INSERT INTO CatalogoProducto VALUES (0011110,2018C1,4189,19,32,0.4)'),
(1194, '2954585', '2018-01-22|18:27:48', 'INSERT', 'CatalogoProducto (EXCEL)', 'INSERT INTO CatalogoProducto VALUES (0004347,2018C1,245,59,122,OUT)'),
(1195, '2954585', '2018-01-22|18:27:48', 'INSERT', 'CatalogoProducto (EXCEL)', 'INSERT INTO CatalogoProducto VALUES (0011132,2018C1,291,98,154,OUT)'),
(1196, '2954585', '2018-01-22|18:27:48', 'INSERT', 'CatalogoProducto (EXCEL)', 'INSERT INTO CatalogoProducto VALUES (0011065,2018C1,292,98,154,OUT)'),
(1197, '2954585', '2018-01-22|18:27:48', 'INSERT', 'CatalogoProducto (EXCEL)', 'INSERT INTO CatalogoProducto VALUES (0004646,2018C1,231,176,176,35% + CAPI + CCUU)'),
(1198, '2954585', '2018-01-22|18:27:48', 'INSERT', 'CatalogoProducto (EXCEL)', 'INSERT INTO CatalogoProducto VALUES (0011202,2018C1,312,42,42,OUT)'),
(1199, '2954585', '2018-01-22|18:27:48', 'INSERT', 'CatalogoProducto (EXCEL)', 'INSERT INTO CatalogoProducto VALUES (0011234,2018C1,351,12.9,28,PI)'),
(1200, '2954585', '2018-01-22|18:27:48', 'INSERT', 'CatalogoProducto (EXCEL)', 'INSERT INTO CatalogoProducto VALUES (0004476,2018C1,243,165,165,45% + DISCOVER)'),
(1201, '2954585', '2018-01-22|18:27:48', 'INSERT', 'CatalogoProducto (EXCEL)', 'INSERT INTO CatalogoProducto VALUES (0011206,2018C1,313,42,42,OUT)'),
(1202, '2954585', '2018-01-22|18:27:48', 'INSERT', 'CatalogoProducto (EXCEL)', 'INSERT INTO CatalogoProducto VALUES (0011239,2018C1,352,28,28,OUT)'),
(1203, '2954585', '2018-01-22|18:27:48', 'INSERT', 'CatalogoProducto (EXCEL)', 'INSERT INTO CatalogoProducto VALUES (0004645,2018C1,232,92,176,OUT)'),
(1204, '2954585', '2018-01-22|18:27:48', 'INSERT', 'CatalogoProducto (EXCEL)', 'INSERT INTO CatalogoProducto VALUES (0011205,2018C1,314,42,42,OUT)'),
(1205, '2954585', '2018-01-22|18:27:48', 'INSERT', 'CatalogoProducto (EXCEL)', 'INSERT INTO CatalogoProducto VALUES (0011236,2018C1,353,12.9,28,PI)'),
(1206, '2954585', '2018-01-22|18:27:48', 'INSERT', 'CatalogoProducto (EXCEL)', 'INSERT INTO CatalogoProducto VALUES (0002426,2018C1,233,165,165,OUT)'),
(1207, '2954585', '2018-01-22|18:27:48', 'INSERT', 'CatalogoProducto (EXCEL)', 'INSERT INTO CatalogoProducto VALUES (0011276,2018C1,251,59,120,OUT)'),
(1208, '2954585', '2018-01-22|18:27:48', 'INSERT', 'CatalogoProducto (EXCEL)', 'INSERT INTO CatalogoProducto VALUES (0011200,2018C1,294,69,115,MPA 50%)'),
(1209, '2954585', '2018-01-22|18:27:48', 'INSERT', 'CatalogoProducto (EXCEL)', 'INSERT INTO CatalogoProducto VALUES (0011199,2018C1,293,69,115,MPA 50%)'),
(1210, '2954585', '2018-01-22|18:27:48', 'INSERT', 'CatalogoProducto (EXCEL)', 'INSERT INTO CatalogoProducto VALUES (0011302,2018C1,2011,119,190,30%  GRATIS BL)'),
(1211, '2954585', '2018-01-22|18:27:48', 'INSERT', 'CatalogoProducto (EXCEL)', 'INSERT INTO CatalogoProducto VALUES (0004684,2018C1,236,119,190,OUT)'),
(1212, '2954585', '2018-01-22|18:27:48', 'INSERT', 'CatalogoProducto (EXCEL)', 'INSERT INTO CatalogoProducto VALUES (0011273,2018C1,303,35,58,0.35)'),
(1213, '2954585', '2018-01-22|18:27:48', 'INSERT', 'CatalogoProducto (EXCEL)', 'INSERT INTO CatalogoProducto VALUES (0011274,2018C1,302,35,58,0.35)'),
(1214, '2954585', '2018-01-22|18:27:48', 'INSERT', 'CatalogoProducto (EXCEL)', 'INSERT INTO CatalogoProducto VALUES (0002183,2018C1,230,99,176,SET CON DEO 45%)'),
(1215, '2954585', '2018-01-22|18:27:48', 'INSERT', 'CatalogoProducto (EXCEL)', 'INSERT INTO CatalogoProducto VALUES (0011203,2018C1,315,42,42,OUT)'),
(1216, '2954585', '2018-01-22|18:27:48', 'INSERT', 'CatalogoProducto (EXCEL)', 'INSERT INTO CatalogoProducto VALUES (0011235,2018C1,354,12.9,28,PI)'),
(1217, '2954585', '2018-01-22|18:27:48', 'INSERT', 'CatalogoProducto (EXCEL)', 'INSERT INTO CatalogoProducto VALUES (0011337,2018C1,246,120,120,0.4)'),
(1218, '2954585', '2018-01-22|18:27:48', 'INSERT', 'CatalogoProducto (EXCEL)', 'INSERT INTO CatalogoProducto VALUES (0011301,2018C1,2014,120,120,40% + DISCOVER)'),
(1219, '2954585', '2018-01-22|18:27:48', 'INSERT', 'CatalogoProducto (EXCEL)', 'INSERT INTO CatalogoProducto VALUES (0002279,2018C1,240,154,154,OM 45%)'),
(1220, '2954585', '2018-01-22|18:27:48', 'INSERT', 'CatalogoProducto (EXCEL)', 'INSERT INTO CatalogoProducto VALUES (0005133,2018C1,238,99,154,SET CON BL 50%)'),
(1221, '2954585', '2018-01-22|18:27:48', 'INSERT', 'CatalogoProducto (EXCEL)', 'INSERT INTO CatalogoProducto VALUES (0011201,2018C1,318,42,42,OUT)'),
(1222, '2954585', '2018-01-22|18:27:48', 'INSERT', 'CatalogoProducto (EXCEL)', 'INSERT INTO CatalogoProducto VALUES (0011237,2018C1,355,12.9,28,PI)'),
(1223, '2954585', '2018-01-22|18:27:48', 'INSERT', 'CatalogoProducto (EXCEL)', 'INSERT INTO CatalogoProducto VALUES (0011204,2018C1,316,42,42,OUT)'),
(1224, '2954585', '2018-01-22|18:27:48', 'INSERT', 'CatalogoProducto (EXCEL)', 'INSERT INTO CatalogoProducto VALUES (0011238,2018C1,357,28,28,OUT)'),
(1225, '2954585', '2018-01-22|18:27:48', 'INSERT', 'CatalogoProducto (EXCEL)', 'INSERT INTO CatalogoProducto VALUES (0011419,2018C1,308,25,39,0.35)'),
(1226, '2954585', '2018-01-22|18:27:48', 'INSERT', 'CatalogoProducto (EXCEL)', 'INSERT INTO CatalogoProducto VALUES (0011363,2018C1,411,25,39,35%+pp)'),
(1227, '2954585', '2018-01-22|18:27:48', 'INSERT', 'CatalogoProducto (EXCEL)', 'INSERT INTO CatalogoProducto VALUES (0011420,2018C1,310,25,39,42)'),
(1228, '2954585', '2018-01-22|18:27:48', 'INSERT', 'CatalogoProducto (EXCEL)', 'INSERT INTO CatalogoProducto VALUES (0011418,2018C1,309,25,39,0.35)'),
(1229, '2954585', '2018-01-22|18:27:48', 'INSERT', 'CatalogoProducto (EXCEL)', 'INSERT INTO CatalogoProducto VALUES (0005138,2018C1,141,52,82,0.35)'),
(1230, '2954585', '2018-01-22|18:27:48', 'INSERT', 'CatalogoProducto (EXCEL)', 'INSERT INTO CatalogoProducto VALUES (0005151,2018C1,139,26,55,PI)'),
(1231, '2954585', '2018-01-22|18:27:48', 'INSERT', 'CatalogoProducto (EXCEL)', 'INSERT INTO CatalogoProducto VALUES (0005153,2018C1,142,26,42,0.35)'),
(1232, '2954585', '2018-01-22|18:27:48', 'INSERT', 'CatalogoProducto (EXCEL)', 'INSERT INTO CatalogoProducto VALUES (0005152,2018C1,140,32,50,0.35)'),
(1233, '2954585', '2018-01-22|18:27:48', 'INSERT', 'CatalogoProducto (EXCEL)', 'INSERT INTO CatalogoProducto VALUES (0011090,2018C1,29,25,52,PI)'),
(1234, '2954585', '2018-01-22|18:27:48', 'INSERT', 'CatalogoProducto (EXCEL)', 'INSERT INTO CatalogoProducto VALUES (0011092,2018C1,54,24,38,0.35)'),
(1235, '2954585', '2018-01-22|18:27:48', 'INSERT', 'CatalogoProducto (EXCEL)', 'INSERT INTO CatalogoProducto VALUES (0011089,2018C1,28,25,52,PI)'),
(1236, '2954585', '2018-01-22|18:27:48', 'INSERT', 'CatalogoProducto (EXCEL)', 'INSERT INTO CatalogoProducto VALUES (0011091,2018C1,55,24,38,0.35)'),
(1237, '2954585', '2018-01-22|18:27:48', 'INSERT', 'CatalogoProducto (EXCEL)', 'INSERT INTO CatalogoProducto VALUES (0005087,2018C1,329,106,106,out)'),
(1238, '2954585', '2018-01-22|18:27:48', 'INSERT', 'CatalogoProducto (EXCEL)', 'INSERT INTO CatalogoProducto VALUES (0004694,2018C1,330,106,106,out)'),
(1239, '2954585', '2018-01-22|18:27:48', 'INSERT', 'CatalogoProducto (EXCEL)', 'INSERT INTO CatalogoProducto VALUES (0011415,2018C1,338,17,34,PRECIO DIRECTO)'),
(1240, '2954585', '2018-01-22|18:27:48', 'INSERT', 'CatalogoProducto (EXCEL)', 'INSERT INTO CatalogoProducto VALUES (0011417,2018C1,339,17,34,PRECIO DIRECTO)'),
(1241, '2954585', '2018-01-22|18:27:48', 'INSERT', 'CatalogoProducto (EXCEL)', 'INSERT INTO CatalogoProducto VALUES (0011421,2018C1,424,17,34,PRECIO DIRECTO)'),
(1242, '2954585', '2018-01-22|18:27:48', 'INSERT', 'CatalogoProducto (EXCEL)', 'INSERT INTO CatalogoProducto VALUES (0011365,2018C1,461,17,34,PRECIO DIRECTO)'),
(1243, '2954585', '2018-01-22|18:27:48', 'INSERT', 'CatalogoProducto (EXCEL)', 'INSERT INTO CatalogoProducto VALUES (0011422,2018C1,425,17,34,PRECIO DIRECTO)'),
(1244, '2954585', '2018-01-22|18:27:48', 'INSERT', 'CatalogoProducto (EXCEL)', 'INSERT INTO CatalogoProducto VALUES (0011197,2018C1,288,43,62,NIVEL 0 -acumulable)'),
(1245, '2954585', '2018-01-22|18:27:48', 'INSERT', 'CatalogoProducto (EXCEL)', 'INSERT INTO CatalogoProducto VALUES (0011198,2018C1,289,43,62,NIVEL 0 -acumulable)'),
(1246, '2954585', '2018-01-22|18:27:48', 'INSERT', 'CatalogoProducto (EXCEL)', 'INSERT INTO CatalogoProducto VALUES (0011012,2018C1,429,10.9,22,PI)'),
(1247, '2954585', '2018-01-22|18:27:48', 'INSERT', 'CatalogoProducto (EXCEL)', 'INSERT INTO CatalogoProducto VALUES (0011026,2018C1,427,10.9,22,PI)'),
(1248, '2954585', '2018-01-22|18:27:48', 'INSERT', 'CatalogoProducto (EXCEL)', 'INSERT INTO CatalogoProducto VALUES (0011025,2018C1,426,10.9,22,PI)'),
(1249, '2954585', '2018-01-22|18:27:48', 'INSERT', 'CatalogoProducto (EXCEL)', 'INSERT INTO CatalogoProducto VALUES (0011290,2018C1,304,31,62,MPA 50%)'),
(1250, '2954585', '2018-01-22|18:27:48', 'INSERT', 'CatalogoProducto (EXCEL)', 'INSERT INTO CatalogoProducto VALUES (0011289,2018C1,324,26,40,0.35)'),
(1251, '2954585', '2018-01-22|18:27:48', 'INSERT', 'CatalogoProducto (EXCEL)', 'INSERT INTO CatalogoProducto VALUES (0011291,2018C1,328,36,56,0.35)'),
(1252, '2954585', '2018-01-22|18:27:48', 'INSERT', 'CatalogoProducto (EXCEL)', 'INSERT INTO CatalogoProducto VALUES (0011002,2018C1,450,29,46,0.35)'),
(1253, '2954585', '2018-01-22|18:27:48', 'INSERT', 'CatalogoProducto (EXCEL)', 'INSERT INTO CatalogoProducto VALUES (0011007,2018C1,451,29,46,0.35)'),
(1254, '2954585', '2018-01-22|18:27:48', 'INSERT', 'CatalogoProducto (EXCEL)', 'INSERT INTO CatalogoProducto VALUES (0011293,2018C1,457,31,62,MPA 50%)'),
(1255, '2954585', '2018-01-22|18:27:48', 'INSERT', 'CatalogoProducto (EXCEL)', 'INSERT INTO CatalogoProducto VALUES (0011292,2018C1,456,22,40,0.45)'),
(1256, '2954585', '2018-01-22|18:27:48', 'INSERT', 'CatalogoProducto (EXCEL)', 'INSERT INTO CatalogoProducto VALUES (0003701,2018C1,346,12.9,26,PI)'),
(1257, '2954585', '2018-01-22|18:27:48', 'INSERT', 'CatalogoProducto (EXCEL)', 'INSERT INTO CatalogoProducto VALUES (0003590,2018C1,347,12.9,26,PI)'),
(1258, '2954585', '2018-01-22|18:27:48', 'INSERT', 'CatalogoProducto (EXCEL)', 'INSERT INTO CatalogoProducto VALUES (0011013,2018C1,261,34,68,0.3)'),
(1259, '2954585', '2018-01-22|18:27:48', 'INSERT', 'CatalogoProducto (EXCEL)', 'INSERT INTO CatalogoProducto VALUES (0011014,2018C1,262,34,68,0.3)'),
(1260, '2954585', '2018-01-22|18:27:48', 'INSERT', 'CatalogoProducto (EXCEL)', 'INSERT INTO CatalogoProducto VALUES (0011006,2018C1,287,32,55,2X1 CUALQUIER COMB)'),
(1261, '2954585', '2018-01-22|18:27:48', 'INSERT', 'CatalogoProducto (EXCEL)', 'INSERT INTO CatalogoProducto VALUES (0011004,2018C1,286,32,55,2X1 CUALQUIER COMB)'),
(1262, '2954585', '2018-01-22|18:27:48', 'INSERT', 'CatalogoProducto (EXCEL)', 'INSERT INTO CatalogoProducto VALUES (0011005,2018C1,285,32,55,2X1 CUALQUIER COMB)'),
(1263, '2954585', '2018-01-22|18:27:48', 'INSERT', 'CatalogoProducto (EXCEL)', 'INSERT INTO CatalogoProducto VALUES (0004882,2018C1,273,65,65,0.35)'),
(1264, '2954585', '2018-01-22|18:27:48', 'INSERT', 'CatalogoProducto (EXCEL)', 'INSERT INTO CatalogoProducto VALUES (0004883,2018C1,274,65,65,0.35)'),
(1265, '2954585', '2018-01-22|18:27:48', 'INSERT', 'CatalogoProducto (EXCEL)', 'INSERT INTO CatalogoProducto VALUES (0011400,2018C1,2012,65,65,OUT)'),
(1266, '2954585', '2018-01-22|18:27:48', 'INSERT', 'CatalogoProducto (EXCEL)', 'INSERT INTO CatalogoProducto VALUES (0011071,2018C1,237,65,65,0.35)');
INSERT INTO `databaselog` (`idDatabaseLog`, `idColaborador`, `fechaHora`, `evento`, `tipo`, `consulta`) VALUES
(1267, '2954585', '2018-01-22|18:27:48', 'INSERT', 'CatalogoProducto (EXCEL)', 'INSERT INTO CatalogoProducto VALUES (0011336,2018C1,2100,65,65,OUT)'),
(1268, '2954585', '2018-01-22|18:27:48', 'INSERT', 'CatalogoProducto (EXCEL)', 'INSERT INTO CatalogoProducto VALUES (0011260,2018C1,268,55,55,OUT)'),
(1269, '2954585', '2018-01-22|18:27:48', 'INSERT', 'CatalogoProducto (EXCEL)', 'INSERT INTO CatalogoProducto VALUES (0011426,2018C1,2013,35,55,0.35)'),
(1270, '2954585', '2018-01-22|18:27:48', 'INSERT', 'CatalogoProducto (EXCEL)', 'INSERT INTO CatalogoProducto VALUES (0011261,2018C1,267,35,55,0.35)'),
(1271, '2954585', '2018-01-22|18:27:48', 'INSERT', 'CatalogoProducto (EXCEL)', 'INSERT INTO CatalogoProducto VALUES (0011262,2018C1,266,35,55,0.35)'),
(1272, '2954585', '2018-01-22|18:27:48', 'INSERT', 'CatalogoProducto (EXCEL)', 'INSERT INTO CatalogoProducto VALUES (0005149,2018C1,331,59,98,35% + CAPI + CCUU)'),
(1273, '2954585', '2018-01-22|18:27:48', 'INSERT', 'CatalogoProducto (EXCEL)', 'INSERT INTO CatalogoProducto VALUES (0011084,2018C1,452,32,54,0.4)'),
(1274, '2954585', '2018-01-22|18:27:48', 'INSERT', 'CatalogoProducto (EXCEL)', 'INSERT INTO CatalogoProducto VALUES (0011083,2018C1,453,32,54,0.4)'),
(1275, '2954585', '2018-01-22|18:27:48', 'INSERT', 'CatalogoProducto (EXCEL)', 'INSERT INTO CatalogoProducto VALUES (0011087,2018C1,443,36,60,0.4)'),
(1276, '2954585', '2018-01-22|18:27:48', 'INSERT', 'CatalogoProducto (EXCEL)', 'INSERT INTO CatalogoProducto VALUES (0011086,2018C1,444,36,60,0.4)'),
(1277, '2954585', '2018-01-22|18:27:48', 'INSERT', 'CatalogoProducto (EXCEL)', 'INSERT INTO CatalogoProducto VALUES (0011462,2018C1,463,36,60,0.4)'),
(1278, '2954585', '2018-01-22|18:27:48', 'INSERT', 'CatalogoProducto (EXCEL)', 'INSERT INTO CatalogoProducto VALUES (0011461,2018C1,462,37,62,0.4)'),
(1279, '2954585', '2018-01-22|18:27:48', 'INSERT', 'CatalogoProducto (EXCEL)', 'INSERT INTO CatalogoProducto VALUES (0004002,2018C1,217,125,125,30% / OE N1 y N2)'),
(1280, '2954585', '2018-01-22|18:27:48', 'INSERT', 'CatalogoProducto (EXCEL)', 'INSERT INTO CatalogoProducto VALUES (0004770,2018C1,218,125,125,30% / OE N2)'),
(1281, '2954585', '2018-01-22|18:27:48', 'INSERT', 'CatalogoProducto (EXCEL)', 'INSERT INTO CatalogoProducto VALUES (0011209,2018C1,442,44,44,OUT)'),
(1282, '2954585', '2018-01-22|18:27:48', 'INSERT', 'CatalogoProducto (EXCEL)', 'INSERT INTO CatalogoProducto VALUES (0011229,2018C1,389,12.9,28,PI)'),
(1283, '2954585', '2018-01-22|18:27:48', 'INSERT', 'CatalogoProducto (EXCEL)', 'INSERT INTO CatalogoProducto VALUES (0005030,2018C1,206,104,172,0.3)'),
(1284, '2954585', '2018-01-22|18:27:48', 'INSERT', 'CatalogoProducto (EXCEL)', 'INSERT INTO CatalogoProducto VALUES (0005120,2018C1,213,94,172,OUT)'),
(1285, '2954585', '2018-01-22|18:27:48', 'INSERT', 'CatalogoProducto (EXCEL)', 'INSERT INTO CatalogoProducto VALUES (0011066,2018C1,223,65,125,30% + REPEAT + DISCOVER)'),
(1286, '2954585', '2018-01-22|18:27:48', 'INSERT', 'CatalogoProducto (EXCEL)', 'INSERT INTO CatalogoProducto VALUES (0011358,2018C1,203,190,190,OUT)'),
(1287, '2954585', '2018-01-22|18:27:48', 'INSERT', 'CatalogoProducto (EXCEL)', 'INSERT INTO CatalogoProducto VALUES (0011304,2018C1,224,195,195,35% CXC CXC BILLETERA BARLO)'),
(1288, '2954585', '2018-01-22|18:27:48', 'INSERT', 'CatalogoProducto (EXCEL)', 'INSERT INTO CatalogoProducto VALUES (0011362,2018C1,216,70,125,2X1 )'),
(1289, '2954585', '2018-01-22|18:27:48', 'INSERT', 'CatalogoProducto (EXCEL)', 'INSERT INTO CatalogoProducto VALUES (0002645,2018C1,201,99,190,SET CON DEO 45%)'),
(1290, '2954585', '2018-01-22|18:27:48', 'INSERT', 'CatalogoProducto (EXCEL)', 'INSERT INTO CatalogoProducto VALUES (0011207,2018C1,379,44,44,OUT)'),
(1291, '2954585', '2018-01-22|18:27:48', 'INSERT', 'CatalogoProducto (EXCEL)', 'INSERT INTO CatalogoProducto VALUES (0011232,2018C1,393,12.9,28,PI)'),
(1292, '2954585', '2018-01-22|18:27:48', 'INSERT', 'CatalogoProducto (EXCEL)', 'INSERT INTO CatalogoProducto VALUES (0000883,2018C1,200,190,190,0.3)'),
(1293, '2954585', '2018-01-22|18:27:48', 'INSERT', 'CatalogoProducto (EXCEL)', 'INSERT INTO CatalogoProducto VALUES (0011210,2018C1,380,44,44,OUT)'),
(1294, '2954585', '2018-01-22|18:27:48', 'INSERT', 'CatalogoProducto (EXCEL)', 'INSERT INTO CatalogoProducto VALUES (0011230,2018C1,392,12.9,28,SET CON FRAGANCIAS)'),
(1295, '2954585', '2018-01-22|18:27:48', 'INSERT', 'CatalogoProducto (EXCEL)', 'INSERT INTO CatalogoProducto VALUES (0002998,2018C1,207,172,172,OM 45%)'),
(1296, '2954585', '2018-01-22|18:27:48', 'INSERT', 'CatalogoProducto (EXCEL)', 'INSERT INTO CatalogoProducto VALUES (0004683,2018C1,205,208,208,35% + CAPI + CCUU + DISCOVER)'),
(1297, '2954585', '2018-01-22|18:27:48', 'INSERT', 'CatalogoProducto (EXCEL)', 'INSERT INTO CatalogoProducto VALUES (0005029,2018C1,202,122,185,0.45)'),
(1298, '2954585', '2018-01-22|18:27:48', 'INSERT', 'CatalogoProducto (EXCEL)', 'INSERT INTO CatalogoProducto VALUES (0011211,2018C1,440,44,44,(GRATIS FRAG))'),
(1299, '2954585', '2018-01-22|18:27:48', 'INSERT', 'CatalogoProducto (EXCEL)', 'INSERT INTO CatalogoProducto VALUES (0011231,2018C1,390,28,28,OUT)'),
(1300, '2954585', '2018-01-22|18:27:48', 'INSERT', 'CatalogoProducto (EXCEL)', 'INSERT INTO CatalogoProducto VALUES (0004493,2018C1,219,55,115,OUT)'),
(1301, '2954585', '2018-01-22|18:27:48', 'INSERT', 'CatalogoProducto (EXCEL)', 'INSERT INTO CatalogoProducto VALUES (0005135,2018C1,208,109,172,0.3)'),
(1302, '2954585', '2018-01-22|18:27:48', 'INSERT', 'CatalogoProducto (EXCEL)', 'INSERT INTO CatalogoProducto VALUES (0011208,2018C1,458,44,44,OUT)'),
(1303, '2954585', '2018-01-22|18:27:48', 'INSERT', 'CatalogoProducto (EXCEL)', 'INSERT INTO CatalogoProducto VALUES (0011233,2018C1,387,12.9,28,PI)'),
(1304, '2954585', '2018-01-22|18:27:48', 'INSERT', 'CatalogoProducto (EXCEL)', 'INSERT INTO CatalogoProducto VALUES (0004495,2018C1,212,99,190,0.3)'),
(1305, '2954585', '2018-01-22|18:27:48', 'INSERT', 'CatalogoProducto (EXCEL)', 'INSERT INTO CatalogoProducto VALUES (0011212,2018C1,418,44,44,OUT)'),
(1306, '2954585', '2018-01-22|18:27:48', 'INSERT', 'CatalogoProducto (EXCEL)', 'INSERT INTO CatalogoProducto VALUES (0011240,2018C1,446,28,28,OUT)'),
(1307, '2954585', '2018-01-22|18:27:48', 'INSERT', 'CatalogoProducto (EXCEL)', 'INSERT INTO CatalogoProducto VALUES (0011001,2018C1,2102,99,190,0.3)'),
(1308, '2954585', '2018-01-22|18:27:48', 'INSERT', 'CatalogoProducto (EXCEL)', 'INSERT INTO CatalogoProducto VALUES (0004834,2018C1,270,115,115,OUT)'),
(1309, '2954585', '2018-01-22|18:27:48', 'INSERT', 'CatalogoProducto (EXCEL)', 'INSERT INTO CatalogoProducto VALUES (0005157,2018C1,372,27,55,PI)'),
(1310, '2954585', '2018-01-22|18:27:48', 'INSERT', 'CatalogoProducto (EXCEL)', 'INSERT INTO CatalogoProducto VALUES (0005147,2018C1,4,32,54,0.4)'),
(1311, '2954585', '2018-01-22|18:27:48', 'INSERT', 'CatalogoProducto (EXCEL)', 'INSERT INTO CatalogoProducto VALUES (0005148,2018C1,53,32,54,0.4)'),
(1312, '2954585', '2018-01-22|18:27:48', 'INSERT', 'CatalogoProducto (EXCEL)', 'INSERT INTO CatalogoProducto VALUES (0004647,2018C1,52,54,92,0.4)'),
(1313, '2954585', '2018-01-22|18:27:48', 'INSERT', 'CatalogoProducto (EXCEL)', 'INSERT INTO CatalogoProducto VALUES (0011017,2018C1,386,12.9,26,PI)');

-- --------------------------------------------------------

--
-- Estructura de tabla para la tabla `descuento`
--

CREATE TABLE `descuento` (
  `idDescuento` int(11) NOT NULL,
  `porcentaje` float DEFAULT NULL,
  `montoMin` float DEFAULT NULL,
  `tipo` tinyint(1) DEFAULT NULL
) ENGINE=InnoDB DEFAULT CHARSET=utf8;

--
-- Volcado de datos para la tabla `descuento`
--

INSERT INTO `descuento` (`idDescuento`, `porcentaje`, `montoMin`, `tipo`) VALUES
(1, 30, 850, 1),
(2, 35, 1500, 1),
(3, 25, NULL, 0),
(4, 30, NULL, 0);

-- --------------------------------------------------------

--
-- Estructura de tabla para la tabla `direccion`
--

CREATE TABLE `direccion` (
  `idDireccion` int(11) NOT NULL,
  `idCiudad` int(11) NOT NULL,
  `descripcion` varchar(45) DEFAULT NULL
) ENGINE=InnoDB DEFAULT CHARSET=utf8;

-- --------------------------------------------------------

--
-- Estructura de tabla para la tabla `estado`
--

CREATE TABLE `estado` (
  `idEstado` int(11) NOT NULL,
  `descripcion` varchar(45) DEFAULT NULL,
  `clase` varchar(45) DEFAULT NULL
) ENGINE=InnoDB DEFAULT CHARSET=utf8;

--
-- Volcado de datos para la tabla `estado`
--

INSERT INTO `estado` (`idEstado`, `descripcion`, `clase`) VALUES
(1, 'Activo', 'estadoProducto'),
(2, 'Descontinuado', 'estadoProducto'),
(3, 'Emitida', 'estadoTransaccion'),
(4, 'Abierta', 'estadoTransaccion'),
(5, 'Completa', 'estadoTransaccion'),
(6, 'Parcial', 'estadoTransaccion');

-- --------------------------------------------------------

--
-- Estructura de tabla para la tabla `genero`
--

CREATE TABLE `genero` (
  `idGenero` int(11) NOT NULL,
  `descripcion` varchar(200) DEFAULT NULL
) ENGINE=InnoDB DEFAULT CHARSET=utf8;

--
-- Volcado de datos para la tabla `genero`
--

INSERT INTO `genero` (`idGenero`, `descripcion`) VALUES
(1, 'Unisex'),
(2, 'Dama'),
(3, 'Varón'),
(4, 'Niños');

-- --------------------------------------------------------

--
-- Estructura de tabla para la tabla `logsaldos`
--

CREATE TABLE `logsaldos` (
  `idLogSaldos` int(11) NOT NULL,
  `idCuenta` bigint(20) NOT NULL,
  `fecha` varchar(45) DEFAULT NULL,
  `saldo` varchar(45) DEFAULT NULL
) ENGINE=InnoDB DEFAULT CHARSET=utf8;

--
-- Volcado de datos para la tabla `logsaldos`
--

INSERT INTO `logsaldos` (`idLogSaldos`, `idCuenta`, `fecha`, `saldo`) VALUES
(1, 21536389346010, '2017-12-21', '10');

-- --------------------------------------------------------

--
-- Estructura de tabla para la tabla `mediopago`
--

CREATE TABLE `mediopago` (
  `idMedioPago` int(11) NOT NULL,
  `descripcion` varchar(45) DEFAULT NULL
) ENGINE=InnoDB DEFAULT CHARSET=utf8;

--
-- Volcado de datos para la tabla `mediopago`
--

INSERT INTO `mediopago` (`idMedioPago`, `descripcion`) VALUES
(1, 'Pago en Efectivo'),
(2, 'Pago con Tarjeta'),
(3, 'Pago con Cupón'),
(4, 'Depósito en cuenta');

-- --------------------------------------------------------

--
-- Estructura de tabla para la tabla `movimiento`
--

CREATE TABLE `movimiento` (
  `idMovimiento` varchar(45) NOT NULL,
  `idCuenta` bigint(20) DEFAULT NULL,
  `idProveedor` varchar(45) NOT NULL,
  `idTransaccionPrimaria` varchar(45) DEFAULT NULL,
  `idTransaccionReferencial` varchar(45) DEFAULT NULL,
  `idMedioPago` int(11) DEFAULT NULL,
  `idComprobante` int(11) DEFAULT NULL,
  `idTipoMovimiento` int(11) NOT NULL,
  `idColaborador` varchar(45) DEFAULT NULL,
  `fecha` varchar(45) DEFAULT NULL,
  `fechaVencimiento` varchar(45) DEFAULT NULL,
  `monto` varchar(45) DEFAULT NULL,
  `observaciones` varchar(45) DEFAULT NULL
) ENGINE=InnoDB DEFAULT CHARSET=utf8;

-- --------------------------------------------------------

--
-- Estructura de tabla para la tabla `producto`
--

CREATE TABLE `producto` (
  `idProducto` varchar(45) NOT NULL,
  `idTipoProducto` int(11) NOT NULL,
  `idSubCategoria` int(11) NOT NULL,
  `idColor` int(11) DEFAULT NULL,
  `idUnidadMedida` int(11) NOT NULL,
  `idTamaño` int(11) DEFAULT NULL,
  `idColaborador` varchar(45) NOT NULL,
  `idEstado` int(11) NOT NULL,
  `idGenero` int(11) NOT NULL,
  `nombreCorto` varchar(100) DEFAULT NULL,
  `descripcion` varchar(1000) DEFAULT NULL,
  `costoEstimado` float DEFAULT NULL,
  `puntoReposicion` int(11) DEFAULT NULL,
  `urlImagen` varchar(1000) DEFAULT NULL,
  `urlProducto` varchar(1000) DEFAULT NULL,
  `fechaCreacion` varchar(10) DEFAULT NULL
) ENGINE=InnoDB DEFAULT CHARSET=utf8;

--
-- Volcado de datos para la tabla `producto`
--

INSERT INTO `producto` (`idProducto`, `idTipoProducto`, `idSubCategoria`, `idColor`, `idUnidadMedida`, `idTamaño`, `idColaborador`, `idEstado`, `idGenero`, `nombreCorto`, `descripcion`, `costoEstimado`, `puntoReposicion`, `urlImagen`, `urlProducto`, `fechaCreacion`) VALUES
('0000883', 1, 20, 56, 1, 3, '2954585', 1, 3, 'OHM COLOGNE SPRAY', 'Los momentos más importantes de la vida tienen una esencia especial. Ohm es un aroma herbal con notas de salvia, toronja y lavanda, que imprime la frescura y fuerza del hombre que vive plenamente con los que ama.', 0, 0, 'https://www.yanbal.com/medias/10000883-01.jpg-Yanbal-OriginalFormat-145Wx145H?context=bWFzdGVyfGltYWdlc3w3OTM0fGltYWdlL2pwZWd8aW1hZ2VzL2g4Mi9oN2UvODgyODE3NTg3NjEyNi5qcGd8NTcxY2RkMDk5MzgzMmM3YmI4NjQ4NzUzZTY4NmFmMmYwNDNkOWNlZGMzZWMxNDQ4NzExOTFkMWIyNGRmZTJjOA', 'https://www.yanbal.com/pe/Categor%C3%ADas/Hombres/Perfumes/OHM-COLOGNE-SPRAY/p/10000883', '2017-12-07'),
('0001390', 1, 20, 28, 1, 2, '29685613', 1, 3, 'DENDUR COLOGNE FOR MEN', 'Antigua Presentación 75 ml.', 0, 0, 'https://www.yanbal.com/medias/20005030-01.jpg-Yanbal-OriginalFormat-145Wx145H?context=bWFzdGVyfGltYWdlc3w4ODIxfGltYWdlL2pwZWd8aW1hZ2VzL2hlYi9oZDQvODgyODUzMTE3OTU1MC5qcGd8NGUxMzViOTk0YjEwZDVhMDEzYjFhYmRiMGRmNGM1MGM4OWI3MTk4MDNjN2Q4ZTFhOTNiNjhmNDg5NTY1ODExZQ', 'https://www.yanbal.com/pe/Categor%C3%ADas/Hombres/Perfumes/DENDUR-COLOGNE-FOR-MEN/p/20005030', '07/11/2017'),
('0002183', 1, 19, 1, 1, 3, '2954585', 1, 1, 'GAIA EAU DE PARFUM', '', 0, 0, '', '', '2017-12-07'),
('0002279', 1, 1, 1, 1, 3, '29285832', 1, 1, 'OSADIA EAU DE PARFUM', NULL, 0, 0, NULL, NULL, '2017-12-07'),
('0002426', 1, 19, 57, 1, 3, '2954585', 1, 2, 'CIELO EAU DE PARFUM', 'La fragancia que persigue en cada uno de sus acordes la ruta olfativa de lo inalcanzable. Un aroma que irradia un aire de perfección con una sublime combinación de flor de loto, jazmín y sándalo.', 0, 0, 'https://www.yanbal.com/medias/20002426-01.jpg-Yanbal-OriginalFormat-145Wx145H?context=bWFzdGVyfGltYWdlc3w5MTA4fGltYWdlL2pwZWd8aW1hZ2VzL2gwMy9oN2UvODgyODI1MTExMTQ1NC5qcGd8M2JhN2NjZTg2ZDlhYjk3OTFmNTY5NTQ5MTM5Nzk5NDY4NmUyODkyZDViMmQzZTEzNWRiYzkzNWE2M2VhMmYyYw', 'https://www.yanbal.com/pe/c/CIELO-EAU-DE-PARFUM/p/20002426', '2017-12-13'),
('0002645', 1, 1, 1, 1, 3, '29285832', 1, 1, 'OHM BLACK COLOGNE SPRAY', NULL, 0, 0, NULL, NULL, '2017-12-07'),
('0002683', 1, 36, 25, 1, 2, '29685613', 1, 4, 'COLONIA ALEGRÍA PETIT PON PON', 'Descontinuado', 0, 0, 'https://www.yanbal.com/medias/20002683-01.jpg-Yanbal-OriginalFormat-145Wx145H?context=bWFzdGVyfGltYWdlc3w3MjcyfGltYWdlL2pwZWd8aW1hZ2VzL2gwNy9oODEvODgyNzk2NTkzMTU1MC5qcGd8ZjVkMmI2NWRmNGMwYTRkNWRiODU5ODNlMDExMTRlNTM1OWY3NTJkYWMxOGY5Mjk2ZTFlOWY0M2EzZWMyZTY1Mw', 'https://www.yanbal.com/pe/c/COLONIA-ALEGR%C3%8DA-PETIT-PON-PON/p/20002683', '07/11/2017'),
('0002710', 1, 36, 43, 1, 3, '29685613', 1, 2, 'COLONIA SWEETY', 'Descontinuado', 0, 0, 'https://i2.linio.com/p/0cfdaf06e3cabbc3819a87fc4a12b979-product.jpg', '', '07/11/2017'),
('0002711', 1, 36, 37, 1, 3, '29685613', 1, 3, 'COLONIA SPORTY', 'Descontinuado', 0, 0, 'https://i2.linio.com/p/6cfb8c79f39e4bb1d4eb59a94c943597-product.jpg', '', '07/11/2017'),
('0002858', 1, 36, 27, 1, 2, '29685613', 1, 4, 'COLONIA TERNURA PETIT PON PON', 'Descontinuado', 0, 0, 'https://http2.mlstatic.com/perfumes-colonias-D_Q_NP_931525-MPE25452723649_032017-X.webp', '', '07/11/2017'),
('0002901', 1, 19, 42, 1, 2, '29685613', 1, 2, 'SEXY UNIQUE WOMAN', 'Descontinuado', 0, 0, 'https://http2.mlstatic.com/perfumes-colonias-D_Q_NP_641158-MPE26165878926_102017-X.webp', '', '07/11/2017'),
('0002920', 1, 19, 41, 1, 2, '29685613', 1, 2, 'CCORI PASIÓN LE PARFUM', 'Antigua Presentación 50 ml.', 0, 0, 'https://www.yanbal.com/medias/10004645-01.jpg-Yanbal-OriginalFormat-145Wx145H?context=bWFzdGVyfGltYWdlc3w4MzI2fGltYWdlL2pwZWd8aW1hZ2VzL2g2ZC9oZjcvODgyODU1MjAxOTk5OC5qcGd8OWVjYWFmMDk3OTZmM2Y3M2U3OTI5OWE2YjY0ZjdiYWViMjIwYjNlZDY4MWRkNjc1Yzg1Y2VhYjM4N2JhODEyZg', 'https://www.yanbal.com/pe/Categor%C3%ADas/Mujer/Fragancias/Perfumes/CCORI-PASI%C3%93N-LE-PARFUM/p/10004645', '07/11/2017'),
('0002924', 1, 1, 1, 1, 3, '29285832', 1, 1, 'OHM BLACK GEL AFTER SHAVE', NULL, 0, 0, NULL, NULL, '2017-12-07'),
('0002949', 1, 19, 40, 1, 2, '29685613', 1, 2, 'MUSK EAU DE PARFUM', 'Antigua Presentación 50 ml.', 0, 0, 'https://www.yanbal.com/medias/20011337-01.jpg-Yanbal-OriginalFormat-145Wx145H?context=bWFzdGVyfGltYWdlc3w4MDAzfGltYWdlL2pwZWd8aW1hZ2VzL2hmZi9oNjQvODgyODQ4MTY5OTg3MC5qcGd8NWY3ZjBmYjdhMDRjMTQwMTAxYjhhM2UyNGY0OTQ4MTc2NWM1OTdmZmVhYmUyYjk1YWZmOGJjNjhiNGI4ZGQ3Nw', 'https://www.yanbal.com/medias/20011337-01.jpg-Yanbal-OriginalFormat-145Wx145H?context=bWFzdGVyfGltYWdlc3w4MDAzfGltYWdlL2pwZWd8aW1hZ2VzL2hmZi9oNjQvODgyODQ4MTY5OTg3MC5qcGd8NWY3ZjBmYjdhMDRjMTQwMTAxYjhhM2UyNGY0OTQ4MTc2NWM1OTdmZmVhYmUyYjk1YWZmOGJjNjhiNGI4ZGQ3Nw', '07/11/2017'),
('0002950', 1, 1, 1, 1, 3, '29285832', 1, 1, 'MUSK HOMBRE COLOGNE SPRAY', NULL, 0, 0, NULL, NULL, '2017-12-07'),
('0002998', 1, 1, 1, 1, 3, '29285832', 1, 1, 'OSADIA HOMBRE COLOGNE SPRAY', NULL, 0, 0, NULL, NULL, '2017-12-07'),
('0003092', 1, 1, 1, 1, 3, '29285832', 1, 1, 'DULCE VANIDAD EAU DE PARFUM', NULL, 0, 0, NULL, NULL, '2017-12-07'),
('0003119', 1, 1, 1, 1, 3, '29285832', 1, 1, 'LLUVIA D/LOS ANDES COL ABSOLUT', NULL, 0, 0, NULL, NULL, '2017-12-07'),
('0003236', 1, 1, 1, 1, 3, '29285832', 1, 1, 'TEMPTATION GEL AFTER SHAVE', NULL, 0, 0, NULL, NULL, '2017-12-07'),
('0003249', 1, 20, 29, 1, 2, '29685613', 1, 3, 'NO LIMITS COLONIA EN SPRAY PARA HOMBRES', 'Antigua Presentación 75 ml.', 0, 0, 'https://www.yanbal.com/medias/20004834-01.jpg-Yanbal-OriginalFormat-145Wx145H?context=bWFzdGVyfGltYWdlc3w3Njc3fGltYWdlL2pwZWd8aW1hZ2VzL2g2YS9oODIvODgyODE5MDg4Mzg3MC5qcGd8ZjY4MWZhZmVmOGZjMDEzZjY4YjhiZjNhODJmN2NmMmI2OGI5NjU5MTdjZWU1YTZhNWI4NWQ0Y2FmNzI2NjQ3Zg', 'https://www.yanbal.com/pe/Categor%C3%ADas/Hombres/Perfumes/NO-LIMITS-COLONIA-EN-SPRAY-PARA-HOMBRES/p/20004834', '07/11/2017'),
('0003258', 1, 20, 30, 1, 2, '29685613', 1, 3, 'TEMPTATION COLOGNE FOR MEN', 'Antigua Presentación 100 ml.', 0, 0, 'https://www.yanbal.com/medias/20005135-01.jpg-Yanbal-OriginalFormat-145Wx145H?context=bWFzdGVyfGltYWdlc3w4NjE0fGltYWdlL2pwZWd8aW1hZ2VzL2hiMy9oZjIvODgyODY0NDA2NTMxMC5qcGd8OWQwYWE3MTZmZjU0MDI0NjE5YzUyMDNkMzYwYzMxZWQ3YzhlN2U5ZTViMWEyOTgwN2QzNjhhNDdhYjcwNmFlYQ', 'https://www.yanbal.com/pe/Categor%C3%ADas/Hombres/Perfumes/TEMPTATION-COLOGNE-FOR-MEN/p/20005135', '07/11/2017'),
('0003370', 1, 1, 1, 1, 3, '29285832', 1, 1, 'JAQUE COLOGNE FOR MEN', NULL, 0, 0, NULL, NULL, '2017-12-07'),
('0003385', 1, 36, 44, 1, 3, '29685613', 1, 2, 'COLONIA PRIMAVERA', 'Descontinuado', 0, 0, 'https://http2.mlstatic.com/perfumes-colonias-D_Q_NP_731662-MPE25797816638_072017-X.webp', '', '07/11/2017'),
('0003386', 1, 36, 38, 1, 3, '29685613', 1, 3, 'COLONIA MUNDO SAFARI', 'Descontinuado', 0, 0, 'https://http2.mlstatic.com/perfumes-colonias-D_Q_NP_999477-MPE25917809714_082017-X.webp', '', '07/11/2017'),
('0003505', 1, 19, 47, 1, 2, '29685613', 1, 2, 'PSICODELIA EAU DE TOILETTE', 'Descontinuado', 0, 0, 'http://3.bp.blogspot.com/_LSFnSSMezvM/S9YrHdqlZ8I/AAAAAAAAAA0/jL7uv0xUm5c/s320/sicodelia.jpg', '', '07/11/2017'),
('0003507', 1, 34, 15, 1, 2, '29685613', 1, 1, 'EAU VITALE TE VERDE', 'Antigua Presentación 250 ml.', 0, 0, 'https://www.yanbal.com/medias/20011014-01.jpg-Yanbal-OriginalFormat-145Wx145H?context=bWFzdGVyfGltYWdlc3w4Nzc5fGltYWdlL2pwZWd8aW1hZ2VzL2g2MS9oYTAvODgyODE3ODcyNjk0Mi5qcGd8ZmM0YTM2ZmM1ZjgwZDk1NzQ1NTA2NWU3OWZlMGNjYTljZTE1YjJkOGQ3N2ExZGRhMGE1YmFhM2NlZjExNTc5MA', 'https://www.yanbal.com/pe/Categor%C3%ADas/Mujer/Fragancias/Colonias/EAU-VITALE-T%C3%89-VERDE-COLONIA/p/20011014', '07/11/2017'),
('0003509', 1, 34, 16, 1, 2, '29685613', 1, 1, 'EAU VITALE LAVANDA', 'Antigua presentación 250 ml.', 0, 0, 'https://www.yanbal.com/medias/20011013-01.jpg-Yanbal-OriginalFormat-145Wx145H?context=bWFzdGVyfGltYWdlc3w5NTM4fGltYWdlL2pwZWd8aW1hZ2VzL2g3OS9oMDIvODgyODY4MjY2NjAxNC5qcGd8ZWY3ZTBkYzAwNGE1YzAxYmVlMGE4YzEwMDhkNjM5N2E3YjIzNTEzMTM2OGE3OWZiZDE1OWIxMDU3MjAxZTBkOA', 'https://www.yanbal.com/pe/Categor%C3%ADas/Mujer/Fragancias/Colonias/EAU-VITALE-LAVANDA-COLONIA/p/20011013', '07/11/2017'),
('0003511', 1, 34, 17, 1, 2, '29685613', 1, 2, 'LESENCE BOUQUET ORIENTAL ', 'Antigua Presentación 200 ml.', 0, 0, 'https://www.yanbal.com/medias/20011004-01.jpg-Yanbal-OriginalFormat-145Wx145H?context=bWFzdGVyfGltYWdlc3w3ODQxfGltYWdlL2pwZWd8aW1hZ2VzL2gyYy9oNTgvODgyODUwOTg4MDM1MC5qcGd8Mzc0OGI2ZDliYjEyNGVlNGY5OWYyMDZkMWM4NWE5ZmZjN2E2YmVhMTVjNGU0ODc0OThmZDkxYzhkYzBlMDU0Zg', 'https://www.yanbal.com/pe/Categor%C3%ADas/Mujer/Fragancias/Colonias/L%27ESENCE-BOUQUET-ORIENTAL-COLONIA/p/20011004', '07/11/2017'),
('0003513', 1, 34, 10, 1, 2, '29685613', 1, 2, 'LESENCE FLORES & FRUTAS ', 'Antigua Presentación 200 ml.', 0, 0, 'https://www.yanbal.com/medias/20011005-01.jpg-Yanbal-OriginalFormat-145Wx145H?context=bWFzdGVyfGltYWdlc3w3NDU2fGltYWdlL2pwZWd8aW1hZ2VzL2g1Ni9oMDMvODgyODU5ODAyNjI3MC5qcGd8ZGU1YjdiYjJmZTczMDAwMTUxMWJmZTVkNGI5ZWFhMzM4YmUwZTc1ZjAyMGVlNWIxMmEzNjRhZGNkZWUyOTM5Mw', 'https://www.yanbal.com/medias/20011005-01.jpg-Yanbal-OriginalFormat-145Wx145H?context=bWFzdGVyfGltYWdlc3w3NDU2fGltYWdlL2pwZWd8aW1hZ2VzL2g1Ni9oMDMvODgyODU5ODAyNjI3MC5qcGd8ZGU1YjdiYjJmZTczMDAwMTUxMWJmZTVkNGI5ZWFhMzM4YmUwZTc1ZjAyMGVlNWIxMmEzNjRhZGNkZWUyOTM5Mw', '07/11/2017'),
('0003529', 1, 1, 1, 1, 3, '29285832', 1, 1, 'ULTRA DEF DEL LIQ PINC NEGRO', NULL, 0, 0, NULL, NULL, '2017-12-07'),
('0003587', 1, 34, 18, 1, 1, '29685613', 1, 1, 'COLONIA ZITRIKA LIMÓN', 'Antigua Presentación 750 ml.', 0, 0, 'https://www.yanbal.com/medias/20011197-01.jpg-Yanbal-OriginalFormat-145Wx145H?context=bWFzdGVyfGltYWdlc3w4MjI5fGltYWdlL2pwZWd8aW1hZ2VzL2g4Mi9oOTIvODgyOTE5MDc2NjYyMi5qcGd8MWY5Y2VkNTU3YTI5MjQ3YzRjNGIxNjllYmFiNGMwYWM1ODY3MmE3NThkNWI2ZTRjNDFiMjliNzdlNzUyYmQ2OQ', 'https://www.yanbal.com/pe/Categor%C3%ADas/Mujer/Fragancias/Colonias/COLONIA-ZITRIKA-LIM%C3%93N/p/20011197', '07/11/2017'),
('0003590', 1, 1, 1, 1, 3, '29285832', 1, 1, 'EFFECTIVE BRISA FLORAL DESOD', NULL, 0, 0, NULL, NULL, '2017-12-07'),
('0003597', 1, 1, 1, 1, 3, '29285832', 1, 1, 'ULTRA DEF DEL RETR NEGRO ABSOL', NULL, 0, 0, NULL, NULL, '2017-12-07'),
('0003598', 1, 1, 1, 1, 3, '29285832', 1, 1, 'ULTRA DEF DEL RETR MARRON', NULL, 0, 0, NULL, NULL, '2017-12-07'),
('0003606', 1, 1, 1, 1, 3, '29285832', 1, 1, 'ULTRA DEF DEL LAB CHOCOLATE', NULL, 0, 0, NULL, NULL, '2017-12-07'),
('0003614', 1, 1, 1, 1, 3, '29285832', 1, 1, 'ULTRA DEF DEL INTER OJO PERLA', NULL, 0, 0, NULL, NULL, '2017-12-07'),
('0003618', 1, 1, 1, 1, 3, '29285832', 1, 1, 'ULTRA DEF DEL OJO VERDE ESMER', NULL, 0, 0, NULL, NULL, '2017-12-07'),
('0003631', 1, 1, 1, 1, 3, '29285832', 1, 1, 'ULTRA DEF DEL OJO VERDE OLIVO', NULL, 0, 0, NULL, NULL, '2017-12-07'),
('0003658', 1, 1, 1, 1, 3, '29285832', 1, 1, 'UNIQUECIL EXTRA XL RIMEL P/PES', NULL, 0, 0, NULL, NULL, '2017-12-07'),
('0003668', 1, 1, 1, 1, 3, '29285832', 1, 1, 'AROM GEL AFTER SHAVE', NULL, 0, 0, NULL, NULL, '2017-12-07'),
('0003669', 1, 1, 1, 1, 3, '29285832', 1, 1, 'OHM GEL AFTER SHAVE', NULL, 0, 0, NULL, NULL, '2017-12-07'),
('0003671', 1, 1, 1, 1, 3, '29285832', 1, 1, 'SOLO GEL AFTER SHAVE', NULL, 0, 0, NULL, NULL, '2017-12-07'),
('0003679', 1, 1, 1, 1, 3, '29285832', 1, 1, 'TEMPTATION MUJ BODY LOTION CF', NULL, 0, 0, NULL, NULL, '2017-12-07'),
('0003701', 1, 1, 1, 1, 3, '29285832', 1, 1, 'EFFECTIVE ORIGINAL DESODORANTE', NULL, 0, 0, NULL, NULL, '2017-12-07'),
('0003724', 1, 1, 1, 1, 3, '29285832', 1, 1, 'XISS EAU DE TOILETTE', NULL, 0, 0, NULL, NULL, '2017-12-07'),
('0003725', 1, 1, 1, 1, 3, '29285832', 1, 1, 'XOOL EAU DE TOILETTE', NULL, 0, 0, NULL, NULL, '2017-12-07'),
('0003726', 1, 1, 1, 1, 3, '29285832', 1, 1, 'AROM POUR HOMME COLONIA', NULL, 0, 0, NULL, NULL, '2017-12-07'),
('0003740', 1, 1, 1, 1, 3, '29285832', 1, 1, 'AROM DESODORANTE', NULL, 0, 0, NULL, NULL, '2017-12-07'),
('0003741', 1, 1, 1, 1, 3, '29285832', 1, 1, 'SOLO DESODORANTE', NULL, 0, 0, NULL, NULL, '2017-12-07'),
('0003743', 1, 1, 1, 1, 3, '29285832', 1, 1, 'OHM DESODORANTE', NULL, 0, 0, NULL, NULL, '2017-12-07'),
('0003747', 1, 1, 1, 1, 3, '29285832', 1, 1, 'GAIA DESODORANTE', NULL, 0, 0, NULL, NULL, '2017-12-07'),
('0003748', 1, 1, 1, 1, 3, '29285832', 1, 1, 'CCORI DESODORANTE', NULL, 0, 0, NULL, NULL, '2017-12-07'),
('0003751', 1, 1, 1, 1, 3, '29285832', 1, 1, 'OHM BLACK DESODORANTE', NULL, 0, 0, NULL, NULL, '2017-12-07'),
('0003757', 1, 1, 1, 1, 3, '29285832', 1, 1, 'TEMPTATION HOMBRE DESOD', NULL, 0, 0, NULL, NULL, '2017-12-07'),
('0003760', 1, 1, 1, 1, 3, '29285832', 1, 1, 'CCORI PASION DESODORANTE', NULL, 0, 0, NULL, NULL, '2017-12-07'),
('0003762', 1, 1, 1, 1, 3, '29285832', 1, 1, 'TEMPTATION MUJER DESODORANTE', NULL, 0, 0, NULL, NULL, '2017-12-07'),
('0003784', 1, 19, 39, 1, 2, '29685613', 1, 2, 'EAU DE SEDA', 'Antigua Presentación 50 ml.', 0, 0, 'https://www.yanbal.com/medias/20011199-01.jpg-Yanbal-OriginalFormat-145Wx145H?context=bWFzdGVyfGltYWdlc3w2NzM2fGltYWdlL2pwZWd8aW1hZ2VzL2g5OS9oM2QvODgyOTI2NzgwNDE5MC5qcGd8Nzc4NDg5ZDc3OGNmNGEzYWY4OGY1YzQyZGIwMWJhZDhlOWEyNmRjM2U3OTYwMDhjY2RhYzhjMzRhN2U4MzEyYw', 'https://www.yanbal.com/pe/Categor%C3%ADas/Mujer/Fragancias/Perfumes/Set-Eau-de-Seda/p/20011199', '07/11/2017'),
('0003813', 1, 1, 1, 1, 3, '29285832', 1, 1, 'PERFECT TEN REMOVEDOR ESMALTE', NULL, 0, 0, NULL, NULL, '2017-12-07'),
('0003824', 1, 35, 26, 1, 2, '29685613', 1, 4, 'SHAMPOO ALEGRÍA PETIT PON PON', 'Descontinuado', 0, 0, 'https://www.yanbal.com/medias/20003824-01.jpg-Yanbal-OriginalFormat-145Wx145H?context=bWFzdGVyfGltYWdlc3w3Nzg2fGltYWdlL2pwZWd8aW1hZ2VzL2gzZS9oMTcvODgyNzcyMjg1ODUyNi5qcGd8YjQ2YjI1YjFlN2NjMTQxYTMxOWE1ZmYyYWJkMzUxMGE0NWRmOGNhYWI0YmIyYWU0NmM0MjZiZDkwOTZhMWVhNA', 'https://www.yanbal.com/pe/c/SHAMPOO-ALEGR%C3%8DA-PETIT-PON-PON/p/20003824', '07/11/2017'),
('0003825', 1, 35, 24, 1, 2, '29685613', 1, 4, 'SHAMPOO TERNURA PETIT PON PON', 'Descontinuado', 0, 0, 'https://www.yanbal.com/medias/20003825-01.jpg-Yanbal-OriginalFormat-145Wx145H?context=bWFzdGVyfGltYWdlc3w3NDA2fGltYWdlL2pwZWd8aW1hZ2VzL2g1Yy9oNDgvODgyODQ0NTg4NDQ0Ni5qcGd8MmEwZTI4M2QwNmU5MzhmNDc1M2VkZjc2M2M3YzY3ZDE1ZTUzMGIwNjRhNTZkMzljM2YwMTQyYTA4ZGE4NGU5Mg', 'https://www.yanbal.com/pe/c/SHAMPOO-TERNURA-PETIT-PON-PON/p/20003825', '07/11/2017'),
('0003911', 1, 1, 1, 1, 3, '29285832', 1, 1, 'ULTRA DEF DEL LIQ PLUM NEGRO', NULL, 0, 0, NULL, NULL, '2017-12-07'),
('0004002', 1, 1, 1, 1, 3, '29285832', 1, 1, 'ADRENALINE FOR MEN COLOGNE', NULL, 0, 0, NULL, NULL, '2017-12-07'),
('0004003', 1, 19, 40, 1, 2, '29685613', 1, 2, 'MUSK EAU DE PARFUM', 'Antigua Presentación 50 ml. edicion limitada', 0, 0, 'https://www.yanbal.com/medias/20011337-01.jpg-Yanbal-OriginalFormat-145Wx145H?context=bWFzdGVyfGltYWdlc3w4MDAzfGltYWdlL2pwZWd8aW1hZ2VzL2hmZi9oNjQvODgyODQ4MTY5OTg3MC5qcGd8NWY3ZjBmYjdhMDRjMTQwMTAxYjhhM2UyNGY0OTQ4MTc2NWM1OTdmZmVhYmUyYjk1YWZmOGJjNjhiNGI4ZGQ3Nw', 'https://www.yanbal.com/medias/20011337-01.jpg-Yanbal-OriginalFormat-145Wx145H?context=bWFzdGVyfGltYWdlc3w4MDAzfGltYWdlL2pwZWd8aW1hZ2VzL2hmZi9oNjQvODgyODQ4MTY5OTg3MC5qcGd8NWY3ZjBmYjdhMDRjMTQwMTAxYjhhM2UyNGY0OTQ4MTc2NWM1OTdmZmVhYmUyYjk1YWZmOGJjNjhiNGI4ZGQ3Nw', '07/11/2017'),
('0004049', 1, 19, 45, 1, 2, '29685613', 1, 2, 'SENTIR ', 'Antigua Presentación 50 ml.', 0, 0, 'https://i2.linio.com/p/e3b3ef1f8e59a795e9cec93fa1e5981d-product.jpg', '', '07/11/2017'),
('0004153', 1, 1, 1, 1, 3, '29285832', 1, 1, 'DUETTE MARRON / NEGRO HUMO', NULL, 0, 0, NULL, NULL, '2017-12-07'),
('0004164', 1, 1, 1, 1, 3, '29285832', 1, 1, 'DI QUE SI EAU DE PARFUM', NULL, 0, 0, NULL, NULL, '2017-12-07'),
('0004195', 1, 1, 1, 1, 3, '29285832', 1, 1, 'ULTRA DEF DEL LAB PIEL', NULL, 0, 0, NULL, NULL, '2017-12-07'),
('0004266', 1, 24, 23, 1, 3, '29685613', 1, 2, 'TOTALIST 4 CREMA MULTIACTIVA ALOE VERA', 'Antigua Presentación 100 g.', 0, 0, 'https://www.yanbal.com/medias/20011090-01.jpg-Yanbal-OriginalFormat-145Wx145H?context=bWFzdGVyfGltYWdlc3wyMzc5M3xpbWFnZS9qcGVnfGltYWdlcy9oZmIvaDRmLzg4Mjc3MzM1NzM2NjIuanBnfDc5YWM1MjViMjkxNGRjNzNjZmUwN2NiZTlkNTA2NDAwYTgyMzE5NjkwOTdmNjRjMzFlMTIzMjM5OWNlOTEzMDY', 'https://www.yanbal.com/pe/Tipo-de-Producto/Cremas---Sueros/TOTALIST-CREMA-MULTIACTIVA-ALOE-VERA/p/20011090', '07/11/2017'),
('0004268', 1, 24, 22, 1, 3, '29685613', 1, 2, 'TOTALIST 4 CREMA MULTIACTIVA CONCHA DE NÁCAR', 'Antigua Presentación 100 g.', 0, 0, 'https://www.yanbal.com/medias/20011089-01.jpg-Yanbal-OriginalFormat-145Wx145H?context=bWFzdGVyfGltYWdlc3wyNDA4M3xpbWFnZS9qcGVnfGltYWdlcy9oMTIvaDc0Lzg4MjgzOTIzNDE1MzQuanBnfDgzYzIwZmZkYTI2YWQyYTIyYTcwYTczNGUyYTMyYmU1YmRmZmFhM2ZmMTc3NzZmYWIwMWRkNjA4N2EzMWZjODc', 'https://www.yanbal.com/pe/Soluciones/Para-aclarar-la-piel/TOTALIST-CREMA-MULTIACTIVA-CONCHA-DE-N%C3%81CAR/p/20011089', '07/11/2017'),
('0004305', 1, 1, 1, 1, 3, '29285832', 1, 1, 'CRECE EXTREME RIMEL ACE D CREC', NULL, 0, 0, NULL, NULL, '2017-12-07'),
('0004347', 1, 1, 1, 1, 3, '29285832', 1, 1, 'ADRENALINE EAU DE TOILETTE', NULL, 0, 0, NULL, NULL, '2017-12-07'),
('0004348', 1, 27, 50, 1, 3, '29285832', 1, 1, 'CREMA ACLARANTE CONTROL BLANC RX', 'Crema aclarante con todo el poder del Albacinol RX-11* para aclarar la piel, uniformizando el tono y dándole luminosidad al rostro. Además, hidrata intensamente la piel y la protege de los rayos solares con SPF 30 y PA+++.  *Complejo activo desarrollado por Unique.', 0, 12, 'https://www.yanbal.com/medias/10004348-01.jpg-Yanbal-OriginalFormat-145Wx145H?context=bWFzdGVyfGltYWdlc3w2NTkxfGltYWdlL2pwZWd8aW1hZ2VzL2g1Ni9oYTIvODgyODY4MTQ4NjM2Ni5qcGd8NzI4YmFhNDI3ZDc1N2JlNmJhOTU2YjYwZGNlMDEyMTM2MDg1YjBmMTE5YmU4ZmUyZmNiZjFjMDU2NjZkNTE3Yw', 'https://www.yanbal.com/pe/Soluciones/Para-aclarar-la-piel/CREMA-ACLARANTE-CONTROL-BLANC-RX/p/10004348', '2017-11-07'),
('0004422', 1, 1, 1, 1, 3, '29285832', 1, 1, 'LASH FICTION RIMEL PEST D PELI', NULL, 0, 0, NULL, NULL, '2017-12-07'),
('0004476', 1, 1, 1, 1, 3, '29285832', 1, 1, 'CCORI CRISTAL LEAU DE PARFUM', NULL, 0, 0, NULL, NULL, '2017-12-07'),
('0004493', 1, 1, 1, 1, 3, '29285832', 1, 1, 'SPRIO BLUE SPRAY COLOGNE', NULL, 0, 0, NULL, NULL, '2017-12-07'),
('0004495', 1, 1, 1, 1, 3, '29285832', 1, 1, 'ZENTRO COLOGNE FOR MEN', NULL, 0, 0, NULL, NULL, '2017-12-07'),
('0004498', 1, 1, 1, 1, 3, '29285832', 1, 1, 'CCORI BODY LOTION NF', NULL, 0, 0, NULL, NULL, '2017-12-07'),
('0004500', 1, 1, 1, 1, 3, '29285832', 1, 1, 'GAIA BODY LOTION NF', NULL, 0, 0, NULL, NULL, '2017-12-07'),
('0004502', 1, 1, 1, 1, 3, '29285832', 1, 1, 'CCORI PASION BODY LOTION NF', NULL, 0, 0, NULL, NULL, '2017-12-07'),
('0004576', 1, 1, 1, 1, 3, '29285832', 1, 1, 'MISS AMOUR EAU DE PARFUM', NULL, 0, 0, NULL, NULL, '2017-12-07'),
('0004630', 1, 1, 1, 1, 3, '29285832', 1, 1, 'REVITALIST SUERO', NULL, 0, 0, NULL, NULL, '2017-12-07'),
('0004639', 1, 28, 20, 1, 2, '29685613', 1, 1, 'BODY SPA UÑA DE GATO EXFOLIANTE EN GEL PARA MANOS Y CUERPO', 'Antigua Presentación 100 g.', 0, 0, 'https://www.yanbal.com/medias/20011291-01.jpg-Yanbal-OriginalFormat-145Wx145H?context=bWFzdGVyfGltYWdlc3w2ODQzfGltYWdlL2pwZWd8aW1hZ2VzL2hlZC9oMTEvODgyNzg0MjEwMTI3OC5qcGd8NGIxN2MwM2VjMzI4N2IyMTM4NmEzNzRiZTYyMWJiMWYzNjMzZjA5MWMyOTVmMTE0YTc1N2NjMjk5ZWExYmM3Mg', 'https://www.yanbal.com/pe/L%C3%ADneas/Body-Spa/EXFOLIANTE-EN-GEL-U%C3%91A-DE-GATO-PARA-MANOS-Y-CUERPO/p/20011291', '07/11/2017'),
('0004640', 1, 28, 21, 1, 3, '29685613', 1, 1, 'BODY SPA UÑA DE GATO CREMA REPARADORA PARA MANOS', 'Antigua Presentación 80 g.', 0, 0, 'https://www.yanbal.com/medias/20011289-01.jpg-Yanbal-OriginalFormat-145Wx145H?context=bWFzdGVyfGltYWdlc3w3ODc0fGltYWdlL2pwZWd8aW1hZ2VzL2g1YS9oYmQvODgyNzk5OTY4MjU5MC5qcGd8OGI1NDVhZGIyNjA1ODdmMWJkZWFhZDM0MTc4M2MwZGQyOGVmOTE4MDg4MDJiYmI5YTRhZDIzMzQxODUyMDE3Yw', 'https://www.yanbal.com/pe/L%C3%ADneas/Body-Spa/CREMA-REPARADORA-PARA-MANOS-U%C3%91A-DE-GATO/p/20011289', '07/11/2017'),
('0004641', 1, 19, 46, 1, 2, '29685613', 1, 2, 'XISS 2.0 EAU DE TOILETTE', 'Descontinuado', 0, 0, 'https://i2.linio.com/p/765aa2dcb25f57f3f5dce09d46cccff2-product.jpg', '', '07/11/2017'),
('0004642', 1, 1, 1, 1, 3, '29285832', 1, 1, 'XOOL 2.0 EAU DE TOILETTE', NULL, 0, 0, NULL, NULL, '2017-12-07'),
('0004645', 1, 1, 1, 1, 3, '29285832', 1, 1, 'CCORI PASION LE PARFUM', NULL, 0, 0, NULL, NULL, '2017-12-07'),
('0004646', 1, 1, 1, 1, 3, '29285832', 1, 1, 'CCORI LE PARFUM', NULL, 0, 0, NULL, NULL, '2017-12-07'),
('0004647', 1, 1, 1, 1, 3, '29285832', 1, 1, 'TITANIUM HIDRATANTE ENERGIZANT', NULL, 0, 0, NULL, NULL, '2017-12-07'),
('0004649', 1, 1, 1, 1, 3, '29285832', 1, 1, 'REVITALIST CREMA NUTRITIVA', NULL, 0, 0, NULL, NULL, '2017-12-07'),
('0004651', 1, 1, 1, 1, 3, '29285832', 1, 1, 'REVITALIST HIDRATANTE', NULL, 0, 0, NULL, NULL, '2017-12-07'),
('0004652', 1, 1, 1, 1, 3, '29285832', 1, 1, 'ELIXIR DE VIDA HIDRATANTE', NULL, 0, 0, NULL, NULL, '2017-12-07'),
('0004653', 1, 1, 1, 1, 3, '29285832', 1, 1, 'ELIXIR DE VIDA SUERO RECONSTIT', NULL, 0, 0, NULL, NULL, '2017-12-07'),
('0004654', 1, 1, 1, 1, 3, '29285832', 1, 1, 'REVITALIST LIMPIADOR', NULL, 0, 0, NULL, NULL, '2017-12-07'),
('0004655', 1, 1, 1, 1, 3, '29285832', 1, 1, 'ELIXIR DE VIDA LIMPIADOR', NULL, 0, 0, NULL, NULL, '2017-12-07'),
('0004656', 1, 28, 19, 1, 1, '29685613', 1, 1, 'BODY SPA UÑA DE GATO CREMA REPARADORA', 'Antigua Presentación 400 g.', 0, 0, 'https://www.yanbal.com/medias/20011290-01.jpg-Yanbal-OriginalFormat-145Wx145H?context=bWFzdGVyfGltYWdlc3wyMTg2NnxpbWFnZS9qcGVnfGltYWdlcy9oNzYvaDRkLzg4Njc0NDQyNjA4OTQuanBnfGQ4NmFjYzMwMWQyMWYwMmIxZDM1ZGI5YjM3ZGM4MmJiMDZlOWNhZTcxMzhiOTM1YTFjZDRjNGUyNDIxYzRjNmU', 'https://www.yanbal.com/pe/L%C3%ADneas/Body-Spa/Set-Body-Spa-U%C3%B1a-de-Gato/p/20011290', '07/11/2017'),
('0004669', 1, 1, 1, 1, 3, '29285832', 1, 1, 'ULTRA DEF DEL PLUMON AZUL', NULL, 0, 0, NULL, NULL, '2017-12-07'),
('0004670', 1, 1, 1, 1, 3, '29285832', 1, 1, 'REVITALIST TONICO', NULL, 0, 0, NULL, NULL, '2017-12-07'),
('0004671', 1, 1, 1, 1, 3, '29285832', 1, 1, 'ELIXIR DE VIDA GEL TONICO', NULL, 0, 0, NULL, NULL, '2017-12-07'),
('0004683', 1, 1, 1, 1, 3, '29285832', 1, 1, '43 N PARALEL COLOGNE FOR MEN', NULL, 0, 0, NULL, NULL, '2017-12-07'),
('0004684', 1, 1, 1, 1, 3, '29285832', 1, 1, 'LIBERATTA PARFUM', NULL, 0, 0, NULL, NULL, '2017-12-07'),
('0004694', 1, 1, 1, 1, 3, '29285832', 1, 1, 'TOP MODELING CR ANTI-CELULITIS', NULL, 0, 0, NULL, NULL, '2017-12-07'),
('0004718', 1, 19, 49, 1, 2, '29285832', 1, 2, 'SOY DULCE FRESH COLOGNE', 'antigua presentación 200ml.', 0, 0, 'https://www.yanbal.com/medias/20011260-01.jpg-Yanbal-OriginalFormat-145Wx145H?context=bWFzdGVyfGltYWdlc3w3MzkzfGltYWdlL2pwZWd8aW1hZ2VzL2hiMy9oMzcvODgyNzg5NTUxMzExOC5qcGd8MWRlMmQ5Mzg3Y2U3NjAzMjI2ZDQ3OTRmYzU0NTEwODY2YTg4YmMzMjliZGExMmVjNTc4MDgzZTI5ZWRlOTIzNA', 'https://www.yanbal.com/pe/Categor%C3%ADas/Mujer/Fragancias/Colonias/SOY-DULCE-FRESH-COLOGNE/p/20011260', '2017-11-07'),
('0004733', 1, 1, 1, 1, 3, '29285832', 1, 1, 'ELIXIR DE VIDA ROSTRO', NULL, 0, 0, NULL, NULL, '2017-12-07'),
('0004734', 1, 1, 1, 1, 3, '29285832', 1, 1, 'ELIXIR DE VIDA CR DE OJOS 15 G', NULL, 0, 0, NULL, NULL, '2017-12-07'),
('0004750', 1, 1, 1, 1, 3, '29285832', 1, 1, 'CONTROL BLANC RX LIM-EXF-TON', NULL, 0, 0, NULL, NULL, '2017-12-07'),
('0004768', 1, 1, 1, 1, 3, '29285832', 1, 1, 'BS LECHE & AVENA CREMA CUERPO', NULL, 0, 0, NULL, NULL, '2017-12-07'),
('0004769', 1, 1, 1, 1, 3, '29285832', 1, 1, 'BS LECHE & AVENA EXFOLIANTE', NULL, 0, 0, NULL, NULL, '2017-12-07'),
('0004770', 1, 1, 1, 1, 3, '29285832', 1, 1, 'ADRENALINE URBANO COLOGNE', NULL, 0, 0, NULL, NULL, '2017-12-07'),
('0004773', 1, 1, 1, 1, 3, '29285832', 1, 1, 'BS LECHE & AVENA CREMA MANOS', NULL, 0, 0, NULL, NULL, '2017-12-07'),
('0004791', 1, 1, 1, 1, 3, '29285832', 1, 1, 'PERFECT TEN BARNIZ UÑAS MATE', NULL, 0, 0, NULL, NULL, '2017-12-07'),
('0004826', 1, 1, 1, 1, 3, '29285832', 1, 1, 'BIO FRUIT 2EN1 GRANADA EXOTICA', NULL, 0, 0, NULL, NULL, '2017-12-07'),
('0004827', 1, 1, 1, 1, 3, '29285832', 1, 1, 'TOTAL BLOCK ACTIVE DEF SPF 50', NULL, 0, 0, NULL, NULL, '2017-12-07'),
('0004828', 1, 1, 1, 1, 3, '29285832', 1, 1, 'CONTROL BLANC RX ACLA ANT-EDAD', NULL, 0, 0, NULL, NULL, '2017-12-07'),
('0004829', 1, 1, 1, 1, 3, '29285832', 1, 1, 'SENTIVA DESMAQ AGUA MICELAR', NULL, 0, 0, NULL, NULL, '2017-12-07'),
('0004830', 1, 1, 1, 1, 3, '29285832', 1, 1, 'SENTIVA DESMAQUILLA DOBLE FASE', NULL, 0, 0, NULL, NULL, '2017-12-07'),
('0004833', 1, 1, 1, 1, 3, '29285832', 1, 1, 'REVITALIST GEL ENERGIZANTE', NULL, 0, 0, NULL, NULL, '2017-12-07'),
('0004834', 1, 1, 1, 1, 3, '29285832', 1, 1, 'NO LIMITS FUTBOL EDITION', NULL, 0, 0, NULL, NULL, '2017-12-07'),
('0004836', 1, 1, 1, 1, 3, '29285832', 1, 1, 'C/S COLOR EFFECT ALTO CONTRAST', NULL, 0, 0, NULL, NULL, '2017-12-07'),
('0004837', 1, 1, 1, 1, 3, '29285832', 1, 1, 'C/S COLOR EFFECT MORADO CHIC', NULL, 0, 0, NULL, NULL, '2017-12-07'),
('0004838', 1, 1, 1, 1, 3, '29285832', 1, 1, 'C/S COLOR EFFECT VIVA JADE', NULL, 0, 0, NULL, NULL, '2017-12-07'),
('0004839', 1, 1, 1, 1, 3, '29285832', 1, 1, 'C/S COLOR EFFECT SMOKY ARENHA', NULL, 0, 0, NULL, NULL, '2017-12-07'),
('0004841', 1, 1, 1, 1, 3, '29285832', 1, 1, 'C/S COLOR EFFECT SMOKY GLAM', NULL, 0, 0, NULL, NULL, '2017-12-07'),
('0004843', 1, 1, 1, 1, 3, '29285832', 1, 1, 'C/S COLOR EFFECT ROMANTIC ROSE', NULL, 0, 0, NULL, NULL, '2017-12-07'),
('0004845', 1, 1, 1, 1, 3, '29285832', 1, 1, 'C/S COLOR EFFECT FUROR AZUL', NULL, 0, 0, NULL, NULL, '2017-12-07'),
('0004849', 1, 1, 1, 1, 3, '29285832', 1, 1, 'P/C PERFECT COVER CLARO 1', NULL, 0, 0, NULL, NULL, '2017-12-07'),
('0004850', 1, 1, 1, 1, 3, '29285832', 1, 1, 'P/C PERFECT COVER MEDIANO 1', NULL, 0, 0, NULL, NULL, '2017-12-07'),
('0004851', 1, 1, 1, 1, 3, '29285832', 1, 1, 'P/C PERFECT COVER MEDIANO 2', NULL, 0, 0, NULL, NULL, '2017-12-07'),
('0004852', 1, 1, 1, 1, 3, '29285832', 1, 1, 'P/C PERFECT COVER OSCURO 1', NULL, 0, 0, NULL, NULL, '2017-12-07'),
('0004880', 1, 1, 1, 1, 3, '29285832', 1, 1, 'AROM ABSOLUT COLOGNE FOR MEN', NULL, 0, 0, NULL, NULL, '2017-12-07'),
('0004881', 1, 1, 1, 1, 3, '29285832', 1, 1, 'PD BAILAMOS EN RIO COLOGNE', NULL, 0, 0, NULL, NULL, '2017-12-07'),
('0004882', 1, 1, 1, 1, 3, '29285832', 1, 1, 'PD TE ESPERO EN ESTAMBUL COLOG', NULL, 0, 0, NULL, NULL, '2017-12-07'),
('0004883', 1, 1, 1, 1, 3, '29285832', 1, 1, 'PD UN BESO DESDE VENECIA COLOG', NULL, 0, 0, NULL, NULL, '2017-12-07'),
('0004884', 1, 1, 1, 1, 3, '29285832', 1, 1, 'R/C COLOR EFFECT ROSA IRRESISTIBLE', NULL, 0, 0, NULL, NULL, '2017-12-07'),
('0004885', 1, 1, 1, 1, 3, '29285832', 1, 1, 'R/C COLOR EFFECT CHAMPAGNE MY', NULL, 0, 0, NULL, NULL, '2017-12-07'),
('0004886', 1, 1, 1, 1, 3, '29285832', 1, 1, 'R/C COLOR EFFECT BRIZZA MY', NULL, 0, 0, NULL, NULL, '2017-12-07'),
('0004887', 1, 1, 1, 1, 3, '29285832', 1, 1, 'R/C COLOR EFFECT BRONZAGE MY', NULL, 0, 0, NULL, NULL, '2017-12-07'),
('0004888', 1, 1, 1, 1, 3, '29285832', 1, 1, 'R/C COLOR EFFECT PETAL ROSE MY', NULL, 0, 0, NULL, NULL, '2017-12-07'),
('0004889', 1, 1, 1, 1, 3, '29285832', 1, 1, 'R/C COLOR EFFECT TERRA', NULL, 0, 0, NULL, NULL, '2017-12-07'),
('0004890', 1, 1, 1, 1, 3, '29285832', 1, 1, 'L/L HYDRA-LIP COLOR MUSA', NULL, 0, 0, NULL, NULL, '2017-12-07'),
('0004891', 1, 1, 1, 1, 3, '29285832', 1, 1, 'L/L HYDRA-LIP COLOR BAILE ROSA', NULL, 0, 0, NULL, NULL, '2017-12-07'),
('0004892', 1, 1, 1, 1, 3, '29285832', 1, 1, 'L/L HYDRA-LIP COLOR CHOC MOUSSE', NULL, 0, 0, NULL, NULL, '2017-12-07'),
('0004893', 1, 1, 1, 1, 3, '29285832', 1, 1, 'L/L HYDRA-LIP COLOR TERC NEGRO', NULL, 0, 0, NULL, NULL, '2017-12-07'),
('0004894', 1, 1, 1, 1, 3, '29285832', 1, 1, 'L/L HYDRA-LIP COLOR AMBRE', NULL, 0, 0, NULL, NULL, '2017-12-07'),
('0004895', 1, 1, 1, 1, 3, '29285832', 1, 1, 'L/L HYDRA-LIP COLOR TENTACION', NULL, 0, 0, NULL, NULL, '2017-12-07'),
('0004896', 1, 1, 1, 1, 3, '29285832', 1, 1, 'L/L HYDRA-LIP COLOR RUMORES', NULL, 0, 0, NULL, NULL, '2017-12-07'),
('0004897', 1, 1, 1, 1, 3, '29285832', 1, 1, 'L/L HYDRA-LIP COLOR MORA ZEN', NULL, 0, 0, NULL, NULL, '2017-12-07'),
('0004898', 1, 1, 1, 1, 3, '29285832', 1, 1, 'L/L HYDRA-LIP COLOR VAIN CORAL', NULL, 0, 0, NULL, NULL, '2017-12-07'),
('0004899', 1, 1, 1, 1, 3, '29285832', 1, 1, 'L/L HYDRA-LIP COLOR CORAL&COLO', NULL, 0, 0, NULL, NULL, '2017-12-07'),
('0004900', 1, 1, 1, 1, 3, '29285832', 1, 1, 'L/L HYDRA-LIP COLOR FUCSIA PEL', NULL, 0, 0, NULL, NULL, '2017-12-07'),
('0004901', 1, 1, 1, 1, 3, '29285832', 1, 1, 'L/L HYDRA-LIP COLOR GUINDA ETN', NULL, 0, 0, NULL, NULL, '2017-12-07'),
('0004902', 1, 1, 1, 1, 3, '29285832', 1, 1, 'L/L HYDRA-LIP COLOR ALMENDRADO', NULL, 0, 0, NULL, NULL, '2017-12-07'),
('0004904', 1, 1, 1, 1, 3, '29285832', 1, 1, 'UNIQ WOMAN INFINITY EAU PARFUM', NULL, 0, 0, NULL, NULL, '2017-12-07'),
('0004921', 1, 1, 1, 1, 3, '29285832', 1, 1, 'CCORI CRISTAL BODY LOTION', NULL, 0, 0, NULL, NULL, '2017-12-07'),
('0004922', 1, 1, 1, 1, 3, '29285832', 1, 1, 'ZENTRO GEL AFTER SHAVE', NULL, 0, 0, NULL, NULL, '2017-12-07'),
('0004933', 1, 1, 1, 1, 3, '29285832', 1, 1, 'CCORI CRISTAL DESODORANTE', NULL, 0, 0, NULL, NULL, '2017-12-07'),
('0004934', 1, 1, 1, 1, 3, '29285832', 1, 1, 'BALSAMO BELLEZA BB CREAM', NULL, 0, 0, NULL, NULL, '2017-12-07'),
('0004936', 1, 1, 1, 1, 3, '29285832', 1, 1, 'B/L PERFECT COVER HIDRA T1', NULL, 0, 0, NULL, NULL, '2017-12-07'),
('0004937', 1, 1, 1, 1, 3, '29285832', 1, 1, 'B/L PERFECT COVER HIDRA T2', NULL, 0, 0, NULL, NULL, '2017-12-07'),
('0004938', 1, 1, 1, 1, 3, '29285832', 1, 1, 'B/L PERFECT COVER HIDRA T3', NULL, 0, 0, NULL, NULL, '2017-12-07'),
('0004939', 1, 1, 1, 1, 3, '29285832', 1, 1, 'B/L PERFECT COVER HIDRA T4', NULL, 0, 0, NULL, NULL, '2017-12-07'),
('0004940', 1, 1, 1, 1, 3, '29285832', 1, 1, 'B/L PERFECT COVER HIDRA T5', NULL, 0, 0, NULL, NULL, '2017-12-07'),
('0004942', 1, 1, 1, 1, 3, '29285832', 1, 1, 'B/L PERFECT COVER MAT T1', NULL, 0, 0, NULL, NULL, '2017-12-07'),
('0004943', 1, 1, 1, 1, 3, '29285832', 1, 1, 'B/L PERFECT COVER MAT T2', NULL, 0, 0, NULL, NULL, '2017-12-07'),
('0004944', 1, 1, 1, 1, 3, '29285832', 1, 1, 'B/L PERFECT COVER MAT T3', NULL, 0, 0, NULL, NULL, '2017-12-07'),
('0004945', 1, 1, 1, 1, 3, '29285832', 1, 1, 'B/L PERFECT COVER MAT T4', NULL, 0, 0, NULL, NULL, '2017-12-07'),
('0004946', 1, 1, 1, 1, 3, '29285832', 1, 1, 'B/L PERFECT COVER MAT T5', NULL, 0, 0, NULL, NULL, '2017-12-07'),
('0004959', 1, 1, 1, 1, 3, '29285832', 1, 1, 'UNIQUE WOMAN EAU DE PARFUM', NULL, 0, 0, NULL, NULL, '2017-12-07'),
('0004962', 1, 1, 1, 1, 3, '29285832', 1, 1, 'SPRIO PINK COLOGNE FOR HER', NULL, 0, 0, NULL, NULL, '2017-12-07'),
('0004963', 1, 1, 1, 1, 3, '29285832', 1, 1, 'C/S COLOR EFFECT LONDON LOVE', NULL, 0, 0, NULL, NULL, '2017-12-07'),
('0004966', 1, 1, 1, 1, 3, '29285832', 1, 1, 'L/L HYDRA-LIP COLOR ROJO PASIO', NULL, 0, 0, NULL, NULL, '2017-12-07'),
('0005009', 1, 1, 1, 1, 3, '29285832', 1, 1, 'SET ANTIMANCH CONTROL BLANC RX', NULL, 0, 0, NULL, NULL, '2017-12-07'),
('0005017', 1, 28, 14, 1, 2, '29685613', 1, 1, 'CREMA HIDRATANTE BIO MILK PERA MANZANA', 'Antigua Presentación 400 ml.', 0, 0, 'https://www.yanbal.com/medias/20011420-01.jpg-Yanbal-OriginalFormat-145Wx145H?context=bWFzdGVyfGltYWdlc3w2OTAxfGltYWdlL2pwZWd8aW1hZ2VzL2g3MS9oOWIvODgyODMzNDczNTM5MC5qcGd8OTJjZDA0MGE4ZjM4ZjY3NzliMjhhMmI5MTNjNThiOWQ5NTI4Nzg0MmUyYmE3NzE3OTZiNmExYWI0OTEyNTU5NA', 'https://www.yanbal.com/pe/Tipo-de-Producto/Cuidado-de-la-Piel/CREMA-HIDRATANTE-BIO-MILK-AROMA-PERA-MANZANA/p/20011420', '07/11/2017'),
('0005018', 1, 28, 14, 1, 2, '29685613', 1, 1, 'CREMA HIDRATANTE BIO MILK FRESA FRAMBUESA', 'Antigua Presentación 400 ml.', 0, 0, 'https://www.yanbal.com/medias/20011419-01.jpg-Yanbal-OriginalFormat-145Wx145H?context=bWFzdGVyfGltYWdlc3wxOTUwMXxpbWFnZS9qcGVnfGltYWdlcy9oOTAvaDEyLzg4Mjc4OTc2MTAyNzAuanBnfGFjMmJmOTU5YjlmODg0YTM4MTA1YmFjNTQwYWFlODhkZDFmYjlmNjVjMjZjNWEyNDY5NmE2ZTViOGZhOWQwMTI', 'https://www.yanbal.com/pe/Tipo-de-Producto/Cuidado-de-la-Piel/CREMA-HIDRATANTE-BIO-MILK-AROMA-FRESA-FRAMBUESA/p/20011419', '07/11/2017'),
('0005029', 1, 1, 1, 1, 3, '29285832', 1, 1, 'SOLO COLOGNE FOR MEN', NULL, 0, 0, NULL, NULL, '2017-12-07'),
('0005030', 1, 1, 1, 1, 3, '29285832', 1, 1, 'DENDUR COLOGNE FOR MEN', NULL, 0, 0, NULL, NULL, '2017-12-07'),
('0005032', 1, 1, 1, 1, 3, '29285832', 1, 1, 'O2XYGEN BLANC COLOGNE FOR MEN', NULL, 0, 0, NULL, NULL, '2017-12-07'),
('0005035', 1, 1, 1, 1, 3, '29285832', 1, 1, 'L/L HYDRA-LIP COL ROSE D ORIEN', NULL, 0, 0, NULL, NULL, '2017-12-07'),
('0005050', 1, 1, 1, 1, 3, '29285832', 1, 1, 'L/L HYDRA-LIP CRAYON SEXY RED', NULL, 0, 0, NULL, NULL, '2017-12-07'),
('0005051', 1, 1, 1, 1, 3, '29285832', 1, 1, 'L/L HYDRA-LIP CRAYON RED ELEGA', NULL, 0, 0, NULL, NULL, '2017-12-07'),
('0005052', 1, 1, 1, 1, 3, '29285832', 1, 1, 'L/L HYDRA-LIP CRAYON FUCS GLAM', NULL, 0, 0, NULL, NULL, '2017-12-07'),
('0005053', 1, 1, 1, 1, 3, '29285832', 1, 1, 'L/L HYDRA-LIP CRAYON ALME CHIC', NULL, 0, 0, NULL, NULL, '2017-12-07'),
('0005054', 1, 28, 14, 1, 2, '29685613', 1, 1, 'CREMA HIDRATANTE BIO MILK COCO CARIBEÑO', 'Antigua Presentación 400 ml.', 0, 0, 'https://www.yanbal.com/medias/20011418-01.jpg-Yanbal-OriginalFormat-145Wx145H?context=bWFzdGVyfGltYWdlc3w2ODg2fGltYWdlL2pwZWd8aW1hZ2VzL2hmZi9oZjEvODgyODI0NjQ1ODM5OC5qcGd8OGIwMmIzZGQ2ZDZjZjNmOTVkY2YzNDkyMGE4ZGZjNDA1ZGRlMTUxYTY5ZjYxOWY3YWJhOWE1Y2YzNDkyMTBhNw', 'https://www.yanbal.com/pe/Tipo-de-Producto/Cuidado-de-la-Piel/CREMA-HIDRATANTE-BIO-MILK-AROMA-COCO-CARIBE%C3%91O/p/20011418', '07/11/2017'),
('0005055', 1, 1, 1, 1, 3, '29285832', 1, 1, 'L/LIQ HYDRA-LIP FUCSIA TOTAL', NULL, 0, 0, NULL, NULL, '2017-12-07'),
('0005056', 1, 1, 1, 1, 3, '29285832', 1, 1, 'L/LIQ HYDRA-LIP CREME D L FEME', NULL, 0, 0, NULL, NULL, '2017-12-07'),
('0005057', 1, 1, 1, 1, 3, '29285832', 1, 1, 'L/LIQ HYDRA-LIP ROJO ETERNO', NULL, 0, 0, NULL, NULL, '2017-12-07'),
('0005058', 1, 1, 1, 1, 3, '29285832', 1, 1, 'L/LIQ HYDRA-LIP COBRISIMO', NULL, 0, 0, NULL, NULL, '2017-12-07'),
('0005059', 1, 1, 1, 1, 3, '29285832', 1, 1, 'L/LIQ HYDRA-LIP ROSA PICANTE', NULL, 0, 0, NULL, NULL, '2017-12-07'),
('0005060', 1, 1, 1, 1, 3, '29285832', 1, 1, 'L/LIQ HYDRA-LIP UVA MERLOT', NULL, 0, 0, NULL, NULL, '2017-12-07'),
('0005061', 1, 1, 1, 1, 3, '29285832', 1, 1, 'B/L HYDRA-LIP MELON CHIC', NULL, 0, 0, NULL, NULL, '2017-12-07'),
('0005062', 1, 1, 1, 1, 3, '29285832', 1, 1, 'B/L HYDRA-LIP LILA VINTAGE', NULL, 0, 0, NULL, NULL, '2017-12-07'),
('0005063', 1, 1, 1, 1, 3, '29285832', 1, 1, 'B/L HYDRA-LIP IMPULSO', NULL, 0, 0, NULL, NULL, '2017-12-07'),
('0005064', 1, 1, 1, 1, 3, '29285832', 1, 1, 'B/L HYDRA-LIP ROSA LUMINOSA', NULL, 0, 0, NULL, NULL, '2017-12-07'),
('0005065', 1, 1, 1, 1, 3, '29285832', 1, 1, 'B/L HYDRA-LIP MUJER DE ROJO', NULL, 0, 0, NULL, NULL, '2017-12-07'),
('0005066', 1, 1, 1, 1, 3, '29285832', 1, 1, 'B/L HYDRA-LIP MORA INTENSE', NULL, 0, 0, NULL, NULL, '2017-12-07'),
('0005069', 1, 1, 1, 1, 3, '29285832', 1, 1, 'REVITALIST NUTRITIV ENERGIZANT', NULL, 0, 0, NULL, NULL, '2017-12-07'),
('0005083', 1, 1, 1, 1, 3, '29285832', 1, 1, 'BIO MILK CREMA HIDRAT ORIGINAL', NULL, 0, 0, NULL, NULL, '2017-12-07'),
('0005087', 1, 1, 1, 1, 3, '29285832', 1, 1, 'TOP MODELING CR LIPO-REDUCTORA', NULL, 0, 0, NULL, NULL, '2017-12-07'),
('0005099', 1, 1, 1, 1, 3, '29285832', 1, 1, 'B/C PERFECT COVER COMPACT CLA1', NULL, 0, 0, NULL, NULL, '2017-12-07'),
('0005100', 1, 1, 1, 1, 3, '29285832', 1, 1, 'B/C PERFECT COVER COMPACT MED1', NULL, 0, 0, NULL, NULL, '2017-12-07'),
('0005101', 1, 1, 1, 1, 3, '29285832', 1, 1, 'B/C PERFECT COVER COMPACT MED2', NULL, 0, 0, NULL, NULL, '2017-12-07'),
('0005102', 1, 1, 1, 1, 3, '29285832', 1, 1, 'P/S PERFECT COVER CLARO 1', NULL, 0, 0, NULL, NULL, '2017-12-07'),
('0005103', 1, 1, 1, 1, 3, '29285832', 1, 1, 'P/S PERFECT COVER MEDIANO 1', NULL, 0, 0, NULL, NULL, '2017-12-07'),
('0005104', 1, 1, 1, 1, 3, '29285832', 1, 1, 'P/S PERFECT COVER MEDIANO 2', NULL, 0, 0, NULL, NULL, '2017-12-07'),
('0005106', 1, 1, 1, 1, 3, '29285832', 1, 1, 'B/L ELIXIR DE VIDA ANTIEDAD T1', NULL, 0, 0, NULL, NULL, '2017-12-07'),
('0005107', 1, 1, 1, 1, 3, '29285832', 1, 1, 'B/L ELIXIR DE VIDA ANTIEDAD T2', NULL, 0, 0, NULL, NULL, '2017-12-07'),
('0005108', 1, 1, 1, 1, 3, '29285832', 1, 1, 'B/L ELIXIR DE VIDA ANTIEDAD T3', NULL, 0, 0, NULL, NULL, '2017-12-07'),
('0005109', 1, 1, 1, 1, 3, '29285832', 1, 1, 'B/L ELIXIR DE VIDA ANTIEDAD T4', NULL, 0, 0, NULL, NULL, '2017-12-07'),
('0005110', 1, 1, 1, 1, 3, '29285832', 1, 1, 'B/L ELIXIR DE VIDA ANTIEDAD T5', NULL, 0, 0, NULL, NULL, '2017-12-07'),
('0005114', 1, 1, 1, 1, 3, '29285832', 1, 1, 'PERFECT TEN BASE ESMALTE UÑAS', NULL, 0, 0, NULL, NULL, '2017-12-07'),
('0005120', 1, 1, 1, 1, 3, '29285832', 1, 1, 'FOCCO COLOGNE FOR MEN', NULL, 0, 0, NULL, NULL, '2017-12-07'),
('0005121', 1, 1, 1, 1, 3, '29285832', 1, 1, 'L/L ELIXIR DE VIDA ENCANT ELIX', NULL, 0, 0, NULL, NULL, '2017-12-07'),
('0005122', 1, 1, 1, 1, 3, '29285832', 1, 1, 'L/L ELIXIR DE VIDA ELIX D AMOR', NULL, 0, 0, NULL, NULL, '2017-12-07'),
('0005123', 1, 1, 1, 1, 3, '29285832', 1, 1, 'L/L ELIXIR DE VIDA ELIX GLAMOU', NULL, 0, 0, NULL, NULL, '2017-12-07'),
('0005124', 1, 1, 1, 1, 3, '29285832', 1, 1, 'L/L ELIXIR DE VIDA ELIXIR FEME', NULL, 0, 0, NULL, NULL, '2017-12-07'),
('0005125', 1, 1, 1, 1, 3, '29285832', 1, 1, 'L/L ELIXIR DE VIDA ELIXIR ROSE', NULL, 0, 0, NULL, NULL, '2017-12-07'),
('0005126', 1, 1, 1, 1, 3, '29285832', 1, 1, 'L/L ELIXIR DE VIDA LUJO ELIXIR', NULL, 0, 0, NULL, NULL, '2017-12-07'),
('0005127', 1, 1, 1, 1, 3, '29285832', 1, 1, 'L/L ELIXIR D VIDA TERRA ELIXIR', NULL, 0, 0, NULL, NULL, '2017-12-07'),
('0005133', 1, 1, 1, 1, 3, '29285832', 1, 1, 'TEMPTATION EAU DE PARFUM', NULL, 0, 0, NULL, NULL, '2017-12-07'),
('0005135', 1, 1, 1, 1, 3, '29285832', 1, 1, 'TEMPTATION COLOGNE FOR MEN', NULL, 0, 0, NULL, NULL, '2017-12-07'),
('0005138', 1, 1, 1, 1, 3, '29285832', 1, 1, 'ACNI-DERM CREMA HIDRATANTE', NULL, 0, 0, NULL, NULL, '2017-12-07'),
('0005139', 1, 1, 1, 1, 3, '29285832', 1, 1, 'O/S COLOR EFFECT NATURAL DIVA', NULL, 0, 0, NULL, NULL, '2017-12-07'),
('0005140', 1, 1, 1, 1, 3, '29285832', 1, 1, 'O/S COLOR EFFECT GLAM FEM', NULL, 0, 0, NULL, NULL, '2017-12-07'),
('0005144', 1, 34, 31, 1, 2, '29685613', 1, 2, 'BIO FRUIT COCO CARIBEÑO FRESH COLOGNE', 'Descontinuado', 0, 0, '', '', '07/11/2017'),
('0005145', 1, 34, 33, 1, 2, '29685613', 1, 2, 'BIO FRUIT GRANADA EXOTICA FRESH COLOGNE', 'Descontinuado', 0, 0, '', '', '07/11/2017'),
('0005146', 1, 34, 32, 1, 2, '29685613', 1, 2, 'BIO FRUIT PERA MANZANA FRESH COLOGNE', 'Descontinuado', 0, 0, '', '', '07/11/2017'),
('0005147', 1, 1, 1, 1, 3, '29285832', 1, 1, 'TITANIUM LIMPIADOR EXFOLIANTE', NULL, 0, 0, NULL, NULL, '2017-12-07'),
('0005148', 1, 1, 1, 1, 3, '29285832', 1, 1, 'TITANIUM POST AFEI LOCION ENER', NULL, 0, 0, NULL, NULL, '2017-12-07'),
('0005149', 1, 1, 1, 1, 3, '29285832', 1, 1, 'TOTAL BLOCK SPF 100', NULL, 0, 0, NULL, NULL, '2017-12-07'),
('0005150', 1, 1, 1, 1, 3, '29285832', 1, 1, 'TOTAL BLOCK ANT-ED MATT SPF50+', NULL, 0, 0, NULL, NULL, '2017-12-07'),
('0005151', 1, 1, 1, 1, 3, '29285832', 1, 1, 'ACNI-DERM LIMPIAD MASCAR EXFOL', NULL, 0, 0, NULL, NULL, '2017-12-07'),
('0005152', 1, 1, 1, 1, 3, '29285832', 1, 1, 'ACNI-DERM TONICO ASTRINGENTE', NULL, 0, 0, NULL, NULL, '2017-12-07'),
('0005153', 1, 1, 1, 1, 3, '29285832', 1, 1, 'ACNI-DERM CREMA CORRECTORA', NULL, 0, 0, NULL, NULL, '2017-12-07'),
('0005154', 1, 1, 1, 1, 3, '29285832', 1, 1, 'BIO FRUIT ACONDICIONA ORIGINAL', NULL, 0, 0, NULL, NULL, '2017-12-07'),
('0005155', 1, 1, 1, 1, 3, '29285832', 1, 1, 'BIO FRUIT SHAMPOO ORIGINAL', NULL, 0, 0, NULL, NULL, '2017-12-07'),
('0005156', 1, 1, 1, 1, 3, '29285832', 1, 1, 'PERFECT TEN CORRECTOR ESMALTE', NULL, 0, 0, NULL, NULL, '2017-12-07'),
('0005157', 1, 1, 1, 1, 3, '29285832', 1, 1, 'TITANIUM SHAMPOO', NULL, 0, 0, NULL, NULL, '2017-12-07'),
('0005158', 1, 1, 1, 1, 3, '29285832', 1, 1, 'C/S COLOR EFFECT URBANA', NULL, 0, 0, NULL, NULL, '2017-12-07'),
('0011001', 1, 1, 1, 1, 3, '29285832', 1, 1, 'ZENTRO BLACK COLOGNE FOR MEN', NULL, 0, 0, NULL, NULL, '2017-12-07'),
('0011002', 1, 1, 1, 1, 3, '29285832', 1, 1, 'BS UÑA DE GATO SHAMPOO', NULL, 0, 0, NULL, NULL, '2017-12-07'),
('0011004', 1, 1, 1, 1, 3, '29285832', 1, 1, 'LESENCE BOUQUET ORIENTAL COL', NULL, 0, 0, NULL, NULL, '2017-12-07'),
('0011005', 1, 1, 1, 1, 3, '29285832', 1, 1, 'LESENCE FLORES & FRUTAS COL', NULL, 0, 0, NULL, NULL, '2017-12-07'),
('0011006', 1, 1, 1, 1, 3, '29285832', 1, 1, 'LESENCE FLORES DE CEREZO COL', NULL, 0, 0, NULL, NULL, '2017-12-07'),
('0011007', 1, 1, 1, 1, 3, '29285832', 1, 1, 'BS UÑA DE GATO ACONDICIONADOR', NULL, 0, 0, NULL, NULL, '2017-12-07'),
('0011009', 1, 1, 1, 1, 3, '29285832', 1, 1, 'PD BAILAMOS EN RIO BODY LOTION', NULL, 0, 0, NULL, NULL, '2017-12-07'),
('0011010', 1, 1, 1, 1, 3, '29285832', 1, 1, 'PD TE ESP ESTAMBUL BODY LOTION', NULL, 0, 0, NULL, NULL, '2017-12-07'),
('0011011', 1, 1, 1, 1, 3, '29285832', 1, 1, 'PD BESO DESD VENECIA BODY LOTI', NULL, 0, 0, NULL, NULL, '2017-12-07'),
('0011012', 1, 1, 1, 1, 3, '29285832', 1, 1, 'BIO EFFECTIVE DEO COCO CARIBEÑO', NULL, 0, 0, NULL, NULL, '2017-12-07'),
('0011013', 1, 1, 1, 1, 3, '29285832', 1, 1, 'EAU VITALE LAVANDA COLONIA', NULL, 0, 0, NULL, NULL, '2017-12-07'),
('0011014', 1, 1, 1, 1, 3, '29285832', 1, 1, 'EAU VITALE TE VERDE COLONIA', NULL, 0, 0, NULL, NULL, '2017-12-07'),
('0011017', 1, 1, 1, 1, 3, '29285832', 1, 1, 'TITANIUM DESODORANTE ANTITRANS', NULL, 0, 0, NULL, NULL, '2017-12-07'),
('0011024', 1, 1, 1, 1, 3, '29285832', 1, 1, 'ULTRA DEF DEL LAP OJO NEGRO AB', NULL, 0, 0, NULL, NULL, '2017-12-07'),
('0011025', 1, 1, 1, 1, 3, '29285832', 1, 1, 'BIO EFFECTIVE DEO ORIGINAL', NULL, 0, 0, NULL, NULL, '2017-12-07'),
('0011026', 1, 1, 1, 1, 3, '29285832', 1, 1, 'BIO EFFECTIVE DEO GRANADA EXOT', NULL, 0, 0, NULL, NULL, '2017-12-07'),
('0011027', 1, 1, 1, 1, 3, '29285832', 1, 1, 'BIO EFFECTIVE DEO PERA MANZANA', NULL, 0, 0, NULL, NULL, '2017-12-07'),
('0011028', 1, 1, 1, 1, 3, '29285832', 1, 1, 'SENTIVA BB CREAM MATT', NULL, 0, 0, NULL, NULL, '2017-12-07'),
('0011029', 1, 1, 1, 1, 3, '29285832', 1, 1, 'PERFECT COVER CORRECTOR CLARO1', NULL, 0, 0, NULL, NULL, '2017-12-07'),
('0011030', 1, 1, 1, 1, 3, '29285832', 1, 1, 'PERFECT COVER CORRECTOR MEDIA1', NULL, 0, 0, NULL, NULL, '2017-12-07'),
('0011031', 1, 1, 1, 1, 3, '29285832', 1, 1, 'PERFECT COVER CORRECTOR MEDIA2', NULL, 0, 0, NULL, NULL, '2017-12-07'),
('0011034', 1, 1, 1, 1, 3, '29285832', 1, 1, 'L/L HYDRA-LIP COL ESTRE COR FR', NULL, 0, 0, NULL, NULL, '2017-12-07'),
('0011035', 1, 1, 1, 1, 3, '29285832', 1, 1, 'L/L HYDRA-LIP COL ROSA SIRE FR', NULL, 0, 0, NULL, NULL, '2017-12-07'),
('0011041', 1, 1, 1, 1, 3, '29285832', 1, 1, 'ESM PERFECT TEN ALGAS MARIN FR', NULL, 0, 0, NULL, NULL, '2017-12-07'),
('0011047', 1, 1, 1, 1, 3, '29285832', 1, 1, 'ESM PERFECT TEN LILA RETRO', NULL, 0, 0, NULL, NULL, '2017-12-07'),
('0011048', 1, 1, 1, 1, 3, '29285832', 1, 1, 'ESM PERFECT TEN BURGUNDY', NULL, 0, 0, NULL, NULL, '2017-12-07'),
('0011049', 1, 1, 1, 1, 3, '29285832', 1, 1, 'ESM PERFECT TEN PASION', NULL, 0, 0, NULL, NULL, '2017-12-07'),
('0011050', 1, 1, 1, 1, 3, '29285832', 1, 1, 'ESM PERFECT TEN AMANTES Y ENEM', NULL, 0, 0, NULL, NULL, '2017-12-07'),
('0011051', 1, 1, 1, 1, 3, '29285832', 1, 1, 'ESM PERFECT TEN PLACER ABSOLUT', NULL, 0, 0, NULL, NULL, '2017-12-07'),
('0011052', 1, 1, 1, 1, 3, '29285832', 1, 1, 'ESM PERFECT TEN AZUL INFINITO', NULL, 0, 0, NULL, NULL, '2017-12-07'),
('0011053', 1, 1, 1, 1, 3, '29285832', 1, 1, 'ESM PERFECT TEN INSTINTO ANIMA', NULL, 0, 0, NULL, NULL, '2017-12-07'),
('0011054', 1, 1, 1, 1, 3, '29285832', 1, 1, 'ESM PERFECT TEN SALVAJE', NULL, 0, 0, NULL, NULL, '2017-12-07'),
('0011055', 1, 1, 1, 1, 3, '29285832', 1, 1, 'ESM PERFECT TEN PULSO', NULL, 0, 0, NULL, NULL, '2017-12-07'),
('0011056', 1, 1, 1, 1, 3, '29285832', 1, 1, 'ESM PERFECT TEN DUNAS', NULL, 0, 0, NULL, NULL, '2017-12-07'),
('0011057', 1, 1, 1, 1, 3, '29285832', 1, 1, 'ESM PERFECT TEN ROSA FROZEN', NULL, 0, 0, NULL, NULL, '2017-12-07'),
('0011058', 1, 1, 1, 1, 3, '29285832', 1, 1, 'ESM PERFECT TEN LILA & ROSE', NULL, 0, 0, NULL, NULL, '2017-12-07'),
('0011059', 1, 1, 1, 1, 3, '29285832', 1, 1, 'ESM PERFECT TEN INTENSITY', NULL, 0, 0, NULL, NULL, '2017-12-07'),
('0011060', 1, 1, 1, 1, 3, '29285832', 1, 1, 'ESM PERFECT TEN WHITE ROSE', NULL, 0, 0, NULL, NULL, '2017-12-07'),
('0011061', 1, 1, 1, 1, 3, '29285832', 1, 1, 'ESM PERFECT TEN BLANCO NIEVE', NULL, 0, 0, NULL, NULL, '2017-12-07'),
('0011062', 1, 1, 1, 1, 3, '29285832', 1, 1, 'ESM PERFECT TEN BRILLOS DE ROS', NULL, 0, 0, NULL, NULL, '2017-12-07'),
('0011063', 1, 1, 1, 1, 3, '29285832', 1, 1, 'ESM PERFECT TEN TE QUIERO ROSA', NULL, 0, 0, NULL, NULL, '2017-12-07'),
('0011064', 1, 1, 1, 1, 3, '29285832', 1, 1, 'C/S COLOR EFFECT SAVANNA', NULL, 0, 0, NULL, NULL, '2017-12-07'),
('0011065', 1, 1, 1, 1, 3, '29285832', 1, 1, 'ACENTO TRENDY EAU DE PARFUM', NULL, 0, 0, NULL, NULL, '2017-12-07'),
('0011066', 1, 1, 1, 1, 3, '29285832', 1, 1, 'FORTE COLOGNE FOR MEN', NULL, 0, 0, NULL, NULL, '2017-12-07'),
('0011071', 1, 1, 1, 1, 3, '29285832', 1, 1, 'PD ME QUEDO EN SANTORINI COLOG', NULL, 0, 0, NULL, NULL, '2017-12-07'),
('0011072', 1, 1, 1, 1, 3, '29285832', 1, 1, 'ESM PERFECT TEN AMANT D MEDIAN', NULL, 0, 0, NULL, NULL, '2017-12-07'),
('0011083', 1, 1, 1, 1, 3, '29285832', 1, 1, 'BS KIDS COLONIA NIÑOS', NULL, 0, 0, NULL, NULL, '2017-12-07'),
('0011084', 1, 1, 1, 1, 3, '29285832', 1, 1, 'BS KIDS COLONIA NIÑAS', NULL, 0, 0, NULL, NULL, '2017-12-07'),
('0011085', 1, 1, 1, 1, 3, '29285832', 1, 1, 'ULTRA DEF DEL LD OJOS NEGRO', NULL, 0, 0, NULL, NULL, '2017-12-07'),
('0011086', 1, 1, 1, 1, 3, '29285832', 1, 1, 'BS KIDS PITAHA SH Y ACON NIÑO', NULL, 0, 0, NULL, NULL, '2017-12-07'),
('0011087', 1, 1, 1, 1, 3, '29285832', 1, 1, 'BS KIDS PITAHA SH Y ACON NIÑA', NULL, 0, 0, NULL, NULL, '2017-12-07'),
('0011088', 1, 1, 1, 1, 3, '29285832', 1, 1, 'TOTAL BLOCK KIDS SPF 70', NULL, 0, 0, NULL, NULL, '2017-12-07'),
('0011089', 1, 1, 1, 1, 3, '29285832', 1, 1, 'TOTALIST CONCHA D NACAR CREMA', NULL, 0, 0, NULL, NULL, '2017-12-07'),
('0011090', 1, 1, 1, 1, 3, '29285832', 1, 1, 'TOTALIST ALOE CREMA MULTIACCIO', NULL, 0, 0, NULL, NULL, '2017-12-07'),
('0011091', 1, 1, 1, 1, 3, '29285832', 1, 1, 'TOTALIST CONCHA D NACAR LIMPIA', NULL, 0, 0, NULL, NULL, '2017-12-07'),
('0011092', 1, 1, 1, 1, 3, '29285832', 1, 1, 'TOTALIST ALOE LIMPIADOR MULTIA', NULL, 0, 0, NULL, NULL, '2017-12-07'),
('0011093', 1, 1, 1, 1, 3, '29285832', 1, 1, 'C/S COLOR EFFECT ETEREA', NULL, 0, 0, NULL, NULL, '2017-12-07'),
('0011102', 1, 1, 1, 1, 3, '29285832', 1, 1, 'ESM PERFECT TEN VERDE FEM', NULL, 0, 0, NULL, NULL, '2017-12-07'),
('0011110', 1, 1, 1, 1, 3, '29285832', 1, 1, 'PERFECT TEN FORTALECEDOR UÑAS', NULL, 0, 0, NULL, NULL, '2017-12-07'),
('0011111', 1, 1, 1, 1, 3, '29285832', 1, 1, 'PERFECT TEN BRI SECAN&PROT ESM', NULL, 0, 0, NULL, NULL, '2017-12-07'),
('0011112', 1, 1, 1, 1, 3, '29285832', 1, 1, 'ULTRA DEF DEL LD OJOS MARRON', NULL, 0, 0, NULL, NULL, '2017-12-07'),
('0011113', 1, 1, 1, 1, 3, '29285832', 1, 1, 'ULTRA DEF DEL LIQ PLU AZUL FRO', NULL, 0, 0, NULL, NULL, '2017-12-07'),
('0011114', 1, 1, 1, 1, 3, '29285832', 1, 1, 'ULTRA DEF DEL LIQ PLU MARR FRO', NULL, 0, 0, NULL, NULL, '2017-12-07'),
('0011124', 1, 1, 1, 1, 3, '29285832', 1, 1, 'L/L HYDRA-LIP COLOR ROSE CORAL', NULL, 0, 0, NULL, NULL, '2017-12-07'),
('0011125', 1, 1, 1, 1, 3, '29285832', 1, 1, 'L/L HYDRA-LIP COLOR ROJO ABBA', NULL, 0, 0, NULL, NULL, '2017-12-07'),
('0011126', 1, 1, 1, 1, 3, '29285832', 1, 1, 'L/L HYDRA-LIP COLOR ROJO DISCO', NULL, 0, 0, NULL, NULL, '2017-12-07'),
('0011127', 1, 1, 1, 1, 3, '29285832', 1, 1, 'PD SANTORINI BODY LOTION', NULL, 0, 0, NULL, NULL, '2017-12-07'),
('0011131', 1, 1, 1, 1, 3, '29285832', 1, 1, 'GAIA EAU DE PARFUM EDIC LIMIT', NULL, 0, 0, NULL, NULL, '2017-12-07'),
('0011132', 1, 1, 1, 1, 3, '29285832', 1, 1, 'ACENTO INTENSE EAU DE PARFUM', NULL, 0, 0, NULL, NULL, '2017-12-07'),
('0011136', 1, 1, 1, 1, 3, '29285832', 1, 1, 'L/L HYDRA-LIP LD ROJO APASIONA MY', NULL, 0, 0, NULL, NULL, '2017-12-07'),
('0011137', 1, 1, 1, 1, 3, '29285832', 1, 1, 'L/L HYDRA-LIP LD AMOR PICANTE MY', NULL, 0, 0, NULL, NULL, '2017-12-07'),
('0011138', 1, 1, 1, 1, 3, '29285832', 1, 1, 'L/L HYDRA-LIP LD SOLO MIO MY', NULL, 0, 0, NULL, NULL, '2017-12-07'),
('0011139', 1, 1, 1, 1, 3, '29285832', 1, 1, 'L/L HYDRA-LIP LD AMOR CHOCOLAT MY', NULL, 0, 0, NULL, NULL, '2017-12-07'),
('0011140', 1, 1, 1, 1, 3, '29285832', 1, 1, 'L/L HYDRA-LIP LD ROSA SUEÑOS MY', NULL, 0, 0, NULL, NULL, '2017-12-07'),
('0011141', 1, 1, 1, 1, 3, '29285832', 1, 1, 'L/L HYDRA-LIP LD BESO GITANO MY', NULL, 0, 0, NULL, NULL, '2017-12-07'),
('0011142', 1, 1, 1, 1, 3, '29285832', 1, 1, 'L/L HYDRA-LIP LD ROJO INTENSO MY', NULL, 0, 0, NULL, NULL, '2017-12-07'),
('0011143', 1, 1, 1, 1, 3, '29285832', 1, 1, 'L/L HYDRA-LIP LD FUCS ENSUEÑO MY', NULL, 0, 0, NULL, NULL, '2017-12-07'),
('0011145', 1, 1, 1, 1, 3, '29285832', 1, 1, 'L/L HYDRA-LIP COLOR MALVA LEYE', NULL, 0, 0, NULL, NULL, '2017-12-07'),
('0011146', 1, 1, 1, 1, 3, '29285832', 1, 1, 'L/L HYDRA-LIP COLOR ROJO SALVA', NULL, 0, 0, NULL, NULL, '2017-12-07'),
('0011147', 1, 1, 1, 1, 3, '29285832', 1, 1, 'L/L HYDRA-LIP COLOR GUIN SALVA', NULL, 0, 0, NULL, NULL, '2017-12-07'),
('0011148', 1, 1, 1, 1, 3, '29285832', 1, 1, 'L/L HYDRA-LIP COLOR REINO CORAL', NULL, 0, 0, NULL, NULL, '2017-12-07'),
('0011149', 1, 1, 1, 1, 3, '29285832', 1, 1, 'L/L HYDRA-LIP COL FLOR D LOTO', NULL, 0, 0, NULL, NULL, '2017-12-07'),
('0011150', 1, 1, 1, 1, 3, '29285832', 1, 1, 'L/L HYDRA-LIP COLOR ROJO ZEN', NULL, 0, 0, NULL, NULL, '2017-12-07'),
('0011151', 1, 1, 1, 1, 3, '29285832', 1, 1, 'C/S COLOR EFFECT JUNGLARIA', NULL, 0, 0, NULL, NULL, '2017-12-07'),
('0011152', 1, 1, 1, 1, 3, '29285832', 1, 1, 'C/S COLOR EFFECT SAKURA', NULL, 0, 0, NULL, NULL, '2017-12-07'),
('0011157', 1, 1, 1, 1, 3, '29285832', 1, 1, 'ESM PERFECT TEN FLORESTA', NULL, 0, 0, NULL, NULL, '2017-12-07'),
('0011163', 1, 1, 1, 1, 3, '29285832', 1, 1, 'L/LIQ HYDRA-LIP FLOR CEREZO', NULL, 0, 0, NULL, NULL, '2017-12-07'),
('0011164', 1, 1, 1, 1, 3, '29285832', 1, 1, 'L/LIQ HYDRA-LIP MORA CALMA', NULL, 0, 0, NULL, NULL, '2017-12-07'),
('0011180', 1, 1, 1, 1, 3, '29285832', 1, 1, 'SENTIVA EXFOLIANTE FACIAL', NULL, 0, 0, NULL, NULL, '2017-12-07'),
('0011196', 1, 1, 1, 1, 3, '29285832', 1, 1, 'TOTAL BLOCK REPELENTE SPF 30', NULL, 0, 0, NULL, NULL, '2017-12-07'),
('0011197', 1, 1, 1, 1, 3, '29285832', 1, 1, 'ZITRIKA COLONIA LIMON', NULL, 0, 0, NULL, NULL, '2017-12-07'),
('0011198', 1, 1, 1, 1, 3, '29285832', 1, 1, 'ZITRIKA COLONIA MANDARINA', NULL, 0, 0, NULL, NULL, '2017-12-07'),
('0011199', 1, 1, 1, 1, 3, '29285832', 1, 1, 'EAU DE SEDA EAU DE PARFUM ORIGINAL', NULL, 0, 0, NULL, NULL, '2017-12-07'),
('0011200', 1, 1, 1, 1, 3, '29285832', 1, 1, 'EAU DE SEDA DIAMA EAU D PARFUM', NULL, 0, 0, NULL, NULL, '2017-12-07'),
('0011201', 1, 1, 1, 1, 3, '29285832', 1, 1, 'TEMPTATION BODY LOTION', NULL, 0, 0, NULL, NULL, '2017-12-07'),
('0011202', 1, 1, 1, 1, 3, '29285832', 1, 1, 'CCORI BODY LOTION', NULL, 0, 0, NULL, NULL, '2017-12-07');
INSERT INTO `producto` (`idProducto`, `idTipoProducto`, `idSubCategoria`, `idColor`, `idUnidadMedida`, `idTamaño`, `idColaborador`, `idEstado`, `idGenero`, `nombreCorto`, `descripcion`, `costoEstimado`, `puntoReposicion`, `urlImagen`, `urlProducto`, `fechaCreacion`) VALUES
('0011203', 1, 1, 1, 1, 3, '29285832', 1, 1, 'GAIA BODY LOTION', NULL, 0, 0, NULL, NULL, '2017-12-07'),
('0011204', 1, 1, 1, 1, 3, '29285832', 1, 1, 'UNIQUE WOMAN BODY LOTION', NULL, 0, 0, NULL, NULL, '2017-12-07'),
('0011205', 1, 1, 1, 1, 3, '29285832', 1, 1, 'CCORI PASION BODY LOTION', NULL, 0, 0, NULL, NULL, '2017-12-07'),
('0011206', 1, 1, 1, 1, 3, '29285832', 1, 1, 'CCORI CRISTAL BODY LOTION', NULL, 0, 0, NULL, NULL, '2017-12-07'),
('0011207', 1, 1, 1, 1, 3, '29285832', 1, 1, 'OHM BLACK GEL DESPUES AFEITAR', NULL, 0, 0, NULL, NULL, '2017-12-07'),
('0011208', 1, 1, 1, 1, 3, '29285832', 1, 1, 'TEMPTATION GEL DESPUES AFEITAR', NULL, 0, 0, NULL, NULL, '2017-12-07'),
('0011209', 1, 1, 1, 1, 3, '29285832', 1, 1, 'AROM GEL DESPUES DE AFEITAR', NULL, 0, 0, NULL, NULL, '2017-12-07'),
('0011210', 1, 1, 1, 1, 3, '29285832', 1, 1, 'OHM GEL DESPUES DE AFEITAR', NULL, 0, 0, NULL, NULL, '2017-12-07'),
('0011211', 1, 1, 1, 1, 3, '29285832', 1, 1, 'SOLO GEL DESPUES DE AFEITAR', NULL, 0, 0, NULL, NULL, '2017-12-07'),
('0011212', 1, 1, 1, 1, 3, '29285832', 1, 1, 'ZENTRO GEL DESPUES DE AFEITAR', NULL, 0, 0, NULL, NULL, '2017-12-07'),
('0011213', 1, 1, 1, 1, 3, '29285832', 1, 1, 'ULTRA DEF DEL LAP OJO MARRON', NULL, 0, 0, NULL, NULL, '2017-12-07'),
('0011215', 1, 1, 1, 1, 3, '29285832', 1, 1, 'ULTRA DEF DEL LAP OJO AZU NOCH', NULL, 0, 0, NULL, NULL, '2017-12-07'),
('0011216', 1, 1, 1, 1, 3, '29285832', 1, 1, 'ULTRA DEF DEL LAP INT OJ PERLA', NULL, 0, 0, NULL, NULL, '2017-12-07'),
('0011218', 1, 1, 1, 1, 3, '29285832', 1, 1, 'ULTRA DEF DEL CEJAS MARRON MED', NULL, 0, 0, NULL, NULL, '2017-12-07'),
('0011219', 1, 1, 1, 1, 3, '29285832', 1, 1, 'ULTRA DEF DEL LAB ROJO ENCENDI', NULL, 0, 0, NULL, NULL, '2017-12-07'),
('0011222', 1, 1, 1, 1, 3, '29285832', 1, 1, 'ULTRA DEF DEL LAB TOFFEE IMPER', NULL, 0, 0, NULL, NULL, '2017-12-07'),
('0011224', 1, 1, 1, 1, 3, '29285832', 1, 1, 'ULTRA DEF DEL LAB CHOCOLATE', NULL, 0, 0, NULL, NULL, '2017-12-07'),
('0011226', 1, 1, 1, 1, 3, '29285832', 1, 1, 'ULTRA DEF DEL LAB PALO DE ROSA', NULL, 0, 0, NULL, NULL, '2017-12-07'),
('0011227', 1, 1, 1, 1, 3, '29285832', 1, 1, 'ULTRA DEF DEL LAB VINO', NULL, 0, 0, NULL, NULL, '2017-12-07'),
('0011229', 1, 1, 1, 1, 3, '29285832', 1, 1, 'AROM POUR HOMME DESODORANTE', NULL, 0, 0, NULL, NULL, '2017-12-07'),
('0011230', 1, 1, 1, 1, 3, '29285832', 1, 1, 'OHM DESODORANTE', NULL, 0, 0, NULL, NULL, '2017-12-07'),
('0011231', 1, 1, 1, 1, 3, '29285832', 1, 1, 'SOLO DESODORANTE', NULL, 0, 0, NULL, NULL, '2017-12-07'),
('0011232', 1, 1, 1, 1, 3, '29285832', 1, 1, 'OHM BLACK DESODORANTE', NULL, 0, 0, NULL, NULL, '2017-12-07'),
('0011233', 1, 1, 1, 1, 3, '29285832', 1, 1, 'TEMPTATION FOR MEN DESODORANTE', NULL, 0, 0, NULL, NULL, '2017-12-07'),
('0011234', 1, 1, 1, 1, 3, '29285832', 1, 1, 'CCORI DESODORANTE', NULL, 0, 0, NULL, NULL, '2017-12-07'),
('0011235', 1, 1, 1, 1, 3, '29285832', 1, 1, 'GAIA DESODORANTE', NULL, 0, 0, NULL, NULL, '2017-12-07'),
('0011236', 1, 1, 1, 1, 3, '29285832', 1, 1, 'CCORI PASION DESODORANTE', NULL, 0, 0, NULL, NULL, '2017-12-07'),
('0011237', 1, 1, 1, 1, 3, '29285832', 1, 1, 'TEMPTATION DESODORANTE', NULL, 0, 0, NULL, NULL, '2017-12-07'),
('0011238', 1, 1, 1, 1, 3, '29285832', 1, 1, 'UNIQUE WOMAN DESODORANTE', NULL, 0, 0, NULL, NULL, '2017-12-07'),
('0011239', 1, 1, 1, 1, 3, '29285832', 1, 1, 'CCORI CRISTAL DESODORANTE', NULL, 0, 0, NULL, NULL, '2017-12-07'),
('0011240', 1, 1, 1, 1, 3, '29285832', 1, 1, 'ZENTRO DESODORANTE', NULL, 0, 0, NULL, NULL, '2017-12-07'),
('0011243', 1, 1, 1, 1, 3, '29285832', 1, 1, 'BIO MILK MANOS PERA MANZANA', NULL, 0, 0, NULL, NULL, '2017-12-07'),
('0011244', 1, 1, 1, 1, 3, '29285832', 1, 1, 'BIO MILK MANOS COCO CARIBEÑO', NULL, 0, 0, NULL, NULL, '2017-12-07'),
('0011245', 1, 1, 1, 1, 3, '29285832', 1, 1, 'BIO MILK MANOS FRESA FRAMBUESA', NULL, 0, 0, NULL, NULL, '2017-12-07'),
('0011246', 1, 1, 1, 1, 3, '29285832', 1, 1, 'BIO FRUIT COCO CARIBEÑO', NULL, 0, 0, NULL, NULL, '2017-12-07'),
('0011247', 1, 1, 1, 1, 3, '29285832', 1, 1, 'BIO FRUIT PERA MANZANA', NULL, 0, 0, NULL, NULL, '2017-12-07'),
('0011250', 1, 1, 1, 1, 3, '29285832', 1, 1, 'BIO FRUIT ORIGINAL ACONDICIONA', NULL, 0, 0, NULL, NULL, '2017-12-07'),
('0011251', 1, 1, 1, 1, 3, '29285832', 1, 1, 'ULTRA DEF DEL PLUM OJOS NEGRO', NULL, 0, 0, NULL, NULL, '2017-12-07'),
('0011252', 1, 1, 1, 1, 3, '29285832', 1, 1, 'ULTRA DEF DEL PLUM OJOS MARRON', NULL, 0, 0, NULL, NULL, '2017-12-07'),
('0011253', 1, 1, 1, 1, 3, '29285832', 1, 1, 'ULTRA DEF DEL PLUM OJOS AZUL', NULL, 0, 0, NULL, NULL, '2017-12-07'),
('0011254', 1, 1, 1, 1, 3, '29285832', 1, 1, 'Y. LABIAL PINK CORAL', NULL, 0, 0, NULL, NULL, '2017-12-07'),
('0011260', 1, 1, 1, 1, 3, '29285832', 1, 1, 'SOY DULCE FRESH COLOGNE', NULL, 0, 0, NULL, NULL, '2017-12-07'),
('0011261', 1, 1, 1, 1, 3, '29285832', 1, 1, 'SOY FASHION FRESH COLOGNE', NULL, 0, 0, NULL, NULL, '2017-12-07'),
('0011262', 1, 1, 1, 1, 3, '29285832', 1, 1, 'SOY SEXY FRESH COLOGNE', NULL, 0, 0, NULL, NULL, '2017-12-07'),
('0011263', 1, 1, 1, 1, 3, '29285832', 1, 1, 'Y. RIMEL NEGRO', NULL, 0, 0, NULL, NULL, '2017-12-07'),
('0011266', 1, 1, 1, 1, 3, '29285832', 1, 1, 'SENTIVA EXTRACTO DIVINO CONCEN', NULL, 0, 0, NULL, NULL, '2017-12-07'),
('0011268', 1, 1, 1, 1, 3, '29285832', 1, 1, 'L/L HYDRA-LIP CRAYON FUCS ORIE', NULL, 0, 0, NULL, NULL, '2017-12-07'),
('0011269', 1, 1, 1, 1, 3, '29285832', 1, 1, 'L/L HYDRA-LIP CRAYON LILA ASIA', NULL, 0, 0, NULL, NULL, '2017-12-07'),
('0011272', 1, 1, 1, 1, 3, '29285832', 1, 1, 'SENTIVA MASCARILLA FACIAL', NULL, 0, 0, NULL, NULL, '2017-12-07'),
('0011273', 1, 1, 1, 1, 3, '29285832', 1, 1, 'LOCION DE SEDA', NULL, 0, 0, NULL, NULL, '2017-12-07'),
('0011274', 1, 1, 1, 1, 3, '29285832', 1, 1, 'LOCION DE SEDA DIAMANTES', NULL, 0, 0, NULL, NULL, '2017-12-07'),
('0011276', 1, 1, 1, 1, 3, '29285832', 1, 1, 'DULCE VANIDAD EAU DE PARFUM', NULL, 0, 0, NULL, NULL, '2017-12-07'),
('0011277', 1, 1, 1, 1, 3, '29285832', 1, 1, 'UNIQUECIL ROLL RIMEL RIZAD EXT', NULL, 0, 0, NULL, NULL, '2017-12-07'),
('0011278', 1, 1, 1, 1, 3, '29285832', 1, 1, 'S/S Y. URBANA FEMME', NULL, 0, 0, NULL, NULL, '2017-12-07'),
('0011279', 1, 1, 1, 1, 3, '29285832', 1, 1, 'S/S Y. AVENTURA CHIC', NULL, 0, 0, NULL, NULL, '2017-12-07'),
('0011282', 1, 1, 1, 1, 3, '29285832', 1, 1, 'Y. LABIAL FUCSIA POP', NULL, 0, 0, NULL, NULL, '2017-12-07'),
('0011283', 1, 1, 1, 1, 3, '29285832', 1, 1, 'Y. LABIAL NARANJA FUN', NULL, 0, 0, NULL, NULL, '2017-12-07'),
('0011284', 1, 1, 1, 1, 3, '29285832', 1, 1, 'Y. LABIAL ROSA LOVE', NULL, 0, 0, NULL, NULL, '2017-12-07'),
('0011285', 1, 1, 1, 1, 3, '29285832', 1, 1, 'Y. LABIAL FEMME NACAR', NULL, 0, 0, NULL, NULL, '2017-12-07'),
('0011286', 1, 1, 1, 1, 3, '29285832', 1, 1, 'Y. LABIAL MALVA SPIRIT', NULL, 0, 0, NULL, NULL, '2017-12-07'),
('0011287', 1, 1, 1, 1, 3, '29285832', 1, 1, 'Y. LABIAL ROJO FASHION', NULL, 0, 0, NULL, NULL, '2017-12-07'),
('0011288', 1, 1, 1, 1, 3, '29285832', 1, 1, 'Y. LABIAL TERRA MYSTIC', NULL, 0, 0, NULL, NULL, '2017-12-07'),
('0011289', 1, 1, 1, 1, 3, '29285832', 1, 1, 'BS UÑA DE GATO CREMA MANOS', NULL, 0, 0, NULL, NULL, '2017-12-07'),
('0011290', 1, 1, 1, 1, 3, '29285832', 1, 1, 'BS UÑA DE GATO CREMA CUERPO', NULL, 0, 0, NULL, NULL, '2017-12-07'),
('0011291', 1, 1, 1, 1, 3, '29285832', 1, 1, 'BS UÑA DE GATO GEL EXFOLIADOR', NULL, 0, 0, NULL, NULL, '2017-12-07'),
('0011292', 1, 1, 1, 1, 3, '29285832', 1, 1, 'BS QUINUA CREMA MANOS', NULL, 0, 0, NULL, NULL, '2017-12-07'),
('0011293', 1, 1, 1, 1, 3, '29285832', 1, 1, 'BS QUINUA CREMA CUERPO', NULL, 0, 0, NULL, NULL, '2017-12-07'),
('0011301', 1, 1, 1, 1, 3, '29285832', 1, 1, 'MUSK BLANC EAU DE PARFUM', NULL, 0, 0, NULL, NULL, '2017-12-07'),
('0011302', 1, 1, 1, 1, 3, '29285832', 1, 1, 'LIBERATTA NOIRE PARFUM', NULL, 0, 0, NULL, NULL, '2017-12-07'),
('0011304', 1, 1, 1, 1, 3, '29285832', 1, 1, 'INDOMITO COLOGNE FOR MEN', NULL, 0, 0, NULL, NULL, '2017-12-07'),
('0011308', 1, 1, 1, 1, 3, '29285832', 1, 1, 'C/S COLOR EFFECT HABANA', NULL, 0, 0, NULL, NULL, '2017-12-07'),
('0011309', 1, 1, 1, 1, 3, '29285832', 1, 1, 'ESM PERFECT TEN SON DE MORA', NULL, 0, 0, NULL, NULL, '2017-12-07'),
('0011310', 1, 1, 1, 1, 3, '29285832', 1, 1, 'ESM PERFECT TEN MAAAMBO', NULL, 0, 0, NULL, NULL, '2017-12-07'),
('0011311', 1, 1, 1, 1, 3, '29285832', 1, 1, 'ESM PERFECT TEN COLORADA', NULL, 0, 0, NULL, NULL, '2017-12-07'),
('0011312', 1, 1, 1, 1, 3, '29285832', 1, 1, 'ESM PERFECT TEN SOL DE CARIBE', NULL, 0, 0, NULL, NULL, '2017-12-07'),
('0011313', 1, 1, 1, 1, 3, '29285832', 1, 1, 'ESM PERFECT TEN VERDE RUMBA', NULL, 0, 0, NULL, NULL, '2017-12-07'),
('0011314', 1, 1, 1, 1, 3, '29285832', 1, 1, 'ESM PERFECT TEN MOJITO CARIBEÑ', NULL, 0, 0, NULL, NULL, '2017-12-07'),
('0011315', 1, 1, 1, 1, 3, '29285832', 1, 1, 'L/L HYDRA-LIP COL CORA CAR FR', NULL, 0, 0, NULL, NULL, '2017-12-07'),
('0011316', 1, 1, 1, 1, 3, '29285832', 1, 1, 'L/L HYDRA-LIP COLOR TROPIC FR', NULL, 0, 0, NULL, NULL, '2017-12-07'),
('0011317', 1, 1, 1, 1, 3, '29285832', 1, 1, 'L/L HYDRA-LIP COL HABANERA FR', NULL, 0, 0, NULL, NULL, '2017-12-07'),
('0011318', 1, 1, 1, 1, 3, '29285832', 1, 1, 'L/LIQ HYDRA-LIP VARADERO LOV', NULL, 0, 0, NULL, NULL, '2017-12-07'),
('0011319', 1, 1, 1, 1, 3, '29285832', 1, 1, 'L/LIQ HYDRA-LIP AZUUUCAR', NULL, 0, 0, NULL, NULL, '2017-12-07'),
('0011320', 1, 1, 1, 1, 3, '29285832', 1, 1, 'ESM PERFECT TEN BRILLO D ESTRE', NULL, 0, 0, NULL, NULL, '2017-12-07'),
('0011321', 1, 1, 1, 1, 3, '29285832', 1, 1, 'ESM PERFECT TEN ROJO DE GALA', NULL, 0, 0, NULL, NULL, '2017-12-07'),
('0011324', 1, 1, 1, 1, 3, '29285832', 1, 1, 'ESM PERFECT TEN PURPURA GLAMOU', NULL, 0, 0, NULL, NULL, '2017-12-07'),
('0011325', 1, 1, 1, 1, 3, '29285832', 1, 1, 'ESM PERFECT TEN AZUL MAGICO', NULL, 0, 0, NULL, NULL, '2017-12-07'),
('0011326', 1, 1, 1, 1, 3, '29285832', 1, 1, 'L/L HYDRA-LIP LD SUEÑO D BRONC', NULL, 0, 0, NULL, NULL, '2017-12-07'),
('0011327', 1, 1, 1, 1, 3, '29285832', 1, 1, 'L/L HYDRA-LIP LD ROJO CARAMEL0', NULL, 0, 0, NULL, NULL, '2017-12-07'),
('0011331', 1, 1, 1, 1, 3, '29285832', 1, 1, 'UNIQUECIL RIMEL NEGRO', NULL, 0, 0, NULL, NULL, '2017-12-07'),
('0011333', 1, 1, 1, 1, 3, '29285832', 1, 1, 'UNIQUECIL RIMEL EXTRA XL NEGRO MY', NULL, 0, 0, NULL, NULL, '2017-12-07'),
('0011334', 1, 1, 1, 1, 3, '29285832', 1, 1, 'CRECE EXTREME RIMEL ACELERADOR MY', NULL, 0, 0, NULL, NULL, '2017-12-07'),
('0011336', 1, 1, 1, 1, 3, '29285832', 1, 1, 'PD SOY FELIZ E/LA HABANA COLOG', NULL, 0, 0, NULL, NULL, '2017-12-07'),
('0011337', 1, 1, 1, 1, 3, '29285832', 1, 1, 'MUSK EAU DE PARFUM', NULL, 0, 0, NULL, NULL, '2017-12-07'),
('0011341', 1, 1, 1, 1, 3, '29285832', 1, 1, 'Y. BRILLO LABIAL ROJO STOP', NULL, 0, 0, NULL, NULL, '2017-12-07'),
('0011342', 1, 1, 1, 1, 3, '29285832', 1, 1, 'Y. BRILLO LABIAL FUCSIA KISS', NULL, 0, 0, NULL, NULL, '2017-12-07'),
('0011343', 1, 1, 1, 1, 3, '29285832', 1, 1, 'Y. BRILLO LABIAL ROSA CHIC', NULL, 0, 0, NULL, NULL, '2017-12-07'),
('0011344', 1, 1, 1, 1, 3, '29285832', 1, 1, 'Y. BRILLO LABIAL ROSALICIOUS', NULL, 0, 0, NULL, NULL, '2017-12-07'),
('0011345', 1, 1, 1, 1, 3, '29285832', 1, 1, 'Y. BRILLO LABIAL LOVELY CORAL', NULL, 0, 0, NULL, NULL, '2017-12-07'),
('0011346', 1, 1, 1, 1, 3, '29285832', 1, 1, 'Y. BRILLO LABIAL ANGEL NUDE', NULL, 0, 0, NULL, NULL, '2017-12-07'),
('0011347', 1, 1, 1, 1, 3, '29285832', 1, 1, 'ESM PERFECT TEN RED LINE', NULL, 0, 0, NULL, NULL, '2017-12-07'),
('0011348', 1, 1, 1, 1, 3, '29285832', 1, 1, 'ESM PERFECT TEN FRAMBUESA 180', NULL, 0, 0, NULL, NULL, '2017-12-07'),
('0011349', 1, 1, 1, 1, 3, '29285832', 1, 1, 'ESM PERFECT TEN ROSA ELECTRICO', NULL, 0, 0, NULL, NULL, '2017-12-07'),
('0011350', 1, 1, 1, 1, 3, '29285832', 1, 1, 'ESM PERFECT TEN FUCSIA TECNOLO', NULL, 0, 0, NULL, NULL, '2017-12-07'),
('0011351', 1, 1, 1, 1, 3, '29285832', 1, 1, 'ESM PERFECT TEN ROSA 3D', NULL, 0, 0, NULL, NULL, '2017-12-07'),
('0011352', 1, 1, 1, 1, 3, '29285832', 1, 1, 'L/L HYDRA-LIP COLOR FUTUR RED', NULL, 0, 0, NULL, NULL, '2017-12-07'),
('0011353', 1, 1, 1, 1, 3, '29285832', 1, 1, 'L/L HYDRA-LIP COLOR EFEC FRAMB', NULL, 0, 0, NULL, NULL, '2017-12-07'),
('0011354', 1, 1, 1, 1, 3, '29285832', 1, 1, 'L/L HYDRA-LIP COL ENERGY PINK', NULL, 0, 0, NULL, NULL, '2017-12-07'),
('0011355', 1, 1, 1, 1, 3, '29285832', 1, 1, 'L/L HYDRA-LIP COL PSICODE FUCS', NULL, 0, 0, NULL, NULL, '2017-12-07'),
('0011356', 1, 1, 1, 1, 3, '29285832', 1, 1, 'L/L HYDRA-LIP COLOR GEOME ROS', NULL, 0, 0, NULL, NULL, '2017-12-07'),
('0011358', 1, 1, 1, 1, 3, '29285832', 1, 1, 'JAQUE COLOGNE FOR MEN', NULL, 0, 0, NULL, NULL, '2017-12-07'),
('0011359', 1, 1, 1, 1, 3, '29285832', 1, 1, 'PD LA HABANA BODY LOTION', NULL, 0, 0, NULL, NULL, '2017-12-07'),
('0011361', 1, 1, 1, 1, 3, '29285832', 1, 1, 'SOY DULCE BODY LOTION', NULL, 0, 0, NULL, NULL, '2017-12-07'),
('0011362', 1, 1, 1, 1, 3, '29285832', 1, 1, 'MUSK COLOGNE FOR MEN', NULL, 0, 0, NULL, NULL, '2017-12-07'),
('0011363', 1, 1, 1, 1, 3, '29285832', 1, 1, 'BIO MILK CREMA MANGO MARAC', NULL, 0, 0, NULL, NULL, '2017-12-07'),
('0011365', 1, 1, 1, 1, 3, '29285832', 1, 1, 'BIO FRUIT 2EN1 MANG MARAC', NULL, 0, 0, NULL, NULL, '2017-12-07'),
('0011366', 1, 1, 1, 1, 3, '29285832', 1, 1, 'SOY SEXY BODY LOTION', NULL, 0, 0, NULL, NULL, '2017-12-07'),
('0011367', 1, 1, 1, 1, 3, '29285832', 1, 1, 'SOY FASHION BODY LOTION', NULL, 0, 0, NULL, NULL, '2017-12-07'),
('0011370', 1, 1, 1, 1, 3, '29285832', 1, 1, 'UNIQUECIL RIMEL ULTRA DEF NEGR MY', NULL, 0, 0, NULL, NULL, '2017-12-07'),
('0011372', 1, 1, 1, 1, 3, '29285832', 1, 1, 'B/P Y. NUDE', NULL, 0, 0, NULL, NULL, '2017-12-07'),
('0011373', 1, 1, 1, 1, 3, '29285832', 1, 1, 'B/P Y. BEIGE', NULL, 0, 0, NULL, NULL, '2017-12-07'),
('0011374', 1, 1, 1, 1, 3, '29285832', 1, 1, 'L/L HYDRA-LIP COLOR AMBRE ANV', NULL, 0, 0, NULL, NULL, '2017-12-07'),
('0011375', 1, 1, 1, 1, 3, '29285832', 1, 1, 'L/L HYDRA-LIP COL ROJO PAS ANV', NULL, 0, 0, NULL, NULL, '2017-12-07'),
('0011376', 1, 1, 1, 1, 3, '29285832', 1, 1, 'L/L HYDRA-LIP COL FUC PELI ANV', NULL, 0, 0, NULL, NULL, '2017-12-07'),
('0011377', 1, 1, 1, 1, 3, '29285832', 1, 1, 'L/L HYDRA-LIP COLOR TENTAC ANV', NULL, 0, 0, NULL, NULL, '2017-12-07'),
('0011378', 1, 1, 1, 1, 3, '29285832', 1, 1, 'L/L HYDRA-LIP COL BAI ROSA ANV', NULL, 0, 0, NULL, NULL, '2017-12-07'),
('0011379', 1, 1, 1, 1, 3, '29285832', 1, 1, 'ULTRA DEF DEL BIS OJOS NEGRO', NULL, 0, 0, NULL, NULL, '2017-12-07'),
('0011380', 1, 1, 1, 1, 3, '29285832', 1, 1, 'C/S COLOR EFFECT FUROR AZUL', NULL, 0, 0, NULL, NULL, '2017-12-07'),
('0011381', 1, 1, 1, 1, 3, '29285832', 1, 1, 'C/S COLOR EFFECT ROMANCE', NULL, 0, 0, NULL, NULL, '2017-12-07'),
('0011382', 1, 1, 1, 1, 3, '29285832', 1, 1, 'L/L HYDRA-LIP COLOR VINO REAL', NULL, 0, 0, NULL, NULL, '2017-12-07'),
('0011383', 1, 1, 1, 1, 3, '29285832', 1, 1, 'L/L HYDRA-LIP COLOR BESO FRAM', NULL, 0, 0, NULL, NULL, '2017-12-07'),
('0011384', 1, 1, 1, 1, 3, '29285832', 1, 1, 'L/L HYDRA-LIP COLOR SUEÑO ROSE', NULL, 0, 0, NULL, NULL, '2017-12-07'),
('0011385', 1, 1, 1, 1, 3, '29285832', 1, 1, 'L/L HYDRA-LIP COLOR CLARO ROMA', NULL, 0, 0, NULL, NULL, '2017-12-07'),
('0011386', 1, 1, 1, 1, 3, '29285832', 1, 1, 'L/L HYDRA-LIP COLOR DULCE ROSA', NULL, 0, 0, NULL, NULL, '2017-12-07'),
('0011387', 1, 1, 1, 1, 3, '29285832', 1, 1, 'ESM PERFECT TEN SUAVE LAVANDA', NULL, 0, 0, NULL, NULL, '2017-12-07'),
('0011388', 1, 1, 1, 1, 3, '29285832', 1, 1, 'ESM PERFECT TEN SEDA IMPERIAL', NULL, 0, 0, NULL, NULL, '2017-12-07'),
('0011389', 1, 1, 1, 1, 3, '29285832', 1, 1, 'ESM PERFECT TEN MENTA CRISTAL', NULL, 0, 0, NULL, NULL, '2017-12-07'),
('0011390', 1, 1, 1, 1, 3, '29285832', 1, 1, 'ESM PERFECT TEN DORADO VERSALLES', NULL, 0, 0, NULL, NULL, '2017-12-07'),
('0011391', 1, 1, 1, 1, 3, '29285832', 1, 1, 'ESM PERFECT TEN FLOR DE CIRUELA', NULL, 0, 0, NULL, NULL, '2017-12-07'),
('0011392', 1, 1, 1, 1, 3, '29285832', 1, 1, 'ESM PERFECT TEN SUSPIRO DE ROSA', NULL, 0, 0, NULL, NULL, '2017-12-07'),
('0011393', 1, 1, 1, 1, 3, '29285832', 1, 1, 'R/CREM Y. ROSADO', NULL, 0, 0, NULL, NULL, '2017-12-07'),
('0011394', 1, 1, 1, 1, 3, '29285832', 1, 1, 'R/CREM Y. BRONZE', NULL, 0, 0, NULL, NULL, '2017-12-07'),
('0011395', 1, 1, 1, 1, 3, '29285832', 1, 1, 'R/CREM Y. CORAL', NULL, 0, 0, NULL, NULL, '2017-12-07'),
('0011400', 1, 1, 1, 1, 3, '29285832', 1, 1, 'PD I LOVE NEW YORK COLOGNE', NULL, 0, 0, NULL, NULL, '2017-12-07'),
('0011402', 1, 1, 1, 1, 3, '29285832', 1, 1, 'OHM COLOGNE SPRAY ANV', NULL, 0, 0, NULL, NULL, '2017-12-07'),
('0011404', 1, 1, 1, 1, 3, '29285832', 1, 1, 'B/L HYDRA-LIP ROSA DIAMANTE', NULL, 0, 0, NULL, NULL, '2017-12-07'),
('0011405', 1, 1, 1, 1, 3, '29285832', 1, 1, 'C/S COLOR EFFECT TERRANOVA', NULL, 0, 0, NULL, NULL, '2017-12-07'),
('0011406', 1, 1, 1, 1, 3, '29285832', 1, 1, 'L/L HYDRA-LIP COLOR VINO SILVE', NULL, 0, 0, NULL, NULL, '2017-12-07'),
('0011407', 1, 1, 1, 1, 3, '29285832', 1, 1, 'L/L HYDRA-LIP COLOR ROJO AFRIC', NULL, 0, 0, NULL, NULL, '2017-12-07'),
('0011408', 1, 1, 1, 1, 3, '29285832', 1, 1, 'L/L HYDRA-LIP COLOR GACELA NUD', NULL, 0, 0, NULL, NULL, '2017-12-07'),
('0011409', 1, 1, 1, 1, 3, '29285832', 1, 1, 'ESM PERFECT TEN PURPURA TRIBAL', NULL, 0, 0, NULL, NULL, '2017-12-07'),
('0011410', 1, 1, 1, 1, 3, '29285832', 1, 1, 'ESM PERFECT TEN ROJO PRIMITIVO', NULL, 0, 0, NULL, NULL, '2017-12-07'),
('0011411', 1, 1, 1, 1, 3, '29285832', 1, 1, 'ESM PERFECT TEN MADERA AFRICANA', NULL, 0, 0, NULL, NULL, '2017-12-07'),
('0011412', 1, 1, 1, 1, 3, '29285832', 1, 1, 'ESM PERFECT TEN ARENA DEL DESIERTO', NULL, 0, 0, NULL, NULL, '2017-12-07'),
('0011413', 1, 1, 1, 1, 3, '29285832', 1, 1, 'ESM PERFECT TEN TERRA AFRICANA', NULL, 0, 0, NULL, NULL, '2017-12-07'),
('0011414', 1, 1, 1, 1, 3, '29285832', 1, 1, 'ESM PERFECT TEN SELVA MISTERIOSA', NULL, 0, 0, NULL, NULL, '2017-12-07'),
('0011415', 1, 1, 1, 1, 3, '29285832', 1, 1, 'BIO FRUIT COCO CARIB SHAM & ACON', NULL, 0, 0, NULL, NULL, '2017-12-07'),
('0011416', 1, 1, 1, 1, 3, '29285832', 1, 1, 'BIO FRUIT PERA MANZA SHAM & ACON', NULL, 0, 0, NULL, NULL, '2017-12-07'),
('0011417', 1, 1, 1, 1, 3, '29285832', 1, 1, 'BIO FRUIT GRANADA SHAM & ACON', NULL, 0, 0, NULL, NULL, '2017-12-07'),
('0011418', 1, 1, 1, 1, 3, '29285832', 1, 1, 'BIO MILK COCO CARIB CREMA', NULL, 0, 0, NULL, NULL, '2017-12-07'),
('0011419', 1, 1, 1, 1, 3, '29285832', 1, 1, 'BIO MILK FRESA FRAM CREMA', NULL, 0, 0, NULL, NULL, '2017-12-07'),
('0011420', 1, 1, 1, 1, 3, '29285832', 1, 1, 'BIO MILK PERA MANZ CREMA', NULL, 0, 0, NULL, NULL, '2017-12-07'),
('0011421', 1, 1, 1, 1, 3, '29285832', 1, 1, 'BIO FRUIT ORIGINAL SHAMPOO', NULL, 0, 0, NULL, NULL, '2017-12-07'),
('0011422', 1, 1, 1, 1, 3, '29285832', 1, 1, 'BIO FRUIT ORIGINAL ACONDICIONA', NULL, 0, 0, NULL, NULL, '2017-12-07'),
('0011426', 1, 1, 1, 1, 3, '29285832', 1, 1, 'SOY FELIZ FRESH COLOGNE', NULL, 0, 0, NULL, NULL, '2017-12-07'),
('0011427', 1, 1, 1, 1, 3, '29285832', 1, 1, 'ELIXIR DE VIDA ROSTRO ANV', NULL, 0, 0, NULL, NULL, '2017-12-07'),
('0011429', 1, 1, 1, 1, 3, '29285832', 1, 1, 'L/L HYDRA-LIP CRAY MARRON TERR MY', NULL, 0, 0, NULL, NULL, '2017-12-07'),
('0011430', 1, 1, 1, 1, 3, '29285832', 1, 1, 'L/L HYDRA-LIP CRAY ROJO SAFARI MY', NULL, 0, 0, NULL, NULL, '2017-12-07'),
('0011432', 1, 1, 1, 1, 3, '29285832', 1, 1, 'L/L HYDRA-LIP LD CORAL ENCENDI MY', NULL, 0, 0, NULL, NULL, '2017-12-07'),
('0011433', 1, 1, 1, 1, 3, '29285832', 1, 1, 'L/L HYDRA-LIP LD FUEGO ELEMENT MY', NULL, 0, 0, NULL, NULL, '2017-12-07'),
('0011434', 1, 1, 1, 1, 3, '29285832', 1, 1, 'L/L HYDRA-LIP LD ROJO SILVESTR MY', NULL, 0, 0, NULL, NULL, '2017-12-07'),
('0011435', 1, 1, 1, 1, 3, '29285832', 1, 1, 'L/L HYDRA-LIP LD TIERRA FUEGO MY', NULL, 0, 0, NULL, NULL, '2017-12-07'),
('0011436', 1, 1, 1, 1, 3, '29285832', 1, 1, 'L/L HYDRA-LIP LD TIERRA MISTIC MY', NULL, 0, 0, NULL, NULL, '2017-12-07'),
('0011437', 1, 1, 1, 1, 3, '29285832', 1, 1, 'L/L HYDRA-LIP CRAY PIEL CORAL MY', NULL, 0, 0, NULL, NULL, '2017-12-07'),
('0011440', 1, 1, 1, 1, 3, '29285832', 1, 1, 'C/S COLOR EFFECT INDUSTRIAL', NULL, 0, 0, NULL, NULL, '2017-12-07'),
('0011441', 1, 1, 1, 1, 3, '29285832', 1, 1, 'ESM PERFECT TEN TIERRA VOLCANI', NULL, 0, 0, NULL, NULL, '2017-12-07'),
('0011442', 1, 1, 1, 1, 3, '29285832', 1, 1, 'ESM PERFECT TEN ROJO CUARZO', NULL, 0, 0, NULL, NULL, '2017-12-07'),
('0011443', 1, 1, 1, 1, 3, '29285832', 1, 1, 'ESM PERFECT TEN INTENSO AMANEC', NULL, 0, 0, NULL, NULL, '2017-12-07'),
('0011444', 1, 1, 1, 1, 3, '29285832', 1, 1, 'ESM PERFECT TEN CIELO PRIMAVER', NULL, 0, 0, NULL, NULL, '2017-12-07'),
('0011445', 1, 1, 1, 1, 3, '29285832', 1, 1, 'ESM PERFECT TEN MAR MEDITERRAN', NULL, 0, 0, NULL, NULL, '2017-12-07'),
('0011446', 1, 1, 1, 1, 3, '29285832', 1, 1, 'ESM PERFECT TEN BOSQUE D NOCHE', NULL, 0, 0, NULL, NULL, '2017-12-07'),
('0011447', 1, 1, 1, 1, 3, '29285832', 1, 1, 'L/L HYDRA-LIP COLO COBRE GLAMO', NULL, 0, 0, NULL, NULL, '2017-12-07'),
('0011448', 1, 1, 1, 1, 3, '29285832', 1, 1, 'L/L HYDRA-LIP COL MARRON INDUS', NULL, 0, 0, NULL, NULL, '2017-12-07'),
('0011449', 1, 1, 1, 1, 3, '29285832', 1, 1, 'L/L HYDRA-LIP COLO DORADO D GA', NULL, 0, 0, NULL, NULL, '2017-12-07'),
('0011450', 1, 1, 1, 1, 3, '29285832', 1, 1, 'L/L HYDRA-LIP COLOR ROSA GALAC', NULL, 0, 0, NULL, NULL, '2017-12-07'),
('0011451', 1, 1, 1, 1, 3, '29285832', 1, 1, 'L/L HYDRA-LIP COLOR ROSADO ACE', NULL, 0, 0, NULL, NULL, '2017-12-07'),
('0011452', 1, 1, 1, 1, 3, '29285832', 1, 1, 'B/L HYDRA-LIP BRILLANTINA', NULL, 0, 0, NULL, NULL, '2017-12-07'),
('0011453', 1, 1, 1, 1, 3, '29285832', 1, 1, 'ESM PERFECT TEN METALICA ROSE', NULL, 0, 0, NULL, NULL, '2017-12-07'),
('0011454', 1, 1, 1, 1, 3, '29285832', 1, 1, 'ESM PERFECT TEN MELON COBRIZO', NULL, 0, 0, NULL, NULL, '2017-12-07'),
('0011455', 1, 1, 1, 1, 3, '29285832', 1, 1, 'ESM PERFECT TEN COBRE LIQUIDO', NULL, 0, 0, NULL, NULL, '2017-12-07'),
('0011456', 1, 1, 1, 1, 3, '29285832', 1, 1, 'ESM PERFECT TEN ADAMANTIUM', NULL, 0, 0, NULL, NULL, '2017-12-07'),
('0011457', 1, 1, 1, 1, 3, '29285832', 1, 1, 'ESM PERFECT TEN ACERO BRILLANT', NULL, 0, 0, NULL, NULL, '2017-12-07'),
('0011458', 1, 1, 1, 1, 3, '29285832', 1, 1, 'ESM PERFECT TEN AZUL PLATINAD', NULL, 0, 0, NULL, NULL, '2017-12-07'),
('0011459', 1, 1, 1, 1, 3, '29285832', 1, 1, 'C/S COLOR EFFECT DELUXE', NULL, 0, 0, NULL, NULL, '2017-12-07'),
('0011460', 1, 1, 1, 1, 3, '29285832', 1, 1, 'CCORI LE PARFUM ANV', NULL, 0, 0, NULL, NULL, '2017-12-07'),
('0011461', 1, 1, 1, 1, 3, '29285832', 1, 1, 'BS BABY COLONIA', NULL, 0, 0, NULL, NULL, '2017-12-07'),
('0011462', 1, 1, 1, 1, 3, '29285832', 1, 1, 'BS BABY SHAMPOO', NULL, 0, 0, NULL, NULL, '2017-12-07'),
('0011464', 1, 1, 1, 1, 3, '29285832', 1, 1, 'P/C Y. NUDE', NULL, 0, 0, NULL, NULL, '2017-12-07'),
('0011465', 1, 1, 1, 1, 3, '29285832', 1, 1, 'P/C Y. BEIGE', NULL, 0, 0, NULL, NULL, '2017-12-07'),
('0011468', 1, 1, 1, 1, 3, '29285832', 1, 1, 'ULTRA DEF DEL MET LAP BRC DLX', NULL, 0, 0, NULL, NULL, '2017-12-07'),
('0011469', 1, 1, 1, 1, 3, '29285832', 1, 1, 'ULTRA DEF DEL MET LAP PLATIN', NULL, 0, 0, NULL, NULL, '2017-12-07'),
('0011470', 1, 1, 1, 1, 3, '29285832', 1, 1, 'ULTRA DEF DEL MET LAP DOR MET', NULL, 0, 0, NULL, NULL, '2017-12-07'),
('0011471', 1, 1, 1, 1, 3, '29285832', 1, 1, 'SENTIVA BB CREAM', NULL, 0, 0, NULL, NULL, '2017-12-07'),
('0011474', 1, 1, 1, 1, 3, '29285832', 1, 1, 'L/L HYDRA-LIP CRAY RED ELEGANC MY', NULL, 0, 0, NULL, NULL, '2017-12-07'),
('0011476', 1, 1, 1, 1, 3, '29285832', 1, 1, 'L/L HYDRA-LIP CRAY ALMEND CHIC MY', NULL, 0, 0, NULL, NULL, '2017-12-07'),
('0011478', 1, 1, 1, 1, 3, '29285832', 1, 1, 'L/L HYDRA-LIP CRAY LIL ASIATIC MY', NULL, 0, 0, NULL, NULL, '2017-12-07'),
('0011487', 1, 1, 1, 1, 3, '29285832', 1, 1, 'EAU DE SEDA EAU D PARFUM ANIV', NULL, 0, 0, NULL, NULL, '2017-12-07'),
('0011488', 1, 1, 1, 1, 3, '29285832', 1, 1, 'EAU DE SEDA DIAM EAU D PARF ANIV', NULL, 0, 0, NULL, NULL, '2017-12-07'),
('0011501', 1, 1, 1, 1, 3, '29285832', 1, 1, 'BIO MILK CREMA HIDRATANTE ORI', NULL, 0, 0, NULL, NULL, '2017-12-07'),
('0011503', 1, 1, 1, 1, 3, '29285832', 1, 1, 'L/L HYDRA-LIP LD AMOR PICANTE MY', NULL, 0, 0, NULL, NULL, '2017-12-07'),
('0011504', 1, 1, 1, 1, 3, '29285832', 1, 1, 'L/L HYDRA-LIP LD ROJO APASIONA MY', NULL, 0, 0, NULL, NULL, '2017-12-07'),
('0011506', 1, 1, 1, 1, 3, '29285832', 1, 1, 'L/L HYDRA-LIP LD AMOR CHOCOLAT MY', NULL, 0, 0, NULL, NULL, '2017-12-07'),
('0011507', 1, 1, 1, 1, 3, '29285832', 1, 1, 'L/L HYDRA-LIP LD ROSA D M SUEÑOS MY', NULL, 0, 0, NULL, NULL, '2017-12-07'),
('0011510', 1, 1, 1, 1, 3, '29285832', 1, 1, 'L/L HYDRA-LIP LD FUCSIA ENSUEÑO MY', NULL, 0, 0, NULL, NULL, '2017-12-07'),
('0011512', 1, 1, 1, 1, 3, '29285832', 1, 1, 'O/S COLOR EFFECT DIVINA BLUE', NULL, 0, 0, NULL, NULL, '2017-12-07'),
('0011517', 1, 1, 1, 1, 3, '29285832', 1, 1, 'CONTROL BLANC RX DIA', NULL, 0, 0, NULL, NULL, '2017-12-07'),
('0011532', 1, 1, 1, 1, 3, '29285832', 1, 1, 'ESM PERFECT TEN BEIGE ETRN', NULL, 0, 0, NULL, NULL, '2017-12-07'),
('0011533', 1, 1, 1, 1, 3, '29285832', 1, 1, 'ESM PERFECT TEN PARTY RED', NULL, 0, 0, NULL, NULL, '2017-12-07'),
('0011536', 1, 1, 1, 1, 3, '29285832', 1, 1, 'L/L HYDRA-LIP COLOR ROSA TOSC', NULL, 0, 0, NULL, NULL, '2017-12-07'),
('0011543', 1, 1, 1, 1, 3, '29285832', 1, 1, 'L/L HYDRA-LIP LD CIRUELA LOVE', NULL, 0, 0, NULL, NULL, '2017-12-07'),
('0011545', 1, 1, 1, 1, 3, '29285832', 1, 1, 'L/L HYDRA-LIP LD RED SHINE', NULL, 0, 0, NULL, NULL, '2017-12-07'),
('0011546', 1, 1, 1, 1, 3, '29285832', 1, 1, 'L/L HYDRA-LIP LD FUCSIA SHOCK', NULL, 0, 0, NULL, NULL, '2017-12-07'),
('0011547', 1, 1, 1, 1, 3, '29285832', 1, 1, 'LIBERATTA CREMA PERFUM ORIGI', NULL, 0, 0, NULL, NULL, '2017-12-07'),
('0011588', 1, 1, 1, 1, 3, '29285832', 1, 1, 'ESM PERFECT TEN GOLD SHIM', NULL, 0, 0, NULL, NULL, '2017-12-07'),
('0011589', 1, 1, 1, 1, 3, '29285832', 1, 1, 'ESM PERFECT TEN DARK RED', NULL, 0, 0, NULL, NULL, '2017-12-07'),
('0011590', 1, 1, 1, 1, 3, '29285832', 1, 1, 'ESM PERFECT TEN BLC CHERRY', NULL, 0, 0, NULL, NULL, '2017-12-07'),
('0011639', 1, 1, 1, 1, 3, '29285832', 1, 1, 'O/S COLOR EFFECT GOLDEN PARTY', NULL, 0, 0, NULL, NULL, '2017-12-07'),
('0011822', 1, 1, 1, 1, 3, '29285832', 1, 1, 'TE DESEO EXITO COLOGNE', NULL, 0, 0, NULL, NULL, '2017-12-07'),
('0011823', 1, 1, 1, 1, 3, '29285832', 1, 1, 'TE DESEO AMOR COLOGNE', NULL, 0, 0, NULL, NULL, '2017-12-07'),
('0011824', 1, 1, 1, 1, 3, '29285832', 1, 1, 'TE DESEO FELICIDAD COLOGNE', NULL, 0, 0, NULL, NULL, '2017-12-07'),
('2017C13', 3, 10, 4, 1, 2, '2954585', 1, 1, 'Catálogo 2017C13', 'Catálogo 2017C13', 0, 0, NULL, NULL, '2017-12-13'),
('2018C1', 3, 10, 4, 1, 2, '2954585', 1, 1, 'Catálogo 2018C1', 'Catálogo 2018C1', 0, 0, NULL, NULL, '2018-01-22'),
('2301261', 1, 1, 1, 1, 3, '29285832', 1, 1, 'INFORMES DE SIT.D/SERV. X 50UN.', NULL, 0, 0, NULL, NULL, '2017-12-07'),
('2301563', 1, 1, 1, 1, 3, '29285832', 1, 1, 'STICKERS MIL DISCULPAS', NULL, 0, 0, NULL, NULL, '2017-12-07'),
('2313321', 1, 1, 1, 1, 3, '29285832', 1, 1, 'COLECCION AL AZAR', NULL, 0, 0, NULL, NULL, '2017-12-07'),
('2313876', 1, 1, 1, 1, 3, '29285832', 1, 1, 'MAQUILLAJE PARA OF. ESP.', NULL, 0, 0, NULL, NULL, '2017-12-07'),
('2313877', 1, 1, 1, 1, 3, '29285832', 1, 1, 'BODY LOTION PARA OF. ESP.', NULL, 0, 0, NULL, NULL, '2017-12-07'),
('2313878', 1, 1, 1, 1, 3, '29285832', 1, 1, 'DESODORANTE PARA O.E', NULL, 0, 0, NULL, NULL, '2017-12-07'),
('2313879', 1, 1, 1, 1, 3, '29285832', 1, 1, 'GEL AFTER SHAVE PARA O.E.', NULL, 0, 0, NULL, NULL, '2017-12-07'),
('2314078', 1, 1, 1, 1, 3, '29285832', 1, 1, 'BOLSA O CAJA DE REGALO PA', NULL, 0, 0, NULL, NULL, '2017-12-07'),
('2314122', 1, 1, 1, 1, 3, '29285832', 1, 1, 'DEMO 2ML PARA OF. ESP.', NULL, 0, 0, NULL, NULL, '2017-12-07'),
('2314154', 1, 1, 1, 1, 3, '29285832', 1, 1, 'FRAGANCIA 1 PARA MEGA C3-16', NULL, 0, 0, NULL, NULL, '2017-12-07'),
('2314885', 1, 1, 1, 1, 3, '29285832', 1, 1, 'DEMOS PARA INCORPORAR', NULL, 0, 0, NULL, NULL, '2017-12-07'),
('2316867', 1, 1, 1, 1, 3, '29285832', 1, 1, 'MEDIDOR DE SORTIJAS SUNCH 2007', NULL, 0, 0, NULL, NULL, '2017-12-07'),
('2319969', 1, 1, 1, 1, 3, '29285832', 1, 1, 'ARETES PARA O.E.', NULL, 0, 0, NULL, NULL, '2017-12-07'),
('2319974', 1, 1, 1, 1, 3, '29285832', 1, 1, 'ARETES LIQUIDAC. 16.90 1', NULL, 0, 0, NULL, NULL, '2017-12-07'),
('2319987', 1, 1, 1, 1, 3, '29285832', 1, 1, 'CARRUSEL DE JOYA - 5 29.9', NULL, 0, 0, NULL, NULL, '2017-12-07'),
('2353403', 1, 1, 1, 1, 3, '29285832', 1, 1, 'SCH BS UÑA DE GATO SHAMPOO', NULL, 0, 0, NULL, NULL, '2017-12-07'),
('2353404', 1, 1, 1, 1, 3, '29285832', 1, 1, 'SCH BS UÑA DE GATO ACONDICIONADOR', NULL, 0, 0, NULL, NULL, '2017-12-07'),
('2353414', 1, 1, 1, 1, 3, '29285832', 1, 1, 'PROB EAU VITALE LAVANDA 1ML', NULL, 0, 0, NULL, NULL, '2017-12-07'),
('2353415', 1, 1, 1, 1, 3, '29285832', 1, 1, 'PROB EAU VITALE TE VERDE 1ML', NULL, 0, 0, NULL, NULL, '2017-12-07'),
('2353416', 1, 1, 1, 1, 3, '29285832', 1, 1, 'MN SENTIVA BB CREAM MATT', NULL, 0, 0, NULL, NULL, '2017-12-07'),
('2353417', 1, 1, 1, 1, 3, '29285832', 1, 1, 'SCH SENTIVA BB CREAM MATT', NULL, 0, 0, NULL, NULL, '2017-12-07'),
('2353418', 1, 1, 1, 1, 3, '29285832', 1, 1, 'MN TOTAL BLOCK SPF 100 20 G', NULL, 0, 0, NULL, NULL, '2017-12-07'),
('2353419', 1, 1, 1, 1, 3, '29285832', 1, 1, 'SCH TOTAL BLOCK ACT DEF SPF 50', NULL, 0, 0, NULL, NULL, '2017-12-07'),
('2353424', 1, 1, 1, 1, 3, '29285832', 1, 1, 'SCH BS KIDS PITA SH Y ACO NIÑA', NULL, 0, 0, NULL, NULL, '2017-12-07'),
('2353425', 1, 1, 1, 1, 3, '29285832', 1, 1, 'SCH BS KIDS PITA SH Y ACO NIÑO', NULL, 0, 0, NULL, NULL, '2017-12-07'),
('2353445', 1, 1, 1, 1, 3, '29285832', 1, 1, 'DM B/M ELIXIR DE VIDA TONO 2', NULL, 0, 0, NULL, NULL, '2017-12-07'),
('2353467', 1, 1, 1, 1, 3, '29285832', 1, 1, 'PERFECT TEN ESM DISEÑO NEGRO', NULL, 0, 0, NULL, NULL, '2017-12-07'),
('2353483', 1, 1, 1, 1, 3, '29285832', 1, 1, 'SCH SENTIVA EXTRACTO DIVINO CO', NULL, 0, 0, NULL, NULL, '2017-12-07'),
('2353484', 1, 1, 1, 1, 3, '29285832', 1, 1, 'MN SENTIVA EXTRACTO DIVINO CON', NULL, 0, 0, NULL, NULL, '2017-12-07'),
('2353489', 1, 1, 1, 1, 3, '29285832', 1, 1, 'DM FORTE COLOGNE FOR MEN 2ML', NULL, 0, 0, NULL, NULL, '2017-12-07'),
('2353490', 1, 1, 1, 1, 3, '29285832', 1, 1, 'SCH BS QUINUA CREMA MANOS', NULL, 0, 0, NULL, NULL, '2017-12-07'),
('2353491', 1, 1, 1, 1, 3, '29285832', 1, 1, 'SCH BS QUINUA CREMA CUERPO', NULL, 0, 0, NULL, NULL, '2017-12-07'),
('2353492', 1, 1, 1, 1, 3, '29285832', 1, 1, 'SCH BS UÑA DE GATO CREMA MANOS', NULL, 0, 0, NULL, NULL, '2017-12-07'),
('2353493', 1, 1, 1, 1, 3, '29285832', 1, 1, 'SCH BS UÑA D GATO CREMA CUERPO', NULL, 0, 0, NULL, NULL, '2017-12-07'),
('2353494', 1, 1, 1, 1, 3, '29285832', 1, 1, 'SCH BS UÑA D GATO GEL EXFOLIA', NULL, 0, 0, NULL, NULL, '2017-12-07'),
('2353495', 1, 1, 1, 1, 3, '29285832', 1, 1, 'DM MUSK BLANC EAU DE PARF 2ML', NULL, 0, 0, NULL, NULL, '2017-12-07'),
('2353496', 1, 1, 1, 1, 3, '29285832', 1, 1, 'DM LIBERATTA NOIRE PARFUM 2ML', NULL, 0, 0, NULL, NULL, '2017-12-07'),
('2353498', 1, 1, 1, 1, 3, '29285832', 1, 1, 'DM INDOMITO COLOGNE MEN 2ML', NULL, 0, 0, NULL, NULL, '2017-12-07'),
('2353503', 1, 1, 1, 1, 3, '29285832', 1, 1, 'DM DULCE VANI EAU DE PARF 2ML', NULL, 0, 0, NULL, NULL, '2017-12-07'),
('2353504', 1, 1, 1, 1, 3, '29285832', 1, 1, 'PROB PD LA HABANA 1ML', NULL, 0, 0, NULL, NULL, '2017-12-07'),
('2353505', 1, 1, 1, 1, 3, '29285832', 1, 1, 'DM MUSK EAU DE PARFUM 2ML', NULL, 0, 0, NULL, NULL, '2017-12-07'),
('2353508', 1, 1, 1, 1, 3, '29285832', 1, 1, 'MN TOTAL BLOCK MATT SPF 50+', NULL, 0, 0, NULL, NULL, '2017-12-07'),
('2353509', 1, 1, 1, 1, 3, '29285832', 1, 1, 'MN TOTAL BLOCK KIDS SPF 70', NULL, 0, 0, NULL, NULL, '2017-12-07'),
('2353512', 1, 1, 1, 1, 3, '29285832', 1, 1, 'DM MUSK COLOGNE FOR MEN 2ML', NULL, 0, 0, NULL, NULL, '2017-12-07'),
('2353513', 1, 1, 1, 1, 3, '29285832', 1, 1, 'SCH BIO MILK CREMA MANG MARAC', NULL, 0, 0, NULL, NULL, '2017-12-07'),
('2353515', 1, 1, 1, 1, 3, '29285832', 1, 1, 'SCH BIO FRUIT 2EN1 MANG MARAC', NULL, 0, 0, NULL, NULL, '2017-12-07'),
('2353518', 1, 1, 1, 1, 3, '29285832', 1, 1, 'U/S COLOR EFFECT HABANO CENIZO', NULL, 0, 0, NULL, NULL, '2017-12-07'),
('2353522', 1, 1, 1, 1, 3, '29285832', 1, 1, 'PERFECT TEN BARNIZ EFECTO MATE', NULL, 0, 0, NULL, NULL, '2017-12-07'),
('2353528', 1, 1, 1, 1, 3, '29285832', 1, 1, 'PROB SOY FELIZ FRESH COLOG 1ML', NULL, 0, 0, NULL, NULL, '2017-12-07'),
('2353529', 1, 1, 1, 1, 3, '29285832', 1, 1, 'PROB PD NEW YORK 1ML', NULL, 0, 0, NULL, NULL, '2017-12-07'),
('2353564', 1, 1, 1, 1, 3, '29285832', 1, 1, 'SCH BS BABY SHAMPOO', NULL, 0, 0, NULL, NULL, '2017-12-07'),
('2363895', 1, 1, 1, 1, 3, '29285832', 1, 1, 'SACHET PARA O.E', NULL, 0, 0, NULL, NULL, '2017-12-07'),
('2364456', 1, 1, 1, 1, 3, '29285832', 1, 1, 'CAPA CON ISOTIPO YANBAL', NULL, 0, 0, NULL, NULL, '2017-12-07'),
('2364459', 1, 1, 1, 1, 3, '29285832', 1, 1, 'VINCHA O BALACA YANBAL', NULL, 0, 0, NULL, NULL, '2017-12-07'),
('2364623', 1, 1, 1, 1, 3, '29285832', 1, 1, 'TAJADOR CORPORATIVO', NULL, 0, 0, NULL, NULL, '2017-12-07'),
('2366279', 1, 1, 1, 1, 3, '29285832', 1, 1, 'SOLIC.DE INCORPORACION X 10 UN', NULL, 0, 0, NULL, NULL, '2017-12-07'),
('2366307', 1, 1, 1, 1, 3, '29285832', 1, 1, 'SCH CONTROL BLANC RX ACLARANTE', NULL, 0, 0, NULL, NULL, '2017-12-07'),
('2366389', 1, 1, 1, 1, 3, '29285832', 1, 1, 'SCH B/M ELIXIR DE VIDA TONO 2', NULL, 0, 0, NULL, NULL, '2017-12-07'),
('2366463', 1, 1, 1, 1, 3, '29285832', 1, 1, 'SCH REVITALIST HIDRATANTE', NULL, 0, 0, NULL, NULL, '2017-12-07'),
('2366464', 1, 1, 1, 1, 3, '29285832', 1, 1, 'SCH ELIXIR DE VIDA HIDRATANTE', NULL, 0, 0, NULL, NULL, '2017-12-07'),
('2366470', 1, 1, 1, 1, 3, '29285832', 1, 1, 'SCH REVITALIST LIMPIADOR', NULL, 0, 0, NULL, NULL, '2017-12-07'),
('2366471', 1, 1, 1, 1, 3, '29285832', 1, 1, 'SCH ELIXIR DE VIDA LIMPIADOR', NULL, 0, 0, NULL, NULL, '2017-12-07'),
('2366509', 1, 1, 1, 1, 3, '29285832', 1, 1, 'SCH CONTROL BLANC RX LIM-EX-TO', NULL, 0, 0, NULL, NULL, '2017-12-07'),
('2366515', 1, 1, 1, 1, 3, '29285832', 1, 1, 'SCH ELIXIR DE VIDA ROSTRO', NULL, 0, 0, NULL, NULL, '2017-12-07'),
('2367444', 1, 1, 1, 1, 3, '29285832', 1, 1, 'RIZADOR PLATE', NULL, 0, 0, NULL, NULL, '2017-12-07'),
('2367962', 1, 1, 1, 1, 3, '29285832', 1, 1, 'SCH SENTIVA BB CREAM', NULL, 0, 0, NULL, NULL, '2017-12-07'),
('2368051', 1, 1, 1, 1, 3, '29285832', 1, 1, 'SET MINIATURAS CCORI', NULL, 0, 0, NULL, NULL, '2017-12-07'),
('2368052', 1, 1, 1, 1, 3, '29285832', 1, 1, 'SCH TOTAL BLOCK ANT-E M SPF50+', NULL, 0, 0, NULL, NULL, '2017-12-07'),
('2368053', 1, 1, 1, 1, 3, '29285832', 1, 1, 'SCH TOTAL BLOCK SPF 100', NULL, 0, 0, NULL, NULL, '2017-12-07'),
('2368250', 1, 1, 1, 1, 3, '29285832', 1, 1, 'SCH CONTROL BLANC RX ANTI-EDAD', NULL, 0, 0, NULL, NULL, '2017-12-07'),
('2368263', 1, 1, 1, 1, 3, '29285832', 1, 1, 'SCH REVITALIST NUTRITIVA ENERG', NULL, 0, 0, NULL, NULL, '2017-12-07'),
('2368452', 1, 1, 1, 1, 3, '29285832', 1, 1, 'FLYER DE ANFITRIONA X 6 2016', NULL, 0, 0, NULL, NULL, '2017-12-07'),
('2368478', 1, 1, 1, 1, 3, '29285832', 1, 1, 'FRAGANCIA 1 PARA O.E. C02 17', NULL, 0, 0, NULL, NULL, '2017-12-07'),
('2368479', 1, 1, 1, 1, 3, '29285832', 1, 1, 'FRAGANCIA 2 PARA MEGA C5-16', NULL, 0, 0, NULL, NULL, '2017-12-07'),
('2368521', 1, 1, 1, 1, 3, '29285832', 1, 1, 'KIT DE LANZAMIENTO C02-2017', NULL, 0, 0, NULL, NULL, '2017-12-07'),
('2368522', 1, 1, 1, 1, 3, '29285832', 1, 1, 'KIT DE LANZAMIENTO C03-2017', NULL, 0, 0, NULL, NULL, '2017-12-07'),
('2368523', 1, 1, 1, 1, 3, '29285832', 1, 1, 'KIT DE LANZAMIENTO C04-2017', NULL, 0, 0, NULL, NULL, '2017-12-07'),
('2368524', 1, 1, 1, 1, 3, '29285832', 1, 1, 'KIT DE LANZAMIENTO C05-2017', NULL, 0, 0, NULL, NULL, '2017-12-07'),
('2368525', 1, 1, 1, 1, 3, '29285832', 1, 1, 'KIT DE LANZAMIENTO C06-2017', NULL, 0, 0, NULL, NULL, '2017-12-07'),
('2368526', 1, 1, 1, 1, 3, '29285832', 1, 1, 'KIT DE LANZAMIENTO C07-2017', NULL, 0, 0, NULL, NULL, '2017-12-07'),
('2368527', 1, 1, 1, 1, 3, '29285832', 1, 1, 'KIT DE LANZAMIENTO C08-2017', NULL, 0, 0, NULL, NULL, '2017-12-07'),
('2368528', 1, 1, 1, 1, 3, '29285832', 1, 1, 'KIT DE LANZAMIENTO C09-2017', NULL, 0, 0, NULL, NULL, '2017-12-07'),
('2368529', 1, 1, 1, 1, 3, '29285832', 1, 1, 'KIT DE LANZAMIENTO C10-2017', NULL, 0, 0, NULL, NULL, '2017-12-07'),
('2368530', 1, 1, 1, 1, 3, '29285832', 1, 1, 'KIT DE LANZAMIENTO C11-2017', NULL, 0, 0, NULL, NULL, '2017-12-07'),
('2368531', 1, 1, 1, 1, 3, '29285832', 1, 1, 'KIT DE LANZAMIENTO C12-2017', NULL, 0, 0, NULL, NULL, '2017-12-07'),
('2368532', 1, 1, 1, 1, 3, '29285832', 1, 1, 'KIT DE LANZAMIENTO', NULL, 0, 0, NULL, NULL, '2017-12-07'),
('2368546', 1, 1, 1, 1, 3, '29285832', 1, 1, 'CATALOGO CORPORATIVO C01-2017', NULL, 0, 0, NULL, NULL, '2017-12-07'),
('2368547', 1, 1, 1, 1, 3, '29285832', 1, 1, 'CATALOGO CORPORATIVO C02-2017', NULL, 0, 0, NULL, NULL, '2017-12-07'),
('2368548', 1, 1, 1, 1, 3, '29285832', 1, 1, 'CATALOGO CORPORATIVO C03-2017', NULL, 0, 0, NULL, NULL, '2017-12-07'),
('2368549', 1, 1, 1, 1, 3, '29285832', 1, 1, 'CATALOGO CORPORATIVO C04-2017', NULL, 0, 0, NULL, NULL, '2017-12-07'),
('2368550', 1, 1, 1, 1, 3, '29285832', 1, 1, 'CATALOGO CORPORATIVO C05-2017', NULL, 0, 0, NULL, NULL, '2017-12-07'),
('2368551', 1, 1, 1, 1, 3, '29285832', 1, 1, 'CATALOGO CORPORATIVO C06-2017', NULL, 0, 0, NULL, NULL, '2017-12-07'),
('2368552', 1, 1, 1, 1, 3, '29285832', 1, 1, 'CATALOGO CORPORATIVO C07-2017', NULL, 0, 0, NULL, NULL, '2017-12-07'),
('2368553', 1, 1, 1, 1, 3, '29285832', 1, 1, 'CATALOGO CORPORATIVO C08-2017', NULL, 0, 0, NULL, NULL, '2017-12-07'),
('2368554', 1, 1, 1, 1, 3, '29285832', 1, 1, 'CATALOGO CORPORATIVO C09-2017', NULL, 0, 0, NULL, NULL, '2017-12-07'),
('2368555', 1, 1, 1, 1, 3, '29285832', 1, 1, 'CATALOGO CORPORATIVO C10-2017', NULL, 0, 0, NULL, NULL, '2017-12-07'),
('2368556', 1, 1, 1, 1, 3, '29285832', 1, 1, 'CATALOGO CORPORATIVO C11-2017', NULL, 0, 0, NULL, NULL, '2017-12-07'),
('2368557', 1, 1, 1, 1, 3, '29285832', 1, 1, 'CATALOGO CORPORATIVO C12-2017', NULL, 0, 0, NULL, NULL, '2017-12-07'),
('2368558', 1, 1, 1, 1, 3, '29285832', 1, 1, 'CATALOGO CORPORATIVO C13-2017', NULL, 0, 0, NULL, NULL, '2017-12-07'),
('2368559', 1, 1, 1, 1, 3, '29285832', 1, 1, 'BOLETIN ENTRE NOS C01-2017', NULL, 0, 0, NULL, NULL, '2017-12-07'),
('2368560', 1, 1, 1, 1, 3, '29285832', 1, 1, 'BOLETIN ENTRE NOS C02-2017', NULL, 0, 0, NULL, NULL, '2017-12-07'),
('2368561', 1, 1, 1, 1, 3, '29285832', 1, 1, 'BOLETIN ENTRE NOS C03-2017', NULL, 0, 0, NULL, NULL, '2017-12-07'),
('2368562', 1, 1, 1, 1, 3, '29285832', 1, 1, 'BOLETIN ENTRE NOS C04-2017', NULL, 0, 0, NULL, NULL, '2017-12-07'),
('2368563', 1, 1, 1, 1, 3, '29285832', 1, 1, 'BOLETIN ENTRE NOS C05-2017', NULL, 0, 0, NULL, NULL, '2017-12-07'),
('2368564', 1, 1, 1, 1, 3, '29285832', 1, 1, 'BOLETIN ENTRE NOS C06-2017', NULL, 0, 0, NULL, NULL, '2017-12-07'),
('2368565', 1, 1, 1, 1, 3, '29285832', 1, 1, 'BOLETIN ENTRE NOS C07-2017', NULL, 0, 0, NULL, NULL, '2017-12-07'),
('2368566', 1, 1, 1, 1, 3, '29285832', 1, 1, 'BOLETIN ENTRE NOS C08-2017', NULL, 0, 0, NULL, NULL, '2017-12-07'),
('2368567', 1, 1, 1, 1, 3, '29285832', 1, 1, 'BOLETIN ENTRE NOS C09-2017', NULL, 0, 0, NULL, NULL, '2017-12-07'),
('2368568', 1, 1, 1, 1, 3, '29285832', 1, 1, 'BOLETIN ENTRE NOS C10-2017', NULL, 0, 0, NULL, NULL, '2017-12-07'),
('2368569', 1, 1, 1, 1, 3, '29285832', 1, 1, 'BOLETIN ENTRE NOS C11-2017', NULL, 0, 0, NULL, NULL, '2017-12-07'),
('2368570', 1, 1, 1, 1, 3, '29285832', 1, 1, 'BOLETIN ENTRE NOS C12-2017', NULL, 0, 0, NULL, NULL, '2017-12-07'),
('2368571', 1, 1, 1, 1, 3, '29285832', 1, 1, 'BOLETIN ENTRE NOS C13-2017', NULL, 0, 0, NULL, NULL, '2017-12-07'),
('2368572', 1, 1, 1, 1, 3, '29285832', 1, 1, 'LISTADO DE PRECIOS C01-2017', NULL, 0, 0, NULL, NULL, '2017-12-07'),
('2368573', 1, 1, 1, 1, 3, '29285832', 1, 1, 'LISTADO DE PRECIOS C02-2017', NULL, 0, 0, NULL, NULL, '2017-12-07'),
('2368574', 1, 1, 1, 1, 3, '29285832', 1, 1, 'LISTADO DE PRECIOS C03-2017', NULL, 0, 0, NULL, NULL, '2017-12-07'),
('2368575', 1, 1, 1, 1, 3, '29285832', 1, 1, 'LISTADO DE PRECIOS C04-2017', NULL, 0, 0, NULL, NULL, '2017-12-07'),
('2368576', 1, 1, 1, 1, 3, '29285832', 1, 1, 'LISTADO DE PRECIOS C05-2017', NULL, 0, 0, NULL, NULL, '2017-12-07'),
('2368577', 1, 1, 1, 1, 3, '29285832', 1, 1, 'LISTADO DE PRECIOS C06-2017', NULL, 0, 0, NULL, NULL, '2017-12-07'),
('2368578', 1, 1, 1, 1, 3, '29285832', 1, 1, 'LISTADO DE PRECIOS C07-2017', NULL, 0, 0, NULL, NULL, '2017-12-07'),
('2368579', 1, 1, 1, 1, 3, '29285832', 1, 1, 'LISTADO DE PRECIOS C08-2017', NULL, 0, 0, NULL, NULL, '2017-12-07'),
('2368580', 1, 1, 1, 1, 3, '29285832', 1, 1, 'LISTADO DE PRECIOS C09-2017', NULL, 0, 0, NULL, NULL, '2017-12-07'),
('2368581', 1, 1, 1, 1, 3, '29285832', 1, 1, 'LISTADO DE PRECIOS C10-2017', NULL, 0, 0, NULL, NULL, '2017-12-07'),
('2368582', 1, 1, 1, 1, 3, '29285832', 1, 1, 'LISTADO DE PRECIOS C11-2017', NULL, 0, 0, NULL, NULL, '2017-12-07'),
('2368583', 1, 1, 1, 1, 3, '29285832', 1, 1, 'LISTADO DE PRECIOS C12-2017', NULL, 0, 0, NULL, NULL, '2017-12-07'),
('2368584', 1, 1, 1, 1, 3, '29285832', 1, 1, 'LISTADO DE PRECIOS C13-2017', NULL, 0, 0, NULL, NULL, '2017-12-07'),
('2368834', 1, 1, 1, 1, 3, '29285832', 1, 1, 'MINI SET SENTIVA ELIXIR D VIDA', NULL, 0, 0, NULL, NULL, '2017-12-07'),
('2368835', 1, 1, 1, 1, 3, '29285832', 1, 1, 'MINI SET SENTIVA REVITALIST', NULL, 0, 0, NULL, NULL, '2017-12-07'),
('2368928', 1, 1, 1, 1, 3, '29285832', 1, 1, 'MASAJEADOR TOP MODELING 2014', NULL, 0, 0, NULL, NULL, '2017-12-07'),
('2369200', 1, 1, 1, 1, 3, '29285832', 1, 1, 'ESPONJA FACIAL ORGANIC C7 2015', NULL, 0, 0, NULL, NULL, '2017-12-07'),
('2369240', 1, 1, 1, 1, 3, '29285832', 1, 1, 'FOLLETO DE BIENVENIDA', NULL, 0, 0, NULL, NULL, '2017-12-07'),
('2369302', 1, 1, 1, 1, 3, '29285832', 1, 1, 'BLOCK FICHA DE ABORDAMIENTO', NULL, 0, 0, NULL, NULL, '2017-12-07'),
('2369413', 1, 1, 1, 1, 3, '29285832', 1, 1, 'SET PROFESIONAL DE BROCHAS ARTIST', NULL, 0, 0, NULL, NULL, '2017-12-07'),
('2369414', 1, 1, 1, 1, 3, '29285832', 1, 1, 'ESPONJA DE BAÑO KONJAC', NULL, 0, 0, NULL, NULL, '2017-12-07'),
('2369552', 1, 1, 1, 1, 3, '29285832', 1, 1, 'GUIA PARA INCORPORAR V2', NULL, 0, 0, NULL, NULL, '2017-12-07'),
('2369591', 1, 1, 1, 1, 3, '29285832', 1, 1, 'KIT DEMO X 30 FRAG', NULL, 0, 0, NULL, NULL, '2017-12-07'),
('2369693', 1, 1, 1, 1, 3, '29285832', 1, 1, 'KIT X 30 + ESTUCHE', NULL, 0, 0, NULL, NULL, '2017-12-07'),
('2369694', 1, 1, 1, 1, 3, '29285832', 1, 1, 'BILLETERA HOMBRE BARLO', NULL, 0, 0, NULL, NULL, '2017-12-07'),
('2369699', 1, 1, 1, 1, 3, '29285832', 1, 1, 'FOLLETO DE EMPRENDIMIENTO', NULL, 0, 0, NULL, NULL, '2017-12-07'),
('2369909', 1, 1, 1, 1, 3, '29285832', 1, 1, 'KIT SENTIVA CONTROL BLANC RX', NULL, 0, 0, NULL, NULL, '2017-12-07'),
('2369932', 1, 1, 1, 1, 3, '29285832', 1, 1, 'SCH ACNI-DERM CREMA HIDRATANTE', NULL, 0, 0, NULL, NULL, '2017-12-07'),
('2369934', 1, 1, 1, 1, 3, '29285832', 1, 1, 'SCH ACNI-DERM LIMP MASCA EXFOL', NULL, 0, 0, NULL, NULL, '2017-12-07'),
('2369957', 1, 1, 1, 1, 3, '29285832', 1, 1, 'FOLLETO DE LA OPORTUNIDAD', NULL, 0, 0, NULL, NULL, '2017-12-07'),
('2370351', 1, 1, 1, 1, 3, '29285832', 1, 1, 'FRAGANCIA 2 PARA O.E. C05 17', NULL, 0, 0, NULL, NULL, '2017-12-07'),
('2370395', 1, 1, 1, 1, 3, '29285832', 1, 1, 'PERFUMERO LIBERATA', NULL, 0, 0, NULL, NULL, '2017-12-07'),
('2370411', 1, 1, 1, 1, 3, '29285832', 1, 1, 'FOLLETO DE BIENVENIDA 2017', NULL, 0, 0, NULL, NULL, '2017-12-07'),
('2370428', 1, 1, 1, 1, 3, '29285832', 1, 1, 'PARTY KIT 2017', NULL, 0, 0, NULL, NULL, '2017-12-07'),
('2370558', 1, 1, 1, 1, 3, '29285832', 1, 1, 'MAQUIPADS PRO', NULL, 0, 0, NULL, NULL, '2017-12-07'),
('2370566', 1, 1, 1, 1, 3, '29285832', 1, 1, 'BOLSA ANIVERSARIO UNIQUE 50A', NULL, 0, 0, NULL, NULL, '2017-12-07'),
('2370589', 1, 1, 1, 1, 3, '29285832', 1, 1, 'CAJA LOCION DE SEDA ANIVERSARIO', NULL, 0, 0, NULL, NULL, '2017-12-07'),
('2370644', 1, 1, 1, 1, 3, '29285832', 1, 1, 'BOLSA DE EMTREGA X 8 50 AÑOS 2017', NULL, 0, 0, NULL, NULL, '2017-12-07'),
('2370665', 1, 1, 1, 1, 3, '29285832', 1, 1, 'JOYA AL AZAR A 29.9', NULL, 0, 0, NULL, NULL, '2017-12-07'),
('2370670', 1, 1, 1, 1, 3, '29285832', 1, 1, 'GUIA UNIQUE EXPRESS', NULL, 0, 0, NULL, NULL, '2017-12-07'),
('2370755', 1, 1, 1, 1, 3, '29285832', 1, 1, 'BOLSA ENTREGA X 8  2017 50 AÑOS', NULL, 0, 0, NULL, NULL, '2017-12-07'),
('2370790', 1, 1, 1, 1, 3, '29285832', 1, 1, 'MINI PARA O.E C2 17', NULL, 0, 0, NULL, NULL, '2017-12-07'),
('2370835', 1, 1, 1, 1, 3, '29285832', 1, 1, 'GUIA DE MAQUILLAJE IDEAL A', NULL, 0, 0, NULL, NULL, '2017-12-07'),
('2370836', 1, 1, 1, 1, 3, '29285832', 1, 1, 'SELECTOR DE TONOS BASE IDEAL', NULL, 0, 0, NULL, NULL, '2017-12-07'),
('2370837', 1, 1, 1, 1, 3, '29285832', 1, 1, 'GUIA DE MAQUILLAJE IDEAL B', NULL, 0, 0, NULL, NULL, '2017-12-07'),
('2370838', 1, 1, 1, 1, 3, '29285832', 1, 1, 'CARTILLA MIS PRIMEROS PASOS 2017', NULL, 0, 0, NULL, NULL, '2017-12-07'),
('2370839', 1, 1, 1, 1, 3, '29285832', 1, 1, 'LIBRETA DE PEDIDOS', NULL, 0, 0, NULL, NULL, '2017-12-07'),
('2370857', 1, 1, 1, 1, 3, '29285832', 1, 1, 'FOLLETO PARA INCORPORAR', NULL, 0, 0, NULL, NULL, '2017-12-07'),
('2370900', 1, 1, 1, 1, 3, '29285832', 1, 1, 'COLONIA EAU VITALE PARA O.E.', NULL, 0, 0, NULL, NULL, '2017-12-07'),
('2370901', 1, 1, 1, 1, 3, '29285832', 1, 1, 'HIDRATANTE PARA O.E', NULL, 0, 0, NULL, NULL, '2017-12-07'),
('2370902', 1, 1, 1, 1, 3, '29285832', 1, 1, 'COLECCION PARA OE', NULL, 0, 0, NULL, NULL, '2017-12-07'),
('2370915', 1, 1, 1, 1, 3, '29285832', 1, 1, 'BLOQ. AL AZAR NIV 2 OF ESP C05', NULL, 0, 0, NULL, NULL, '2017-12-07'),
('2370921', 1, 1, 1, 1, 3, '29285832', 1, 1, 'FOLLETO DE LA OPORTUNIDAD 2017', NULL, 0, 0, NULL, NULL, '2017-12-07'),
('2370923', 1, 1, 1, 1, 3, '29285832', 1, 1, 'FOLLETO DE EMPRENDIMIENTO 2017', NULL, 0, 0, NULL, NULL, '2017-12-07'),
('2370976', 1, 1, 1, 1, 3, '29285832', 1, 1, 'BOLSA DE NAVIDAD 2017', NULL, 0, 0, NULL, NULL, '2017-12-07'),
('2371003', 1, 1, 1, 1, 3, '29285832', 1, 1, 'EAU DE SEDA DIAM PARA OE', NULL, 0, 0, NULL, NULL, '2017-12-07'),
('2371004', 1, 1, 1, 1, 3, '29285832', 1, 1, 'MN TOT BLOCK KIDS SPF 70 P OE', NULL, 0, 0, NULL, NULL, '2017-12-07'),
('2371005', 1, 1, 1, 1, 3, '29285832', 1, 1, 'BRILLO DE SEDA PARA OE', NULL, 0, 0, NULL, NULL, '2017-12-07'),
('2371006', 1, 1, 1, 1, 3, '29285832', 1, 1, 'FRAGANCIA 2  PARA O.E. C06 17', NULL, 0, 0, NULL, NULL, '2017-12-07'),
('2371090', 1, 1, 1, 1, 3, '29285832', 1, 1, 'FLYER DE INCORPORACION X8', NULL, 0, 0, NULL, NULL, '2017-12-07'),
('2371091', 1, 1, 1, 1, 3, '29285832', 1, 1, 'CARTILLA MIS PRIMEROS PASOS X8', NULL, 0, 0, NULL, NULL, '2017-12-07'),
('2371186', 1, 1, 1, 1, 3, '29285832', 1, 1, 'TOT BLOCK ACT DEF SPF 50 PARA OE', NULL, 0, 0, NULL, NULL, '2017-12-07'),
('2371187', 1, 1, 1, 1, 3, '29285832', 1, 1, 'COL POSDATA LA HABANA PARA OE', NULL, 0, 0, NULL, NULL, '2017-12-07'),
('2371188', 1, 1, 1, 1, 3, '29285832', 1, 1, 'BIO MILK MANOS AL AZAR PARA OE', NULL, 0, 0, NULL, NULL, '2017-12-07'),
('2371214', 1, 1, 1, 1, 3, '29285832', 1, 1, 'FRAGANCIA PARA OE N1', NULL, 0, 0, NULL, NULL, '2017-12-07'),
('2371215', 1, 1, 1, 1, 3, '29285832', 1, 1, 'PT LINEA KIDS AL AZAR', NULL, 0, 0, NULL, NULL, '2017-12-07'),
('2371220', 1, 1, 1, 1, 3, '29285832', 1, 1, 'FLYER PARA INCORPORAR X8', NULL, 0, 0, NULL, NULL, '2017-12-07'),
('2371230', 1, 1, 1, 1, 3, '29285832', 1, 1, 'FRAGANCIA 1 PARA O.E C9-17', NULL, 0, 0, NULL, NULL, '2017-12-07'),
('2371231', 1, 1, 1, 1, 3, '29285832', 1, 1, 'FRAGANCIA 2 PARA O.E C9-17', NULL, 0, 0, NULL, NULL, '2017-12-07'),
('2371232', 1, 1, 1, 1, 3, '29285832', 1, 1, 'FRAGANCIA 1 PARA O.E C11-17', NULL, 0, 0, NULL, NULL, '2017-12-07'),
('2371233', 1, 1, 1, 1, 3, '29285832', 1, 1, 'FRAGANCIA 2 PARA O.E C10-17', NULL, 0, 0, NULL, NULL, '2017-12-07'),
('2372383', 1, 1, 1, 1, 3, '29285832', 1, 1, 'BOLSA COLECCION DESEO', NULL, 0, 0, NULL, NULL, '2017-12-07'),
('2430241', 1, 1, 1, 1, 3, '29285832', 1, 1, 'COLLAR COSMOPOLITAN J14541', NULL, 0, 0, NULL, NULL, '2017-12-07'),
('2430409', 1, 1, 1, 1, 3, '29285832', 1, 1, 'ARGOLLAS COSMOPOLITAN J14759', NULL, 0, 0, NULL, NULL, '2017-12-07'),
('2467837', 1, 1, 1, 1, 3, '29285832', 1, 1, 'CARTILLA PRIMEROS PASOS X 8', NULL, 0, 0, NULL, NULL, '2017-12-07'),
('2467838', 1, 1, 1, 1, 3, '29285832', 1, 1, 'FLYER DE INCORPORACION X8', NULL, 0, 0, NULL, NULL, '2017-12-07'),
('5019557', 1, 1, 1, 1, 3, '29285832', 1, 1, 'SET ARETES ADORACION J5396', NULL, 0, 0, NULL, NULL, '2017-12-07'),
('5020015', 1, 1, 1, 1, 3, '29285832', 1, 1, 'SORTIJA CIRCULO EDEN T5 J6961', NULL, 0, 0, NULL, NULL, '2017-12-07'),
('5020016', 1, 1, 1, 1, 3, '29285832', 1, 1, 'SORTIJA CIRCULO EDEN T6 J6961', NULL, 0, 0, NULL, NULL, '2017-12-07'),
('5020017', 1, 1, 1, 1, 3, '29285832', 1, 1, 'SORTIJA CIRCULO EDEN T7 J6961', NULL, 0, 0, NULL, NULL, '2017-12-07'),
('5020018', 1, 1, 1, 1, 3, '29285832', 1, 1, 'SORTIJA CIRCULO EDEN T8 J6961', NULL, 0, 0, NULL, NULL, '2017-12-07'),
('5020019', 1, 1, 1, 1, 3, '29285832', 1, 1, 'SORTIJA CIRCULO EDEN T9 J6961', NULL, 0, 0, NULL, NULL, '2017-12-07'),
('5021582', 1, 1, 1, 1, 3, '29285832', 1, 1, 'COLLAR CRECE EL AMOR J7937', NULL, 0, 0, NULL, NULL, '2017-12-07'),
('5021583', 1, 1, 1, 1, 3, '29285832', 1, 1, 'ARETES AMOR QUE CRECE J7938', NULL, 0, 0, NULL, NULL, '2017-12-07'),
('5021584', 1, 1, 1, 1, 3, '29285832', 1, 1, 'ARETES CRECE EL AMOR J7939', NULL, 0, 0, NULL, NULL, '2017-12-07'),
('5021590', 1, 1, 1, 1, 3, '29285832', 1, 1, 'PULSERA CRECE EL AMOR J7940', NULL, 0, 0, NULL, NULL, '2017-12-07'),
('5021878', 1, 1, 1, 1, 3, '29285832', 1, 1, 'DENARIO SANTA MADRE J8217', NULL, 0, 0, NULL, NULL, '2017-12-07'),
('5022410', 1, 1, 1, 1, 3, '29285832', 1, 1, 'ESCLAVA VIGO PJ8653', NULL, 0, 0, NULL, NULL, '2017-12-07'),
('5022471', 1, 1, 1, 1, 3, '29285832', 1, 1, 'COLLAR CARELLI J8672', NULL, 0, 0, NULL, NULL, '2017-12-07'),
('5022474', 1, 1, 1, 1, 3, '29285832', 1, 1, 'ARETES CARELLI J8674', NULL, 0, 0, NULL, NULL, '2017-12-07'),
('5023201', 1, 1, 1, 1, 3, '29285832', 1, 1, 'COLLAR ENTRELAZADOS J9299', NULL, 0, 0, NULL, NULL, '2017-12-07'),
('5023311', 1, 1, 1, 1, 3, '29285832', 1, 1, 'COLECCION ROJO DELIRIO J9365', NULL, 0, 0, NULL, NULL, '2017-12-07'),
('5023314', 1, 1, 1, 1, 3, '29285832', 1, 1, 'ARETES PERLA CORAZON J9368', NULL, 0, 0, NULL, NULL, '2017-12-07'),
('5023351', 1, 1, 1, 1, 3, '29285832', 1, 1, 'ARETES TRICOLOR J9421', NULL, 0, 0, NULL, NULL, '2017-12-07'),
('5023497', 1, 1, 1, 1, 3, '29285832', 1, 1, 'COLLAR ORO Y CHAMPAGNE J9562', NULL, 0, 0, NULL, NULL, '2017-12-07'),
('5023498', 1, 1, 1, 1, 3, '29285832', 1, 1, 'ARETES FLOR Y CHAMPAGNE J9563', NULL, 0, 0, NULL, NULL, '2017-12-07'),
('5023499', 1, 1, 1, 1, 3, '29285832', 1, 1, 'ARETES ORO Y CHAMPAGNE J9564', NULL, 0, 0, NULL, NULL, '2017-12-07'),
('5023589', 1, 1, 1, 1, 3, '29285832', 1, 1, 'COLECCION MARIQUITA DORE J9370', NULL, 0, 0, NULL, NULL, '2017-12-07'),
('5023784', 1, 1, 1, 1, 3, '29285832', 1, 1, 'ARETES ENTRELAZADOS J9784', NULL, 0, 0, NULL, NULL, '2017-12-07');
INSERT INTO `producto` (`idProducto`, `idTipoProducto`, `idSubCategoria`, `idColor`, `idUnidadMedida`, `idTamaño`, `idColaborador`, `idEstado`, `idGenero`, `nombreCorto`, `descripcion`, `costoEstimado`, `puntoReposicion`, `urlImagen`, `urlProducto`, `fechaCreacion`) VALUES
('5023976', 1, 1, 1, 1, 3, '29285832', 1, 1, 'SET ARETES FLORICOLOR J9925', NULL, 0, 0, NULL, NULL, '2017-12-07'),
('5024043', 1, 1, 1, 1, 3, '29285832', 1, 1, 'COLLAR METALIK SUPRIM J9984', NULL, 0, 0, NULL, NULL, '2017-12-07'),
('5024045', 1, 1, 1, 1, 3, '29285832', 1, 1, 'SORTIJA METALIK SUPRIM T5 J9987', NULL, 0, 0, NULL, NULL, '2017-12-07'),
('5024046', 1, 1, 1, 1, 3, '29285832', 1, 1, 'SORTIJA METALIK SUPRIM T6 J9987', NULL, 0, 0, NULL, NULL, '2017-12-07'),
('5024047', 1, 1, 1, 1, 3, '29285832', 1, 1, 'SORTIJA METALIK SUPRIM T7 J9987', NULL, 0, 0, NULL, NULL, '2017-12-07'),
('5024048', 1, 1, 1, 1, 3, '29285832', 1, 1, 'SORTIJA METALIK SUPRIM T8 J9987', NULL, 0, 0, NULL, NULL, '2017-12-07'),
('5024049', 1, 1, 1, 1, 3, '29285832', 1, 1, 'SORTIJA METALIK SUPRIM T9 J9987', NULL, 0, 0, NULL, NULL, '2017-12-07'),
('5024050', 1, 1, 1, 1, 3, '29285832', 1, 1, 'ARETES METALIK SUPRIM J9986A', NULL, 0, 0, NULL, NULL, '2017-12-07'),
('5024366', 1, 1, 1, 1, 3, '29285832', 1, 1, 'SET ARETES CIELA AJ10283', NULL, 0, 0, NULL, NULL, '2017-12-07'),
('5024391', 1, 1, 1, 1, 3, '29285832', 1, 1, 'ESCLAVA CRAOZ J10299', NULL, 0, 0, NULL, NULL, '2017-12-07'),
('5024500', 1, 1, 1, 1, 3, '29285832', 1, 1, 'ARETES CUADRATO DORE J10412', NULL, 0, 0, NULL, NULL, '2017-12-07'),
('5024514', 1, 1, 1, 1, 3, '29285832', 1, 1, 'SET PULSERAS METALIK J10418', NULL, 0, 0, NULL, NULL, '2017-12-07'),
('5024530', 1, 1, 1, 1, 3, '29285832', 1, 1, 'COLLAR CELEBRITY PERLAS J10422', NULL, 0, 0, NULL, NULL, '2017-12-07'),
('5024531', 1, 1, 1, 1, 3, '29285832', 1, 1, 'ARETES CELEBRITY J10423', NULL, 0, 0, NULL, NULL, '2017-12-07'),
('5024579', 1, 1, 1, 1, 3, '29285832', 1, 1, 'SET ARETES SUEÑOS ASI AJ10456', NULL, 0, 0, NULL, NULL, '2017-12-07'),
('5024602', 1, 1, 1, 1, 3, '29285832', 1, 1, 'SET PINES CELEBRITY J10426', NULL, 0, 0, NULL, NULL, '2017-12-07'),
('5025195', 1, 1, 1, 1, 3, '29285832', 1, 1, 'SET ARETES CELEBRITY J10982', NULL, 0, 0, NULL, NULL, '2017-12-07'),
('5025302', 1, 1, 1, 1, 3, '29285832', 1, 1, 'COLLAR GARLISH J11051', NULL, 0, 0, NULL, NULL, '2017-12-07'),
('5025303', 1, 1, 1, 1, 3, '29285832', 1, 1, 'ARETES GARLISH J11052', NULL, 0, 0, NULL, NULL, '2017-12-07'),
('5025305', 1, 1, 1, 1, 3, '29285832', 1, 1, 'SORTIJA GARLISH T5 J11053', NULL, 0, 0, NULL, NULL, '2017-12-07'),
('5025306', 1, 1, 1, 1, 3, '29285832', 1, 1, 'SORTIJA GARLISH T6 J11053', NULL, 0, 0, NULL, NULL, '2017-12-07'),
('5025307', 1, 1, 1, 1, 3, '29285832', 1, 1, 'SORTIJA GARLISH T7 J11053', NULL, 0, 0, NULL, NULL, '2017-12-07'),
('5025308', 1, 1, 1, 1, 3, '29285832', 1, 1, 'SORTIJA GARLISH T8 J11053', NULL, 0, 0, NULL, NULL, '2017-12-07'),
('5025309', 1, 1, 1, 1, 3, '29285832', 1, 1, 'SORTIJA GARLISH T9 J11053', NULL, 0, 0, NULL, NULL, '2017-12-07'),
('5025326', 1, 1, 1, 1, 3, '29285832', 1, 1, 'CADENA DARCO J11069', NULL, 0, 0, NULL, NULL, '2017-12-07'),
('5025416', 1, 1, 1, 1, 3, '29285832', 1, 1, 'SET ARETES DELIRIO AJ11181', NULL, 0, 0, NULL, NULL, '2017-12-07'),
('5025420', 1, 1, 1, 1, 3, '29285832', 1, 1, 'SET ARETES BRILLO COLOR J11185', NULL, 0, 0, NULL, NULL, '2017-12-07'),
('5025464', 1, 1, 1, 1, 3, '29285832', 1, 1, 'COLECCION LUNA DE MIEL J11174', NULL, 0, 0, NULL, NULL, '2017-12-07'),
('5025482', 1, 1, 1, 1, 3, '29285832', 1, 1, 'ARETES FLORECIA J11219', NULL, 0, 0, NULL, NULL, '2017-12-07'),
('5025503', 1, 1, 1, 1, 3, '29285832', 1, 1, 'SET ARETES PLATA Y RUBI J11350', NULL, 0, 0, NULL, NULL, '2017-12-07'),
('5025713', 1, 1, 1, 1, 3, '29285832', 1, 1, 'ARETES TRIBALIZ GLAM J11328', NULL, 0, 0, NULL, NULL, '2017-12-07'),
('5025878', 1, 1, 1, 1, 3, '29285832', 1, 1, 'COLLAR ILUSIONADA J11521', NULL, 0, 0, NULL, NULL, '2017-12-07'),
('5025879', 1, 1, 1, 1, 3, '29285832', 1, 1, 'ARETES ILUSIONADA CRISTAL J11522', NULL, 0, 0, NULL, NULL, '2017-12-07'),
('5025880', 1, 1, 1, 1, 3, '29285832', 1, 1, 'ARETES ILUSIONADA J11523', NULL, 0, 0, NULL, NULL, '2017-12-07'),
('5025881', 1, 1, 1, 1, 3, '29285832', 1, 1, 'PULSERA ILUSIONADA J11524', NULL, 0, 0, NULL, NULL, '2017-12-07'),
('5026195', 1, 1, 1, 1, 3, '29285832', 1, 1, 'PULSERA MILAGRO Y PERLAS J11957', NULL, 0, 0, NULL, NULL, '2017-12-07'),
('5026205', 1, 1, 1, 1, 3, '29285832', 1, 1, 'SORTIJA BLIZZ T5 J11760', NULL, 0, 0, NULL, NULL, '2017-12-07'),
('5026206', 1, 1, 1, 1, 3, '29285832', 1, 1, 'SORTIJA BLIZZ T6 J11760', NULL, 0, 0, NULL, NULL, '2017-12-07'),
('5026207', 1, 1, 1, 1, 3, '29285832', 1, 1, 'SORTIJA BLIZZ T7 J11760', NULL, 0, 0, NULL, NULL, '2017-12-07'),
('5026208', 1, 1, 1, 1, 3, '29285832', 1, 1, 'SORTIJA BLIZZ T8 J11760', NULL, 0, 0, NULL, NULL, '2017-12-07'),
('5026209', 1, 1, 1, 1, 3, '29285832', 1, 1, 'SORTIJA BLIZZ T9 J11760', NULL, 0, 0, NULL, NULL, '2017-12-07'),
('5026483', 1, 1, 1, 1, 3, '29285832', 1, 1, 'ARETES CRISTAL AMORE J12048', NULL, 0, 0, NULL, NULL, '2017-12-07'),
('5026558', 1, 1, 1, 1, 3, '29285832', 1, 1, 'COLECCION MIAMI LOVE J12230', NULL, 0, 0, NULL, NULL, '2017-12-07'),
('5026574', 1, 1, 1, 1, 3, '29285832', 1, 1, 'ARETES DOLCETO CRISTAL AJ12246', NULL, 0, 0, NULL, NULL, '2017-12-07'),
('5026662', 1, 1, 1, 1, 3, '29285832', 1, 1, 'ARETES LONDON ROCK J12102', NULL, 0, 0, NULL, NULL, '2017-12-07'),
('5026779', 1, 1, 1, 1, 3, '29285832', 1, 1, 'SET ARETES TRIENA J12289', NULL, 0, 0, NULL, NULL, '2017-12-07'),
('5026925', 1, 1, 1, 1, 3, '29285832', 1, 1, 'CADENA FRANCIA J12387', NULL, 0, 0, NULL, NULL, '2017-12-07'),
('5028025', 1, 1, 1, 1, 3, '29285832', 1, 1, 'COLLAR ENIGMA GOLD J12496', NULL, 0, 0, NULL, NULL, '2017-12-07'),
('5028026', 1, 1, 1, 1, 3, '29285832', 1, 1, 'ARETES ENIGMA GOLD J12497', NULL, 0, 0, NULL, NULL, '2017-12-07'),
('5028028', 1, 1, 1, 1, 3, '29285832', 1, 1, 'PULSERA ENIGMA GOLD J12499', NULL, 0, 0, NULL, NULL, '2017-12-07'),
('5028085', 1, 1, 1, 1, 3, '29285832', 1, 1, 'ARETES TERRA ORIENT J12553', NULL, 0, 0, NULL, NULL, '2017-12-07'),
('5028129', 1, 1, 1, 1, 3, '29285832', 1, 1, 'COLLAR CUORE GLAM CJ12570', NULL, 0, 0, NULL, NULL, '2017-12-07'),
('5028185', 1, 1, 1, 1, 3, '29285832', 1, 1, 'SORTIJA ENIGMA GOLD T5 J12500', NULL, 0, 0, NULL, NULL, '2017-12-07'),
('5028186', 1, 1, 1, 1, 3, '29285832', 1, 1, 'SORTIJA ENIGMA GOLD T6 J12500', NULL, 0, 0, NULL, NULL, '2017-12-07'),
('5028187', 1, 1, 1, 1, 3, '29285832', 1, 1, 'SORTIJA ENIGMA GOLD T7 J12500', NULL, 0, 0, NULL, NULL, '2017-12-07'),
('5028188', 1, 1, 1, 1, 3, '29285832', 1, 1, 'SORTIJA ENIGMA GOLD T8 J12500', NULL, 0, 0, NULL, NULL, '2017-12-07'),
('5028189', 1, 1, 1, 1, 3, '29285832', 1, 1, 'SORTIJA ENIGMA GOLD T9 J12500', NULL, 0, 0, NULL, NULL, '2017-12-07'),
('5028199', 1, 1, 1, 1, 3, '29285832', 1, 1, 'ARGOLLAS FANT J12777', NULL, 0, 0, NULL, NULL, '2017-12-07'),
('5028473', 1, 1, 1, 1, 3, '29285832', 1, 1, 'ARGOLLAS ENIGMA CRISTAL J13003', NULL, 0, 0, NULL, NULL, '2017-12-07'),
('5028528', 1, 1, 1, 1, 3, '29285832', 1, 1, 'COLECCION ARBOL ILUSION J13054', NULL, 0, 0, NULL, NULL, '2017-12-07'),
('5028539', 1, 1, 1, 1, 3, '29285832', 1, 1, 'ARETES CRISTAL ENIGMA J13065', NULL, 0, 0, NULL, NULL, '2017-12-07'),
('5028586', 1, 1, 1, 1, 3, '29285832', 1, 1, 'COLLAR PERLA DREAM J12897', NULL, 0, 0, NULL, NULL, '2017-12-07'),
('5028775', 1, 1, 1, 1, 3, '29285832', 1, 1, 'COLLAR BELLA BLU CJ13124', NULL, 0, 0, NULL, NULL, '2017-12-07'),
('5028810', 1, 1, 1, 1, 3, '29285832', 1, 1, 'CADENA ANCLA J13157', NULL, 0, 0, NULL, NULL, '2017-12-07'),
('5028874', 1, 1, 1, 1, 3, '29285832', 1, 1, 'COLECCION CONQUISTARTE J13288', NULL, 0, 0, NULL, NULL, '2017-12-07'),
('5028877', 1, 1, 1, 1, 3, '29285832', 1, 1, 'ARETES LIBERATTA AJ13291', NULL, 0, 0, NULL, NULL, '2017-12-07'),
('5028977', 1, 1, 1, 1, 3, '29285832', 1, 1, 'ARETES ELEGANCE PERLA J13317', NULL, 0, 0, NULL, NULL, '2017-12-07'),
('5028995', 1, 1, 1, 1, 3, '29285832', 1, 1, 'COLECCION PERLA FEM COJ13455', NULL, 0, 0, NULL, NULL, '2017-12-07'),
('5029019', 1, 1, 1, 1, 3, '29285832', 1, 1, 'SET ARETES ETERNITY J13475', NULL, 0, 0, NULL, NULL, '2017-12-07'),
('5029247', 1, 1, 1, 1, 3, '29285832', 1, 1, 'SET ARETES SORRENTO J13448', NULL, 0, 0, NULL, NULL, '2017-12-07'),
('5029313', 1, 1, 1, 1, 3, '29285832', 1, 1, 'ARETES NOVIA IMPERIAL AJ13679', NULL, 0, 0, NULL, NULL, '2017-12-07'),
('5029351', 1, 1, 1, 1, 3, '29285832', 1, 1, 'ARETES PERLAS ELISSE AJ13851', NULL, 0, 0, NULL, NULL, '2017-12-07'),
('5029396', 1, 1, 1, 1, 3, '29285832', 1, 1, 'COLLAR DISCOTEQUE J13635', NULL, 0, 0, NULL, NULL, '2017-12-07'),
('5029397', 1, 1, 1, 1, 3, '29285832', 1, 1, 'ARGOLLAS DISCOTEQUE AJ13636', NULL, 0, 0, NULL, NULL, '2017-12-07'),
('5029398', 1, 1, 1, 1, 3, '29285832', 1, 1, 'ARETES DISCOTEQUE J13637', NULL, 0, 0, NULL, NULL, '2017-12-07'),
('5029524', 1, 1, 1, 1, 3, '29285832', 1, 1, 'SET COLLARES CRUZARO J13746', NULL, 0, 0, NULL, NULL, '2017-12-07'),
('5029627', 1, 1, 1, 1, 3, '29285832', 1, 1, 'ARETES MAVERICK CRISTAL AJ14031', NULL, 0, 0, NULL, NULL, '2017-12-07'),
('5029629', 1, 1, 1, 1, 3, '29285832', 1, 1, 'COLECCION DIVA DIAMOND J14033', NULL, 0, 0, NULL, NULL, '2017-12-07'),
('5029647', 1, 1, 1, 1, 3, '29285832', 1, 1, 'COLLAR CRISTAL RETRO CJ14047', NULL, 0, 0, NULL, NULL, '2017-12-07'),
('5029648', 1, 1, 1, 1, 3, '29285832', 1, 1, 'ARETES CRISTAL RETRO AJ14048', NULL, 0, 0, NULL, NULL, '2017-12-07'),
('5029780', 1, 1, 1, 1, 3, '29285832', 1, 1, 'SET ARETES NAROMI J13905', NULL, 0, 0, NULL, NULL, '2017-12-07'),
('5029781', 1, 1, 1, 1, 3, '29285832', 1, 1, 'COLLAR SEXY DUAL J13906', NULL, 0, 0, NULL, NULL, '2017-12-07'),
('5029782', 1, 1, 1, 1, 3, '29285832', 1, 1, 'ARETES DUAL GLAM J13907', NULL, 0, 0, NULL, NULL, '2017-12-07'),
('5029783', 1, 1, 1, 1, 3, '29285832', 1, 1, 'ARETES SEXY DUAL J13908', NULL, 0, 0, NULL, NULL, '2017-12-07'),
('5029789', 1, 1, 1, 1, 3, '29285832', 1, 1, 'COLLAR CRISTAL ZEN J13914', NULL, 0, 0, NULL, NULL, '2017-12-07'),
('5029790', 1, 1, 1, 1, 3, '29285832', 1, 1, 'ARETES CRISTAL ZEN J13915', NULL, 0, 0, NULL, NULL, '2017-12-07'),
('5029828', 1, 1, 1, 1, 3, '29285832', 1, 1, 'CADENA SABLE Y DRAGON J13946', NULL, 0, 0, NULL, NULL, '2017-12-07'),
('5029883', 1, 1, 1, 1, 3, '29285832', 1, 1, 'COLECCION BODA J14012', NULL, 0, 0, NULL, NULL, '2017-12-07'),
('5029888', 1, 1, 1, 1, 3, '29285832', 1, 1, 'SET ARETES AMANTINO J14017', NULL, 0, 0, NULL, NULL, '2017-12-07'),
('5029921', 1, 1, 1, 1, 3, '29285832', 1, 1, 'SET ARETES SUEÑO BLU AJ14148', NULL, 0, 0, NULL, NULL, '2017-12-07'),
('5029972', 1, 1, 1, 1, 3, '29285832', 1, 1, 'SET CLIPE ACJ14319', NULL, 0, 0, NULL, NULL, '2017-12-07'),
('5029981', 1, 1, 1, 1, 3, '29285832', 1, 1, 'COLECCION DIAMORE J14328', NULL, 0, 0, NULL, NULL, '2017-12-07'),
('5029992', 1, 1, 1, 1, 3, '29285832', 1, 1, 'COLLAR CORAL CARIBEAN J14339', NULL, 0, 0, NULL, NULL, '2017-12-07'),
('5029993', 1, 1, 1, 1, 3, '29285832', 1, 1, 'ARETES CRISTAL CARIBEAN J14340', NULL, 0, 0, NULL, NULL, '2017-12-07'),
('5029994', 1, 1, 1, 1, 3, '29285832', 1, 1, 'ARETES CORAL CARIBEAN J14341', NULL, 0, 0, NULL, NULL, '2017-12-07'),
('5030002', 1, 1, 1, 1, 3, '29285832', 1, 1, 'SET ARETES BIJOUX J13951', NULL, 0, 0, NULL, NULL, '2017-12-07'),
('5030013', 1, 1, 1, 1, 3, '29285832', 1, 1, 'COLECCION LEBLU J14179', NULL, 0, 0, NULL, NULL, '2017-12-07'),
('5030025', 1, 1, 1, 1, 3, '29285832', 1, 1, 'ARETES REDFLOR J14186', NULL, 0, 0, NULL, NULL, '2017-12-07'),
('5030060', 1, 1, 1, 1, 3, '29285832', 1, 1, 'COLLAR GRAZZIA DIVINA J14218', NULL, 0, 0, NULL, NULL, '2017-12-07'),
('5030061', 1, 1, 1, 1, 3, '29285832', 1, 1, 'ARETES GRAZZIA J14219', NULL, 0, 0, NULL, NULL, '2017-12-07'),
('5030076', 1, 1, 1, 1, 3, '29285832', 1, 1, 'COLLAR SIENNA MIST J14232', NULL, 0, 0, NULL, NULL, '2017-12-07'),
('5030078', 1, 1, 1, 1, 3, '29285832', 1, 1, 'ARETES SIENNA MIST J14234', NULL, 0, 0, NULL, NULL, '2017-12-07'),
('5030082', 1, 1, 1, 1, 3, '29285832', 1, 1, 'COLLAR FEMME FLORI J14239', NULL, 0, 0, NULL, NULL, '2017-12-07'),
('5030083', 1, 1, 1, 1, 3, '29285832', 1, 1, 'ARETES FEMME FLORI J14240', NULL, 0, 0, NULL, NULL, '2017-12-07'),
('5030084', 1, 1, 1, 1, 3, '29285832', 1, 1, 'ARETES FEMME LUXE J14241', NULL, 0, 0, NULL, NULL, '2017-12-07'),
('5030090', 1, 1, 1, 1, 3, '29285832', 1, 1, 'PULSERA FEMME FLORI J14243', NULL, 0, 0, NULL, NULL, '2017-12-07'),
('5030105', 1, 1, 1, 1, 3, '29285832', 1, 1, 'COLECCION PETALI SEDA J14253', NULL, 0, 0, NULL, NULL, '2017-12-07'),
('5030136', 1, 1, 1, 1, 3, '29285832', 1, 1, 'COLLAR SAORI J14479', NULL, 0, 0, NULL, NULL, '2017-12-07'),
('5030137', 1, 1, 1, 1, 3, '29285832', 1, 1, 'ARETES SAORI J14480', NULL, 0, 0, NULL, NULL, '2017-12-07'),
('5030138', 1, 1, 1, 1, 3, '29285832', 1, 1, 'ARETES SAORI COLOR J14481', NULL, 0, 0, NULL, NULL, '2017-12-07'),
('5030139', 1, 1, 1, 1, 3, '29285832', 1, 1, 'PULSERA SAORI J14482', NULL, 0, 0, NULL, NULL, '2017-12-07'),
('5030160', 1, 1, 1, 1, 3, '29285832', 1, 1, 'ARETES BRILLA ZEN J14495', NULL, 0, 0, NULL, NULL, '2017-12-07'),
('5030162', 1, 1, 1, 1, 3, '29285832', 1, 1, 'COLECCION ELEFANTE MILENARIO J14497', NULL, 0, 0, NULL, NULL, '2017-12-07'),
('5030173', 1, 1, 1, 1, 3, '29285832', 1, 1, 'SET ARETES MARIPOSI J14272', NULL, 0, 0, NULL, NULL, '2017-12-07'),
('5030185', 1, 1, 1, 1, 3, '29285832', 1, 1, 'COLECCION LULI LAI J14278', NULL, 0, 0, NULL, NULL, '2017-12-07'),
('5030193', 1, 1, 1, 1, 3, '29285832', 1, 1, 'CADENA SAN MIGUEL J14290', NULL, 0, 0, NULL, NULL, '2017-12-07'),
('5030247', 1, 1, 1, 1, 3, '29285832', 1, 1, 'COLLAR SIENNA CRISTAL J14591', NULL, 0, 0, NULL, NULL, '2017-12-07'),
('5030253', 1, 1, 1, 1, 3, '29285832', 1, 1, 'COLLAR LATIN FLORAL J14343', NULL, 0, 0, NULL, NULL, '2017-12-07'),
('5030254', 1, 1, 1, 1, 3, '29285832', 1, 1, 'ARETES LATIN ROSE J14344', NULL, 0, 0, NULL, NULL, '2017-12-07'),
('5030260', 1, 1, 1, 1, 3, '29285832', 1, 1, 'ARETES LATIN FLORAL J14345', NULL, 0, 0, NULL, NULL, '2017-12-07'),
('5030261', 1, 1, 1, 1, 3, '29285832', 1, 1, 'COLLAR CARIBE MIST J14347', NULL, 0, 0, NULL, NULL, '2017-12-07'),
('5030262', 1, 1, 1, 1, 3, '29285832', 1, 1, 'ARETES CARIBE OPAL J14348', NULL, 0, 0, NULL, NULL, '2017-12-07'),
('5030263', 1, 1, 1, 1, 3, '29285832', 1, 1, 'ARETES CARIBE MIST J14349', NULL, 0, 0, NULL, NULL, '2017-12-07'),
('5030270', 1, 1, 1, 1, 3, '29285832', 1, 1, 'SET ARETES BRISSA J14351', NULL, 0, 0, NULL, NULL, '2017-12-07'),
('5030271', 1, 1, 1, 1, 3, '29285832', 1, 1, 'COLLAR CUBA COLORI J14352', NULL, 0, 0, NULL, NULL, '2017-12-07'),
('5030272', 1, 1, 1, 1, 3, '29285832', 1, 1, 'BRAZALETE LATIN FLORAL J14346', NULL, 0, 0, NULL, NULL, '2017-12-07'),
('5030273', 1, 1, 1, 1, 3, '29285832', 1, 1, 'ARETES CUBA CRISTAL J14353', NULL, 0, 0, NULL, NULL, '2017-12-07'),
('5030274', 1, 1, 1, 1, 3, '29285832', 1, 1, 'ARETES CUBA COLORI J14354', NULL, 0, 0, NULL, NULL, '2017-12-07'),
('5030275', 1, 1, 1, 1, 3, '29285832', 1, 1, 'COLECCION PUNTA CRISTAL J14355', NULL, 0, 0, NULL, NULL, '2017-12-07'),
('5030281', 1, 1, 1, 1, 3, '29285832', 1, 1, 'COLLAR BOUQUETTE J14358', NULL, 0, 0, NULL, NULL, '2017-12-07'),
('5030282', 1, 1, 1, 1, 3, '29285832', 1, 1, 'ARETES BOUQUETTE OPAL J14359', NULL, 0, 0, NULL, NULL, '2017-12-07'),
('5030283', 1, 1, 1, 1, 3, '29285832', 1, 1, 'ARETES BOUQUETTE J14360', NULL, 0, 0, NULL, NULL, '2017-12-07'),
('5030284', 1, 1, 1, 1, 3, '29285832', 1, 1, 'ARGOLLAS TREBOL GLAM J14361', NULL, 0, 0, NULL, NULL, '2017-12-07'),
('5030286', 1, 1, 1, 1, 3, '29285832', 1, 1, 'COLLAR ZULEIMA J14363', NULL, 0, 0, NULL, NULL, '2017-12-07'),
('5030287', 1, 1, 1, 1, 3, '29285832', 1, 1, 'ARETES ZULEIMA J14364', NULL, 0, 0, NULL, NULL, '2017-12-07'),
('5030288', 1, 1, 1, 1, 3, '29285832', 1, 1, 'SET ARETES DENIM CARIBE J14499', NULL, 0, 0, NULL, NULL, '2017-12-07'),
('5030290', 1, 1, 1, 1, 3, '29285832', 1, 1, 'ARGOLLAS HARMONIA J14367', NULL, 0, 0, NULL, NULL, '2017-12-07'),
('5030291', 1, 1, 1, 1, 3, '29285832', 1, 1, 'COLECCION MIRAGE J14368', NULL, 0, 0, NULL, NULL, '2017-12-07'),
('5030295', 1, 1, 1, 1, 3, '29285832', 1, 1, 'SET ARETES AQUAMARINE J14372', NULL, 0, 0, NULL, NULL, '2017-12-07'),
('5030298', 1, 1, 1, 1, 3, '29285832', 1, 1, 'COLLAR HARMONIA J14365', NULL, 0, 0, NULL, NULL, '2017-12-07'),
('5030312', 1, 1, 1, 1, 3, '29285832', 1, 1, 'COLLAR ALIZIA J14383', NULL, 0, 0, NULL, NULL, '2017-12-07'),
('5030313', 1, 1, 1, 1, 3, '29285832', 1, 1, 'ARETES ALIZIA CRISTAL J14384', NULL, 0, 0, NULL, NULL, '2017-12-07'),
('5030314', 1, 1, 1, 1, 3, '29285832', 1, 1, 'ARETES ALIZIA J14385', NULL, 0, 0, NULL, NULL, '2017-12-07'),
('5030315', 1, 1, 1, 1, 3, '29285832', 1, 1, 'SORTIJA ALIZIA T5 J14386', NULL, 0, 0, NULL, NULL, '2017-12-07'),
('5030316', 1, 1, 1, 1, 3, '29285832', 1, 1, 'SORTIJA ALIZIA T6 J14386', NULL, 0, 0, NULL, NULL, '2017-12-07'),
('5030317', 1, 1, 1, 1, 3, '29285832', 1, 1, 'SORTIJA ALIZIA T7 J14386', NULL, 0, 0, NULL, NULL, '2017-12-07'),
('5030318', 1, 1, 1, 1, 3, '29285832', 1, 1, 'SORTIJA ALIZIA T8 J14386', NULL, 0, 0, NULL, NULL, '2017-12-07'),
('5030319', 1, 1, 1, 1, 3, '29285832', 1, 1, 'SORTIJA ALIZIA T9 J14386', NULL, 0, 0, NULL, NULL, '2017-12-07'),
('5030321', 1, 1, 1, 1, 3, '29285832', 1, 1, 'SET ARETES PASTEL OCEAN J14389', NULL, 0, 0, NULL, NULL, '2017-12-07'),
('5030323', 1, 1, 1, 1, 3, '29285832', 1, 1, 'SET ARETES VERANO MIST J14391', NULL, 0, 0, NULL, NULL, '2017-12-07'),
('5030325', 1, 1, 1, 1, 3, '29285832', 1, 1, 'COLECCION MAYITA BEE J14393', NULL, 0, 0, NULL, NULL, '2017-12-07'),
('5030326', 1, 1, 1, 1, 3, '29285832', 1, 1, 'SET ARETES MAYITA J14394', NULL, 0, 0, NULL, NULL, '2017-12-07'),
('5030327', 1, 1, 1, 1, 3, '29285832', 1, 1, 'SET ARETES HELADITO J14395', NULL, 0, 0, NULL, NULL, '2017-12-07'),
('5030328', 1, 1, 1, 1, 3, '29285832', 1, 1, 'CADENA LA HABANA J14396', NULL, 0, 0, NULL, NULL, '2017-12-07'),
('5030329', 1, 1, 1, 1, 3, '29285832', 1, 1, 'ESCLAVA LA HABANA J14397', NULL, 0, 0, NULL, NULL, '2017-12-07'),
('5030330', 1, 1, 1, 1, 3, '29285832', 1, 1, 'CADENA NAUTICA J14398', NULL, 0, 0, NULL, NULL, '2017-12-07'),
('5030332', 1, 1, 1, 1, 3, '29285832', 1, 1, 'COLLAR AZURE ELEGANT J14400', NULL, 0, 0, NULL, NULL, '2017-12-07'),
('5030333', 1, 1, 1, 1, 3, '29285832', 1, 1, 'ARETES AZURE TURQUESA J14401', NULL, 0, 0, NULL, NULL, '2017-12-07'),
('5030334', 1, 1, 1, 1, 3, '29285832', 1, 1, 'ARETES AZURE ELEGANT J14402', NULL, 0, 0, NULL, NULL, '2017-12-07'),
('5030335', 1, 1, 1, 1, 3, '29285832', 1, 1, 'SORTIJA AZURE GLAM T5 J14403', NULL, 0, 0, NULL, NULL, '2017-12-07'),
('5030336', 1, 1, 1, 1, 3, '29285832', 1, 1, 'SORTIJA AZURE GLAM T6 J14403', NULL, 0, 0, NULL, NULL, '2017-12-07'),
('5030337', 1, 1, 1, 1, 3, '29285832', 1, 1, 'SORTIJA AZURE GLAM T7 J14403', NULL, 0, 0, NULL, NULL, '2017-12-07'),
('5030338', 1, 1, 1, 1, 3, '29285832', 1, 1, 'SORTIJA AZURE GLAM T8 J14403', NULL, 0, 0, NULL, NULL, '2017-12-07'),
('5030339', 1, 1, 1, 1, 3, '29285832', 1, 1, 'SORTIJA AZURE GLAM T9 J14403', NULL, 0, 0, NULL, NULL, '2017-12-07'),
('5030340', 1, 1, 1, 1, 3, '29285832', 1, 1, 'COLLAR FLOR DELICAZZ J14404', NULL, 0, 0, NULL, NULL, '2017-12-07'),
('5030341', 1, 1, 1, 1, 3, '29285832', 1, 1, 'ARETES DELICAZZ BRILLO J14405', NULL, 0, 0, NULL, NULL, '2017-12-07'),
('5030342', 1, 1, 1, 1, 3, '29285832', 1, 1, 'ARETES FLOR DELICAZZ J14406', NULL, 0, 0, NULL, NULL, '2017-12-07'),
('5030343', 1, 1, 1, 1, 3, '29285832', 1, 1, 'PULSERA DELICAZZ J14407', NULL, 0, 0, NULL, NULL, '2017-12-07'),
('5030344', 1, 1, 1, 1, 3, '29285832', 1, 1, 'COLLAR BAHAMA GLITZ J14408', NULL, 0, 0, NULL, NULL, '2017-12-07'),
('5030345', 1, 1, 1, 1, 3, '29285832', 1, 1, 'SET ARETES BAHAMAS J14409', NULL, 0, 0, NULL, NULL, '2017-12-07'),
('5030346', 1, 1, 1, 1, 3, '29285832', 1, 1, 'ARETES BAHAMAS GLITZ J14410', NULL, 0, 0, NULL, NULL, '2017-12-07'),
('5030348', 1, 1, 1, 1, 3, '29285832', 1, 1, 'COLLAR CAPRI COLOR J14412', NULL, 0, 0, NULL, NULL, '2017-12-07'),
('5030349', 1, 1, 1, 1, 3, '29285832', 1, 1, 'ARETES CAPRI CRISTAL J14413', NULL, 0, 0, NULL, NULL, '2017-12-07'),
('5030351', 1, 1, 1, 1, 3, '29285832', 1, 1, 'COLLAR FLOR ILUSSION J14415', NULL, 0, 0, NULL, NULL, '2017-12-07'),
('5030352', 1, 1, 1, 1, 3, '29285832', 1, 1, 'ARETES FLOR ILUSSION J14416', NULL, 0, 0, NULL, NULL, '2017-12-07'),
('5030354', 1, 1, 1, 1, 3, '29285832', 1, 1, 'COLLAR CRISTAL GARDEN J14500', NULL, 0, 0, NULL, NULL, '2017-12-07'),
('5030355', 1, 1, 1, 1, 3, '29285832', 1, 1, 'ARETES GARDEN TOPAZ J14501', NULL, 0, 0, NULL, NULL, '2017-12-07'),
('5030356', 1, 1, 1, 1, 3, '29285832', 1, 1, 'COLLAR TREBOL COLOR J14418', NULL, 0, 0, NULL, NULL, '2017-12-07'),
('5030357', 1, 1, 1, 1, 3, '29285832', 1, 1, 'COLLAR MULTI TREBOL J14419', NULL, 0, 0, NULL, NULL, '2017-12-07'),
('5030358', 1, 1, 1, 1, 3, '29285832', 1, 1, 'ARETES MULTI SUERTE J14420', NULL, 0, 0, NULL, NULL, '2017-12-07'),
('5030361', 1, 1, 1, 1, 3, '29285832', 1, 1, 'PULSERA MULTITREBOL J14422', NULL, 0, 0, NULL, NULL, '2017-12-07'),
('5030363', 1, 1, 1, 1, 3, '29285832', 1, 1, 'COLLAR LUZ ROMANTIC J14428', NULL, 0, 0, NULL, NULL, '2017-12-07'),
('5030364', 1, 1, 1, 1, 3, '29285832', 1, 1, 'COLLAR LUZ ESTELAR J14429', NULL, 0, 0, NULL, NULL, '2017-12-07'),
('5030365', 1, 1, 1, 1, 3, '29285832', 1, 1, 'ARETES LUZ ROMANTIC J14430', NULL, 0, 0, NULL, NULL, '2017-12-07'),
('5030366', 1, 1, 1, 1, 3, '29285832', 1, 1, 'ARETES CRISTAL GARDEN J14502', NULL, 0, 0, NULL, NULL, '2017-12-07'),
('5030376', 1, 1, 1, 1, 3, '29285832', 1, 1, 'COLECCION TREBOL RED J14436', NULL, 0, 0, NULL, NULL, '2017-12-07'),
('5030377', 1, 1, 1, 1, 3, '29285832', 1, 1, 'COLECCION AMY LOVE J14437', NULL, 0, 0, NULL, NULL, '2017-12-07'),
('5030383', 1, 1, 1, 1, 3, '29285832', 1, 1, 'COLLAR AMOR DELICAT J14444', NULL, 0, 0, NULL, NULL, '2017-12-07'),
('5030391', 1, 1, 1, 1, 3, '29285832', 1, 1, 'PULSERA LOVE COLORI J14447', NULL, 0, 0, NULL, NULL, '2017-12-07'),
('5030392', 1, 1, 1, 1, 3, '29285832', 1, 1, 'COLLAR SPIRIT CRISTAL J14448', NULL, 0, 0, NULL, NULL, '2017-12-07'),
('5030393', 1, 1, 1, 1, 3, '29285832', 1, 1, 'ARETES MI ANGEL J14449', NULL, 0, 0, NULL, NULL, '2017-12-07'),
('5030395', 1, 1, 1, 1, 3, '29285832', 1, 1, 'COLECCION BRILLO LOVE J14451', NULL, 0, 0, NULL, NULL, '2017-12-07'),
('5030396', 1, 1, 1, 1, 3, '29285832', 1, 1, 'ARETES BRILLO LOVE J14452', NULL, 0, 0, NULL, NULL, '2017-12-07'),
('5030398', 1, 1, 1, 1, 3, '29285832', 1, 1, 'PULSERA LOVE TWIST J14454', NULL, 0, 0, NULL, NULL, '2017-12-07'),
('5030410', 1, 1, 1, 1, 3, '29285832', 1, 1, 'COLECCION AMIGUIS PINK J14459', NULL, 0, 0, NULL, NULL, '2017-12-07'),
('5030411', 1, 1, 1, 1, 3, '29285832', 1, 1, 'SET ARETES AMIGUIS J14460', NULL, 0, 0, NULL, NULL, '2017-12-07'),
('5030412', 1, 1, 1, 1, 3, '29285832', 1, 1, 'SET ARETES CANDY J14461', NULL, 0, 0, NULL, NULL, '2017-12-07'),
('5030415', 1, 1, 1, 1, 3, '29285832', 1, 1, 'CADENA GENOVA J14464', NULL, 0, 0, NULL, NULL, '2017-12-07'),
('5030416', 1, 1, 1, 1, 3, '29285832', 1, 1, 'ESCLAVA GENOVA J14465', NULL, 0, 0, NULL, NULL, '2017-12-07'),
('5030430', 1, 1, 1, 1, 3, '29285832', 1, 1, 'ARETES ZAFIR BACK J14773', NULL, 0, 0, NULL, NULL, '2017-12-07'),
('5030441', 1, 1, 1, 1, 3, '29285832', 1, 1, 'COLECCION I LOVE YOU DORE J14784', NULL, 0, 0, NULL, NULL, '2017-12-07'),
('5030444', 1, 1, 1, 1, 3, '29285832', 1, 1, 'COLLAR INICIAL CRISTAL A J14787', NULL, 0, 0, NULL, NULL, '2017-12-07'),
('5030445', 1, 1, 1, 1, 3, '29285832', 1, 1, 'COLLAR INICIAL CRISTAL B J14788', NULL, 0, 0, NULL, NULL, '2017-12-07'),
('5030446', 1, 1, 1, 1, 3, '29285832', 1, 1, 'COLLAR INICIAL CRISTAL C J14789', NULL, 0, 0, NULL, NULL, '2017-12-07'),
('5030447', 1, 1, 1, 1, 3, '29285832', 1, 1, 'COLLAR INICIAL CRISTAL D J14790', NULL, 0, 0, NULL, NULL, '2017-12-07'),
('5030448', 1, 1, 1, 1, 3, '29285832', 1, 1, 'COLLAR INICIAL CRISTAL E J14791', NULL, 0, 0, NULL, NULL, '2017-12-07'),
('5030449', 1, 1, 1, 1, 3, '29285832', 1, 1, 'COLLAR INICIAL CRISTAL F J14792', NULL, 0, 0, NULL, NULL, '2017-12-07'),
('5030450', 1, 1, 1, 1, 3, '29285832', 1, 1, 'COLLAR INICIAL CRISTAL G J14793', NULL, 0, 0, NULL, NULL, '2017-12-07'),
('5030451', 1, 1, 1, 1, 3, '29285832', 1, 1, 'COLLAR INICIAL CRISTAL I J14794', NULL, 0, 0, NULL, NULL, '2017-12-07'),
('5030452', 1, 1, 1, 1, 3, '29285832', 1, 1, 'COLLAR INICIAL CRISTAL J J14795', NULL, 0, 0, NULL, NULL, '2017-12-07'),
('5030453', 1, 1, 1, 1, 3, '29285832', 1, 1, 'COLLAR INICIAL CRISTAL K J14796', NULL, 0, 0, NULL, NULL, '2017-12-07'),
('5030454', 1, 1, 1, 1, 3, '29285832', 1, 1, 'COLLAR INICIAL CRISTAL L J14797', NULL, 0, 0, NULL, NULL, '2017-12-07'),
('5030455', 1, 1, 1, 1, 3, '29285832', 1, 1, 'COLLAR INICIAL CRISTAL M J14798', NULL, 0, 0, NULL, NULL, '2017-12-07'),
('5030456', 1, 1, 1, 1, 3, '29285832', 1, 1, 'COLLAR INICIAL CRISTAL N J14799', NULL, 0, 0, NULL, NULL, '2017-12-07'),
('5030457', 1, 1, 1, 1, 3, '29285832', 1, 1, 'COLLAR INICIAL CRISTAL P J14800', NULL, 0, 0, NULL, NULL, '2017-12-07'),
('5030458', 1, 1, 1, 1, 3, '29285832', 1, 1, 'COLLAR INICIAL CRISTAL R J14801', NULL, 0, 0, NULL, NULL, '2017-12-07'),
('5030459', 1, 1, 1, 1, 3, '29285832', 1, 1, 'COLLAR INICIAL CRISTAL S J14802', NULL, 0, 0, NULL, NULL, '2017-12-07'),
('5030460', 1, 1, 1, 1, 3, '29285832', 1, 1, 'COLLAR INICIAL CRISTAL T J14803', NULL, 0, 0, NULL, NULL, '2017-12-07'),
('5030461', 1, 1, 1, 1, 3, '29285832', 1, 1, 'COLLAR INICIAL CRISTAL V J14804', NULL, 0, 0, NULL, NULL, '2017-12-07'),
('5030462', 1, 1, 1, 1, 3, '29285832', 1, 1, 'COLLAR INICIAL CRISTAL Y J14805', NULL, 0, 0, NULL, NULL, '2017-12-07'),
('5030467', 1, 1, 1, 1, 3, '29285832', 1, 1, 'COLLAR NEGRETI CRISTAL J14810', NULL, 0, 0, NULL, NULL, '2017-12-07'),
('5030469', 1, 1, 1, 1, 3, '29285832', 1, 1, 'PULSERA NEGRETI CRISTAL J14812', NULL, 0, 0, NULL, NULL, '2017-12-07'),
('5030472', 1, 1, 1, 1, 3, '29285832', 1, 1, 'ARETES LULI LAI J14815', NULL, 0, 0, NULL, NULL, '2017-12-07'),
('5030473', 1, 1, 1, 1, 3, '29285832', 1, 1, 'ARETES PETALI SEDA J14816', NULL, 0, 0, NULL, NULL, '2017-12-07'),
('5030492', 1, 1, 1, 1, 3, '29285832', 1, 1, 'COLLAR TECNO GLAM J14624', NULL, 0, 0, NULL, NULL, '2017-12-07'),
('5030493', 1, 1, 1, 1, 3, '29285832', 1, 1, 'ARETES TECNO CRISTAL J14543', NULL, 0, 0, NULL, NULL, '2017-12-07'),
('5030494', 1, 1, 1, 1, 3, '29285832', 1, 1, 'ARETES TECNO GLAM J14544', NULL, 0, 0, NULL, NULL, '2017-12-07'),
('5030495', 1, 1, 1, 1, 3, '29285832', 1, 1, 'PULSERA TECNO GLAM J14545', NULL, 0, 0, NULL, NULL, '2017-12-07'),
('5030496', 1, 1, 1, 1, 3, '29285832', 1, 1, 'COLLAR SPECTRA J14546', NULL, 0, 0, NULL, NULL, '2017-12-07'),
('5030497', 1, 1, 1, 1, 3, '29285832', 1, 1, 'ARETES SPECTRA COLOR J14547', NULL, 0, 0, NULL, NULL, '2017-12-07'),
('5030498', 1, 1, 1, 1, 3, '29285832', 1, 1, 'ARETES SPECTRA J14548', NULL, 0, 0, NULL, NULL, '2017-12-07'),
('5030503', 1, 1, 1, 1, 3, '29285832', 1, 1, 'COLLAR DINAMO J14554', NULL, 0, 0, NULL, NULL, '2017-12-07'),
('5030504', 1, 1, 1, 1, 3, '29285832', 1, 1, 'SET ARETES DINAMO J14555', NULL, 0, 0, NULL, NULL, '2017-12-07'),
('5030505', 1, 1, 1, 1, 3, '29285832', 1, 1, 'SORTIJA SPECTRA T5 J14549', NULL, 0, 0, NULL, NULL, '2017-12-07'),
('5030506', 1, 1, 1, 1, 3, '29285832', 1, 1, 'SORTIJA SPECTRA T6 J14549', NULL, 0, 0, NULL, NULL, '2017-12-07'),
('5030507', 1, 1, 1, 1, 3, '29285832', 1, 1, 'SORTIJA SPECTRA T7 J14549', NULL, 0, 0, NULL, NULL, '2017-12-07'),
('5030508', 1, 1, 1, 1, 3, '29285832', 1, 1, 'SORTIJA SPECTRA T8 J14549', NULL, 0, 0, NULL, NULL, '2017-12-07'),
('5030509', 1, 1, 1, 1, 3, '29285832', 1, 1, 'SORTIJA SPECTRA T9 J14549', NULL, 0, 0, NULL, NULL, '2017-12-07'),
('5030510', 1, 1, 1, 1, 3, '29285832', 1, 1, 'ARETES DINAMO CRISTAL J14556', NULL, 0, 0, NULL, NULL, '2017-12-07'),
('5030512', 1, 1, 1, 1, 3, '29285832', 1, 1, 'ARETES EXAGON BLUE J14558', NULL, 0, 0, NULL, NULL, '2017-12-07'),
('5030513', 1, 1, 1, 1, 3, '29285832', 1, 1, 'ARETES LINEAL CRISTAL J14559', NULL, 0, 0, NULL, NULL, '2017-12-07'),
('5030514', 1, 1, 1, 1, 3, '29285832', 1, 1, 'ARETES FRENETIC J14560', NULL, 0, 0, NULL, NULL, '2017-12-07'),
('5030518', 1, 1, 1, 1, 3, '29285832', 1, 1, 'COLLAR IMPERY J14565', NULL, 0, 0, NULL, NULL, '2017-12-07'),
('5030519', 1, 1, 1, 1, 3, '29285832', 1, 1, 'ARETES IMPERY NACAR J14566', NULL, 0, 0, NULL, NULL, '2017-12-07'),
('5030520', 1, 1, 1, 1, 3, '29285832', 1, 1, 'ARETES IMPERY J14567', NULL, 0, 0, NULL, NULL, '2017-12-07'),
('5030521', 1, 1, 1, 1, 3, '29285832', 1, 1, 'PULSERA IMPERY J14568', NULL, 0, 0, NULL, NULL, '2017-12-07'),
('5030524', 1, 1, 1, 1, 3, '29285832', 1, 1, 'ARGOLLAS VIBRANT GLITZ J14571', NULL, 0, 0, NULL, NULL, '2017-12-07'),
('5030530', 1, 1, 1, 1, 3, '29285832', 1, 1, 'COLLAR VIBRANT CITY J14569', NULL, 0, 0, NULL, NULL, '2017-12-07'),
('5030531', 1, 1, 1, 1, 3, '29285832', 1, 1, 'COLLAR LUXOR GLAM J14576', NULL, 0, 0, NULL, NULL, '2017-12-07'),
('5030532', 1, 1, 1, 1, 3, '29285832', 1, 1, 'PULSERA VIBRANT CITY J14572', NULL, 0, 0, NULL, NULL, '2017-12-07'),
('5030533', 1, 1, 1, 1, 3, '29285832', 1, 1, 'COLECCION PERLIX J14573', NULL, 0, 0, NULL, NULL, '2017-12-07'),
('5030534', 1, 1, 1, 1, 3, '29285832', 1, 1, 'COLLAR FLORA MIX J14574', NULL, 0, 0, NULL, NULL, '2017-12-07'),
('5030536', 1, 1, 1, 1, 3, '29285832', 1, 1, 'ARETES LUXOR GLAM J14577', NULL, 0, 0, NULL, NULL, '2017-12-07'),
('5030539', 1, 1, 1, 1, 3, '29285832', 1, 1, 'PULSERA BENDECIDA CHIC J14581', NULL, 0, 0, NULL, NULL, '2017-12-07'),
('5030540', 1, 1, 1, 1, 3, '29285832', 1, 1, 'BRAZALETE CYBER GLAM J14582', NULL, 0, 0, NULL, NULL, '2017-12-07'),
('5030541', 1, 1, 1, 1, 3, '29285832', 1, 1, 'BRAZALETE GRAPHIC DORE J14583', NULL, 0, 0, NULL, NULL, '2017-12-07'),
('5030542', 1, 1, 1, 1, 3, '29285832', 1, 1, 'BRAZALETE DIVERGENT J14584', NULL, 0, 0, NULL, NULL, '2017-12-07'),
('5030543', 1, 1, 1, 1, 3, '29285832', 1, 1, 'BRAZALETE OPT ART DORE J14585', NULL, 0, 0, NULL, NULL, '2017-12-07'),
('5030544', 1, 1, 1, 1, 3, '29285832', 1, 1, 'COLECCION CONEJITO IN J14625', NULL, 0, 0, NULL, NULL, '2017-12-07'),
('5030545', 1, 1, 1, 1, 3, '29285832', 1, 1, 'SET SORTIJAS SIARA T5 J15101', NULL, 0, 0, NULL, NULL, '2017-12-07'),
('5030546', 1, 1, 1, 1, 3, '29285832', 1, 1, 'SET SORTIJAS SIARA T6 J15101', NULL, 0, 0, NULL, NULL, '2017-12-07'),
('5030547', 1, 1, 1, 1, 3, '29285832', 1, 1, 'SET SORTIJAS SIARA T7 J15101', NULL, 0, 0, NULL, NULL, '2017-12-07'),
('5030548', 1, 1, 1, 1, 3, '29285832', 1, 1, 'SET SORTIJAS SIARA T8 J15101', NULL, 0, 0, NULL, NULL, '2017-12-07'),
('5030549', 1, 1, 1, 1, 3, '29285832', 1, 1, 'SET SORTIJAS SIARA T9 J15101', NULL, 0, 0, NULL, NULL, '2017-12-07'),
('5030551', 1, 1, 1, 1, 3, '29285832', 1, 1, 'SET ARETES PASCUALITA J14627', NULL, 0, 0, NULL, NULL, '2017-12-07'),
('5030552', 1, 1, 1, 1, 3, '29285832', 1, 1, 'CADENA BLACK VISSION J14628', NULL, 0, 0, NULL, NULL, '2017-12-07'),
('5030553', 1, 1, 1, 1, 3, '29285832', 1, 1, 'ESCLAVA BLACK VISSION J14629', NULL, 0, 0, NULL, NULL, '2017-12-07'),
('5030554', 1, 1, 1, 1, 3, '29285832', 1, 1, 'CADENA MEGATRON J14630', NULL, 0, 0, NULL, NULL, '2017-12-07'),
('5030563', 1, 1, 1, 1, 3, '29285832', 1, 1, 'ARETES CRISTAL SOÑADO J14600', NULL, 0, 0, NULL, NULL, '2017-12-07'),
('5030564', 1, 1, 1, 1, 3, '29285832', 1, 1, 'COLECCION GEMA GLITZ J14601', NULL, 0, 0, NULL, NULL, '2017-12-07'),
('5030565', 1, 1, 1, 1, 3, '29285832', 1, 1, 'COLECCION MI BRILLO J14602', NULL, 0, 0, NULL, NULL, '2017-12-07'),
('5030567', 1, 1, 1, 1, 3, '29285832', 1, 1, 'ARETES SUEÑO CUMPLIDO J14604', NULL, 0, 0, NULL, NULL, '2017-12-07'),
('5030568', 1, 1, 1, 1, 3, '29285832', 1, 1, 'SET ARETES DIME QUE SI J14606', NULL, 0, 0, NULL, NULL, '2017-12-07'),
('5030569', 1, 1, 1, 1, 3, '29285832', 1, 1, 'PULSERA SUEÑO CUMPLIDO J14607', NULL, 0, 0, NULL, NULL, '2017-12-07'),
('5030571', 1, 1, 1, 1, 3, '29285832', 1, 1, 'COLLAR CRISTAL SOÑADO J14608', NULL, 0, 0, NULL, NULL, '2017-12-07'),
('5030572', 1, 1, 1, 1, 3, '29285832', 1, 1, 'ARETES DIA SOÑADO J14609', NULL, 0, 0, NULL, NULL, '2017-12-07'),
('5030574', 1, 1, 1, 1, 3, '29285832', 1, 1, 'ARETES SANDI J14821', NULL, 0, 0, NULL, NULL, '2017-12-07'),
('5030580', 1, 1, 1, 1, 3, '29285832', 1, 1, 'ARETES NEGRETI CRISTAL J14823', NULL, 0, 0, NULL, NULL, '2017-12-07'),
('5030603', 1, 1, 1, 1, 3, '29285832', 1, 1, 'ARETES ZULEIMA GLAM J14991', NULL, 0, 0, NULL, NULL, '2017-12-07'),
('5030607', 1, 1, 1, 1, 3, '29285832', 1, 1, 'ARETES CAPRI J14995', NULL, 0, 0, NULL, NULL, '2017-12-07'),
('5030608', 1, 1, 1, 1, 3, '29285832', 1, 1, 'ARGOLLAS CAPRI TWIST J14996', NULL, 0, 0, NULL, NULL, '2017-12-07'),
('5030609', 1, 1, 1, 1, 3, '29285832', 1, 1, 'ARETES ARMONIA CRISTAL J14997', NULL, 0, 0, NULL, NULL, '2017-12-07'),
('5030610', 1, 1, 1, 1, 3, '29285832', 1, 1, 'COLECCION MAGNETIC J14998', NULL, 0, 0, NULL, NULL, '2017-12-07'),
('5030613', 1, 1, 1, 1, 3, '29285832', 1, 1, 'ARETES FLOR DE LA INDIA J15001', NULL, 0, 0, NULL, NULL, '2017-12-07'),
('5030614', 1, 1, 1, 1, 3, '29285832', 1, 1, 'ARETES SELVA MISTERIOSA J15002', NULL, 0, 0, NULL, NULL, '2017-12-07'),
('5030615', 1, 1, 1, 1, 3, '29285832', 1, 1, 'ARETES ESTELA DORADA J15003', NULL, 0, 0, NULL, NULL, '2017-12-07'),
('5030616', 1, 1, 1, 1, 3, '29285832', 1, 1, 'ARETES DIOSA ROMANA J15004', NULL, 0, 0, NULL, NULL, '2017-12-07'),
('5030617', 1, 1, 1, 1, 3, '29285832', 1, 1, 'ARETES DIVA DEL CAIRO J15005', NULL, 0, 0, NULL, NULL, '2017-12-07'),
('5030618', 1, 1, 1, 1, 3, '29285832', 1, 1, 'ARETES PLUMAS DE CRISTAL J15006', NULL, 0, 0, NULL, NULL, '2017-12-07'),
('5030621', 1, 1, 1, 1, 3, '29285832', 1, 1, 'SET ARETES PLATA MIST J15009', NULL, 0, 0, NULL, NULL, '2017-12-07'),
('5030623', 1, 1, 1, 1, 3, '29285832', 1, 1, 'COLLAR LOVE DICRISTAL J15011', NULL, 0, 0, NULL, NULL, '2017-12-07'),
('5030624', 1, 1, 1, 1, 3, '29285832', 1, 1, 'ARETES LOVE DICRISTAL J15012', NULL, 0, 0, NULL, NULL, '2017-12-07'),
('5030625', 1, 1, 1, 1, 3, '29285832', 1, 1, 'PULSERA LOVE DICRISTAL J15013', NULL, 0, 0, NULL, NULL, '2017-12-07'),
('5030628', 1, 1, 1, 1, 3, '29285832', 1, 1, 'COLECCION HABANNA FLOR J15016', NULL, 0, 0, NULL, NULL, '2017-12-07'),
('5030629', 1, 1, 1, 1, 3, '29285832', 1, 1, 'BRAZALETE CYBER PLAKE J15017', NULL, 0, 0, NULL, NULL, '2017-12-07'),
('5030630', 1, 1, 1, 1, 3, '29285832', 1, 1, 'BRAZALETE DIVERGENT CHIC J15018', NULL, 0, 0, NULL, NULL, '2017-12-07'),
('5030631', 1, 1, 1, 1, 3, '29285832', 1, 1, 'COLLAR CARIBE BLU J15019', NULL, 0, 0, NULL, NULL, '2017-12-07'),
('5030632', 1, 1, 1, 1, 3, '29285832', 1, 1, 'ARGOLLAS CARIBE MIST J15020', NULL, 0, 0, NULL, NULL, '2017-12-07'),
('5030634', 1, 1, 1, 1, 3, '29285832', 1, 1, 'SET ARETES LUZ GLAM J15022', NULL, 0, 0, NULL, NULL, '2017-12-07'),
('5030635', 1, 1, 1, 1, 3, '29285832', 1, 1, 'SET PULSERAS BAHAMA GLITZ J15023', NULL, 0, 0, NULL, NULL, '2017-12-07'),
('5030636', 1, 1, 1, 1, 3, '29285832', 1, 1, 'ARGOLLAS LOVE DICRISTAL J15024', NULL, 0, 0, NULL, NULL, '2017-12-07'),
('5030638', 1, 1, 1, 1, 3, '29285832', 1, 1, 'SET ARETES BLU OCEAN J15026', NULL, 0, 0, NULL, NULL, '2017-12-07'),
('5030639', 1, 1, 1, 1, 3, '29285832', 1, 1, 'PULSERA MASCARATT J15027', NULL, 0, 0, NULL, NULL, '2017-12-07'),
('5030644', 1, 1, 1, 1, 3, '29285832', 1, 1, 'SET ARETES CRISTAL LUXE J15032', NULL, 0, 0, NULL, NULL, '2017-12-07'),
('5030648', 1, 1, 1, 1, 3, '29285832', 1, 1, 'ARETES GARDEN GLAM J15187', NULL, 0, 0, NULL, NULL, '2017-12-07'),
('5030649', 1, 1, 1, 1, 3, '29285832', 1, 1, 'ARETES AMY LOVE J15190', NULL, 0, 0, NULL, NULL, '2017-12-07'),
('5030651', 1, 1, 1, 1, 3, '29285832', 1, 1, 'COLECCION FLORIROSE J15192', NULL, 0, 0, NULL, NULL, '2017-12-07'),
('5030652', 1, 1, 1, 1, 3, '29285832', 1, 1, 'COLLAR FLORA ROMANZ J14833', NULL, 0, 0, NULL, NULL, '2017-12-07'),
('5030653', 1, 1, 1, 1, 3, '29285832', 1, 1, 'ARETES FLORA ROMANZ J14834', NULL, 0, 0, NULL, NULL, '2017-12-07'),
('5030655', 1, 1, 1, 1, 3, '29285832', 1, 1, 'SORTIJA CORAL CARIBEAN T5 J15186', NULL, 0, 0, NULL, NULL, '2017-12-07'),
('5030656', 1, 1, 1, 1, 3, '29285832', 1, 1, 'SORTIJA CORAL CARIBEAN T6 J15186', NULL, 0, 0, NULL, NULL, '2017-12-07'),
('5030657', 1, 1, 1, 1, 3, '29285832', 1, 1, 'SORTIJA CORAL CARIBEAN T7 J15186', NULL, 0, 0, NULL, NULL, '2017-12-07'),
('5030658', 1, 1, 1, 1, 3, '29285832', 1, 1, 'SORTIJA CORAL CARIBEAN T8 J15186', NULL, 0, 0, NULL, NULL, '2017-12-07'),
('5030659', 1, 1, 1, 1, 3, '29285832', 1, 1, 'SORTIJA CORAL CARIBEAN T9 J15186', NULL, 0, 0, NULL, NULL, '2017-12-07'),
('5030670', 1, 1, 1, 1, 3, '29285832', 1, 1, 'GARGANTILLA MARIAN J14843', NULL, 0, 0, NULL, NULL, '2017-12-07'),
('5030672', 1, 1, 1, 1, 3, '29285832', 1, 1, 'ARETES MARIAN CRISTAL J14844', NULL, 0, 0, NULL, NULL, '2017-12-07'),
('5030673', 1, 1, 1, 1, 3, '29285832', 1, 1, 'ARETES MARIAN J14845', NULL, 0, 0, NULL, NULL, '2017-12-07'),
('5030674', 1, 1, 1, 1, 3, '29285832', 1, 1, 'PULSERA MARIAN J14846', NULL, 0, 0, NULL, NULL, '2017-12-07'),
('5030675', 1, 1, 1, 1, 3, '29285832', 1, 1, 'SET SORTIJAS BAHAMA GLITZ T5 J15189', NULL, 0, 0, NULL, NULL, '2017-12-07'),
('5030676', 1, 1, 1, 1, 3, '29285832', 1, 1, 'SET SORTIJAS BAHAMA GLITZ T6 J15189', NULL, 0, 0, NULL, NULL, '2017-12-07'),
('5030677', 1, 1, 1, 1, 3, '29285832', 1, 1, 'SET SORTIJAS BAHAMA GLITZ T7 J15189', NULL, 0, 0, NULL, NULL, '2017-12-07'),
('5030678', 1, 1, 1, 1, 3, '29285832', 1, 1, 'SET SORTIJAS BAHAMA GLITZ T8 J15189', NULL, 0, 0, NULL, NULL, '2017-12-07'),
('5030679', 1, 1, 1, 1, 3, '29285832', 1, 1, 'SET SORTIJAS BAHAMA GLITZ T9 J15189', NULL, 0, 0, NULL, NULL, '2017-12-07'),
('5030683', 1, 1, 1, 1, 3, '29285832', 1, 1, 'COLLAR SFERA FLORAL J14851', NULL, 0, 0, NULL, NULL, '2017-12-07'),
('5030684', 1, 1, 1, 1, 3, '29285832', 1, 1, 'ARETES SFERA FLORAL J14852', NULL, 0, 0, NULL, NULL, '2017-12-07'),
('5030685', 1, 1, 1, 1, 3, '29285832', 1, 1, 'SORTIJA FLORA ROMANZ T5 J14837', NULL, 0, 0, NULL, NULL, '2017-12-07'),
('5030686', 1, 1, 1, 1, 3, '29285832', 1, 1, 'SORTIJA FLORA ROMANZ T6 J14837', NULL, 0, 0, NULL, NULL, '2017-12-07'),
('5030687', 1, 1, 1, 1, 3, '29285832', 1, 1, 'SORTIJA FLORA ROMANZ T7 J14837', NULL, 0, 0, NULL, NULL, '2017-12-07'),
('5030688', 1, 1, 1, 1, 3, '29285832', 1, 1, 'SORTIJA FLORA ROMANZ T8 J14837', NULL, 0, 0, NULL, NULL, '2017-12-07'),
('5030689', 1, 1, 1, 1, 3, '29285832', 1, 1, 'SORTIJA FLORA ROMANZ T9 J14837', NULL, 0, 0, NULL, NULL, '2017-12-07'),
('5030695', 1, 1, 1, 1, 3, '29285832', 1, 1, 'SET SORTIJAS HELENA T5 J14850', NULL, 0, 0, NULL, NULL, '2017-12-07'),
('5030696', 1, 1, 1, 1, 3, '29285832', 1, 1, 'SET SORTIJAS HELENA T6 J14850', NULL, 0, 0, NULL, NULL, '2017-12-07'),
('5030697', 1, 1, 1, 1, 3, '29285832', 1, 1, 'SET SORTIJAS HELENA T7 J14850', NULL, 0, 0, NULL, NULL, '2017-12-07'),
('5030698', 1, 1, 1, 1, 3, '29285832', 1, 1, 'SET SORTIJAS HELENA T8 J14850', NULL, 0, 0, NULL, NULL, '2017-12-07'),
('5030699', 1, 1, 1, 1, 3, '29285832', 1, 1, 'SET SORTIJAS HELENA T9 J14850', NULL, 0, 0, NULL, NULL, '2017-12-07'),
('5030702', 1, 1, 1, 1, 3, '29285832', 1, 1, 'COLLAR ODALISK J14861', NULL, 0, 0, NULL, NULL, '2017-12-07'),
('5030703', 1, 1, 1, 1, 3, '29285832', 1, 1, 'ARETES ODALISK J14862', NULL, 0, 0, NULL, NULL, '2017-12-07'),
('5030704', 1, 1, 1, 1, 3, '29285832', 1, 1, 'ARETES ODALISK ROSE J14863', NULL, 0, 0, NULL, NULL, '2017-12-07'),
('5030705', 1, 1, 1, 1, 3, '29285832', 1, 1, 'PULSERA ODALISK J14864', NULL, 0, 0, NULL, NULL, '2017-12-07'),
('5030707', 1, 1, 1, 1, 3, '29285832', 1, 1, 'COLLAR ARQUETTE J14865', NULL, 0, 0, NULL, NULL, '2017-12-07'),
('5030708', 1, 1, 1, 1, 3, '29285832', 1, 1, 'ARETES ARQUETTE J14867', NULL, 0, 0, NULL, NULL, '2017-12-07'),
('5030709', 1, 1, 1, 1, 3, '29285832', 1, 1, 'COLLAR BELLE ISSY J14868', NULL, 0, 0, NULL, NULL, '2017-12-07'),
('5030710', 1, 1, 1, 1, 3, '29285832', 1, 1, 'ARETES BELLE ISSY J14869', NULL, 0, 0, NULL, NULL, '2017-12-07'),
('5030711', 1, 1, 1, 1, 3, '29285832', 1, 1, 'ARGOLLAS BELLE ISSY J14870', NULL, 0, 0, NULL, NULL, '2017-12-07'),
('5030712', 1, 1, 1, 1, 3, '29285832', 1, 1, 'COLECCION CONDEZZA J14872', NULL, 0, 0, NULL, NULL, '2017-12-07'),
('5030713', 1, 1, 1, 1, 3, '29285832', 1, 1, 'SET ARETES MEREDIT J14873', NULL, 0, 0, NULL, NULL, '2017-12-07'),
('5030724', 1, 1, 1, 1, 3, '29285832', 1, 1, 'PULSERA MADAME ROSE J14878', NULL, 0, 0, NULL, NULL, '2017-12-07'),
('5030729', 1, 1, 1, 1, 3, '29285832', 1, 1, 'COLLAR CLASSIQUE J14883', NULL, 0, 0, NULL, NULL, '2017-12-07'),
('5030731', 1, 1, 1, 1, 3, '29285832', 1, 1, 'SET ARETES CLASSIQUE J14885', NULL, 0, 0, NULL, NULL, '2017-12-07'),
('5030733', 1, 1, 1, 1, 3, '29285832', 1, 1, 'COLECCION NEO AMORE J14887', NULL, 0, 0, NULL, NULL, '2017-12-07'),
('5030734', 1, 1, 1, 1, 3, '29285832', 1, 1, 'COLECCION RUBY PERLE J14888', NULL, 0, 0, NULL, NULL, '2017-12-07'),
('5030735', 1, 1, 1, 1, 3, '29285832', 1, 1, 'SET COLLARES CRUZ ROMAN J14889', NULL, 0, 0, NULL, NULL, '2017-12-07'),
('5030736', 1, 1, 1, 1, 3, '29285832', 1, 1, 'SET ARETES AQUA SABINE J14891', NULL, 0, 0, NULL, NULL, '2017-12-07'),
('5030737', 1, 1, 1, 1, 3, '29285832', 1, 1, 'SET ARETES DIVINE GLITZ J14892', NULL, 0, 0, NULL, NULL, '2017-12-07'),
('5030740', 1, 1, 1, 1, 3, '29285832', 1, 1, 'SET ARETES CALIPSO BLU J14895', NULL, 0, 0, NULL, NULL, '2017-12-07'),
('5030741', 1, 1, 1, 1, 3, '29285832', 1, 1, 'COLECCION FANTASY J14896', NULL, 0, 0, NULL, NULL, '2017-12-07'),
('5030742', 1, 1, 1, 1, 3, '29285832', 1, 1, 'SET ARETES FANTASY J14897', NULL, 0, 0, NULL, NULL, '2017-12-07'),
('5030743', 1, 1, 1, 1, 3, '29285832', 1, 1, 'SET ARETES AMALITA J14898', NULL, 0, 0, NULL, NULL, '2017-12-07'),
('5030746', 1, 1, 1, 1, 3, '29285832', 1, 1, 'CADENA VIRGEN DE LOURDES J14902', NULL, 0, 0, NULL, NULL, '2017-12-07'),
('5030748', 1, 1, 1, 1, 3, '29285832', 1, 1, 'ESCLAVA CIVILE J14903', NULL, 0, 0, NULL, NULL, '2017-12-07'),
('5030750', 1, 1, 1, 1, 3, '29285832', 1, 1, 'COLLAR AFRODINNE J14908', NULL, 0, 0, NULL, NULL, '2017-12-07'),
('5030751', 1, 1, 1, 1, 3, '29285832', 1, 1, 'ARETES AFRODINNE GLAM J14909', NULL, 0, 0, NULL, NULL, '2017-12-07'),
('5030752', 1, 1, 1, 1, 3, '29285832', 1, 1, 'ARETES AFRODINNE J14910', NULL, 0, 0, NULL, NULL, '2017-12-07'),
('5030753', 1, 1, 1, 1, 3, '29285832', 1, 1, 'PULSERA AFRODINNE J14911', NULL, 0, 0, NULL, NULL, '2017-12-07'),
('5030754', 1, 1, 1, 1, 3, '29285832', 1, 1, 'GARGANTILLA MARQUESE J14912', NULL, 0, 0, NULL, NULL, '2017-12-07'),
('5030755', 1, 1, 1, 1, 3, '29285832', 1, 1, 'ARETES MARQUESE GLITZ J14913', NULL, 0, 0, NULL, NULL, '2017-12-07'),
('5030756', 1, 1, 1, 1, 3, '29285832', 1, 1, 'ARETES MARQUESE J14914', NULL, 0, 0, NULL, NULL, '2017-12-07'),
('5030757', 1, 1, 1, 1, 3, '29285832', 1, 1, 'ARETES MARQUESE COLOR J14915', NULL, 0, 0, NULL, NULL, '2017-12-07'),
('5030760', 1, 1, 1, 1, 3, '29285832', 1, 1, 'COLLAR NAVONA GLAM J14917', NULL, 0, 0, NULL, NULL, '2017-12-07'),
('5030762', 1, 1, 1, 1, 3, '29285832', 1, 1, 'ARETES NAVONA GLAM J14919', NULL, 0, 0, NULL, NULL, '2017-12-07'),
('5030765', 1, 1, 1, 1, 3, '29285832', 1, 1, 'SORTIJA MARQUESE T5 J14916', NULL, 0, 0, NULL, NULL, '2017-12-07'),
('5030766', 1, 1, 1, 1, 3, '29285832', 1, 1, 'SORTIJA MARQUESE T6 J14916', NULL, 0, 0, NULL, NULL, '2017-12-07'),
('5030767', 1, 1, 1, 1, 3, '29285832', 1, 1, 'SORTIJA MARQUESE T7 J14916', NULL, 0, 0, NULL, NULL, '2017-12-07'),
('5030768', 1, 1, 1, 1, 3, '29285832', 1, 1, 'SORTIJA MARQUESE T8 J14916', NULL, 0, 0, NULL, NULL, '2017-12-07'),
('5030769', 1, 1, 1, 1, 3, '29285832', 1, 1, 'SORTIJA MARQUESE T9 J14916', NULL, 0, 0, NULL, NULL, '2017-12-07'),
('5030770', 1, 1, 1, 1, 3, '29285832', 1, 1, 'COLECCION BORGUESE J14924', NULL, 0, 0, NULL, NULL, '2017-12-07'),
('5030777', 1, 1, 1, 1, 3, '29285832', 1, 1, 'SET ARETES TRIUNPH J14931', NULL, 0, 0, NULL, NULL, '2017-12-07'),
('5030782', 1, 1, 1, 1, 3, '29285832', 1, 1, 'COLLAR FLORENCE J14936', NULL, 0, 0, NULL, NULL, '2017-12-07'),
('5030783', 1, 1, 1, 1, 3, '29285832', 1, 1, 'ARETES FLORENCE CRISTAL J14937', NULL, 0, 0, NULL, NULL, '2017-12-07'),
('5030784', 1, 1, 1, 1, 3, '29285832', 1, 1, 'ARETES FLORENCE J14938', NULL, 0, 0, NULL, NULL, '2017-12-07'),
('5030794', 1, 1, 1, 1, 3, '29285832', 1, 1, 'COLECCION ROYAL PERLE J14945', NULL, 0, 0, NULL, NULL, '2017-12-07'),
('5030801', 1, 1, 1, 1, 3, '29285832', 1, 1, 'SET ARETES ROMAN COLOR J14948', NULL, 0, 0, NULL, NULL, '2017-12-07'),
('5030802', 1, 1, 1, 1, 3, '29285832', 1, 1, 'COLLAR BUHIC J14949', NULL, 0, 0, NULL, NULL, '2017-12-07'),
('5030803', 1, 1, 1, 1, 3, '29285832', 1, 1, 'ARETES BUHIC J14950', NULL, 0, 0, NULL, NULL, '2017-12-07'),
('5030804', 1, 1, 1, 1, 3, '29285832', 1, 1, 'ARETES BUHIC LOVE J14951', NULL, 0, 0, NULL, NULL, '2017-12-07'),
('5030806', 1, 1, 1, 1, 3, '29285832', 1, 1, 'COLLAR FLORAL GLITZ J14953', NULL, 0, 0, NULL, NULL, '2017-12-07'),
('5030808', 1, 1, 1, 1, 3, '29285832', 1, 1, 'COLLAR DORIC AMATIST J14955', NULL, 0, 0, NULL, NULL, '2017-12-07'),
('5030809', 1, 1, 1, 1, 3, '29285832', 1, 1, 'ARETES DORIC AMATIST J14956', NULL, 0, 0, NULL, NULL, '2017-12-07'),
('5030811', 1, 1, 1, 1, 3, '29285832', 1, 1, 'PULSERA ANGELICAL TESOR J14954', NULL, 0, 0, NULL, NULL, '2017-12-07'),
('5030814', 1, 1, 1, 1, 3, '29285832', 1, 1, 'PULSERA ETERNI LOVE J14960', NULL, 0, 0, NULL, NULL, '2017-12-07'),
('5030822', 1, 1, 1, 1, 3, '29285832', 1, 1, 'COLLAR SALVE SALVE J14968', NULL, 0, 0, NULL, NULL, '2017-12-07'),
('5030823', 1, 1, 1, 1, 3, '29285832', 1, 1, 'SET ARETES SALVE J14969', NULL, 0, 0, NULL, NULL, '2017-12-07'),
('5030824', 1, 1, 1, 1, 3, '29285832', 1, 1, 'COLECCION ANGELITO ROSE J14970', NULL, 0, 0, NULL, NULL, '2017-12-07'),
('5030825', 1, 1, 1, 1, 3, '29285832', 1, 1, 'SET ARETES ABEJITA COLOR J14971', NULL, 0, 0, NULL, NULL, '2017-12-07'),
('5030826', 1, 1, 1, 1, 3, '29285832', 1, 1, 'SET ARETES ROSITA LINDA J14972', NULL, 0, 0, NULL, NULL, '2017-12-07'),
('5030827', 1, 1, 1, 1, 3, '29285832', 1, 1, 'CADENA SINCLAIR J14973', NULL, 0, 0, NULL, NULL, '2017-12-07'),
('5030829', 1, 1, 1, 1, 3, '29285832', 1, 1, 'CADENA CAMELOTTI J14975', NULL, 0, 0, NULL, NULL, '2017-12-07'),
('5030830', 1, 1, 1, 1, 3, '29285832', 1, 1, 'ESCLAVA CAMELOTTI J14976', NULL, 0, 0, NULL, NULL, '2017-12-07'),
('5030831', 1, 1, 1, 1, 3, '29285832', 1, 1, 'PULSERA LUCKY COLOR J15194', NULL, 0, 0, NULL, NULL, '2017-12-07'),
('5030838', 1, 1, 1, 1, 3, '29285832', 1, 1, 'ARETES RED DELICAT J15201', NULL, 0, 0, NULL, NULL, '2017-12-07'),
('5030853', 1, 1, 1, 1, 3, '29285832', 1, 1, 'COLLAR BENDECIDA CHIC J15217', NULL, 0, 0, NULL, NULL, '2017-12-07'),
('5030854', 1, 1, 1, 1, 3, '29285832', 1, 1, 'BRAZALETE GRAPHIC J15218', NULL, 0, 0, NULL, NULL, '2017-12-07'),
('5030860', 1, 1, 1, 1, 3, '29285832', 1, 1, 'BRAZALETE OPT ART J15219', NULL, 0, 0, NULL, NULL, '2017-12-07'),
('5030865', 1, 1, 1, 1, 3, '29285832', 1, 1, 'SORTIJA TUYA SIEMPRE T5 J15224', NULL, 0, 0, NULL, NULL, '2017-12-07'),
('5030866', 1, 1, 1, 1, 3, '29285832', 1, 1, 'SORTIJA TUYA SIEMPRE T6 J15224', NULL, 0, 0, NULL, NULL, '2017-12-07'),
('5030867', 1, 1, 1, 1, 3, '29285832', 1, 1, 'SORTIJA TUYA SIEMPRE T7 J15224', NULL, 0, 0, NULL, NULL, '2017-12-07'),
('5030868', 1, 1, 1, 1, 3, '29285832', 1, 1, 'SORTIJA TUYA SIEMPRE T8 J15224', NULL, 0, 0, NULL, NULL, '2017-12-07'),
('5030869', 1, 1, 1, 1, 3, '29285832', 1, 1, 'SORTIJA TUYA SIEMPRE T9 J15224', NULL, 0, 0, NULL, NULL, '2017-12-07'),
('5030870', 1, 1, 1, 1, 3, '29285832', 1, 1, 'ARETES FLORA MIX J15227', NULL, 0, 0, NULL, NULL, '2017-12-07'),
('5030875', 1, 1, 1, 1, 3, '29285832', 1, 1, 'SORTIJA TUYA SIEMPRE GLAM T5 J15225', NULL, 0, 0, NULL, NULL, '2017-12-07'),
('5030876', 1, 1, 1, 1, 3, '29285832', 1, 1, 'SORTIJA TUYA SIEMPRE GLAM T6 J15225', NULL, 0, 0, NULL, NULL, '2017-12-07'),
('5030877', 1, 1, 1, 1, 3, '29285832', 1, 1, 'SORTIJA TUYA SIEMPRE GLAM T7 J15225', NULL, 0, 0, NULL, NULL, '2017-12-07'),
('5030878', 1, 1, 1, 1, 3, '29285832', 1, 1, 'SORTIJA TUYA SIEMPRE GLAM T8 J15225', NULL, 0, 0, NULL, NULL, '2017-12-07'),
('5030879', 1, 1, 1, 1, 3, '29285832', 1, 1, 'SORTIJA TUYA SIEMPRE GLAM T9 J15225', NULL, 0, 0, NULL, NULL, '2017-12-07'),
('5030880', 1, 1, 1, 1, 3, '29285832', 1, 1, 'SET PULSERAS COMPLEMENT J15232', NULL, 0, 0, NULL, NULL, '2017-12-07'),
('5030884', 1, 1, 1, 1, 3, '29285832', 1, 1, 'COLLAR TERRANOVA J15033', NULL, 0, 0, NULL, NULL, '2017-12-07'),
('5030891', 1, 1, 1, 1, 3, '29285832', 1, 1, 'ARETES TERRANOVA BLIZ J15035', NULL, 0, 0, NULL, NULL, '2017-12-07'),
('5030935', 1, 1, 1, 1, 3, '29285832', 1, 1, 'COLLAR SIARA J15064', NULL, 0, 0, NULL, NULL, '2017-12-07'),
('5030941', 1, 1, 1, 1, 3, '29285832', 1, 1, 'PULSERA AMORI CRISTAL J15093', NULL, 0, 0, NULL, NULL, '2017-12-07'),
('5030942', 1, 1, 1, 1, 3, '29285832', 1, 1, 'COLLAR VANITEE J15076', NULL, 0, 0, NULL, NULL, '2017-12-07'),
('5030943', 1, 1, 1, 1, 3, '29285832', 1, 1, 'SET ARETES VANITEE J15077', NULL, 0, 0, NULL, NULL, '2017-12-07'),
('5030944', 1, 1, 1, 1, 3, '29285832', 1, 1, 'ARETES VANITEE CRISTAL J15078', NULL, 0, 0, NULL, NULL, '2017-12-07'),
('5030945', 1, 1, 1, 1, 3, '29285832', 1, 1, 'PULSERA VANITEE FLOR J15079', NULL, 0, 0, NULL, NULL, '2017-12-07'),
('5030946', 1, 1, 1, 1, 3, '29285832', 1, 1, 'COLLAR DESIRE J15080', NULL, 0, 0, NULL, NULL, '2017-12-07'),
('5030947', 1, 1, 1, 1, 3, '29285832', 1, 1, 'ARETES DESIRE J15081', NULL, 0, 0, NULL, NULL, '2017-12-07'),
('5030949', 1, 1, 1, 1, 3, '29285832', 1, 1, 'ARETES DESIRE MIST J15083', NULL, 0, 0, NULL, NULL, '2017-12-07'),
('5030950', 1, 1, 1, 1, 3, '29285832', 1, 1, 'PULSERA DESIRE J15084', NULL, 0, 0, NULL, NULL, '2017-12-07'),
('5030954', 1, 1, 1, 1, 3, '29285832', 1, 1, 'COLLAR BLANC PETAL J15088', NULL, 0, 0, NULL, NULL, '2017-12-07'),
('5030957', 1, 1, 1, 1, 3, '29285832', 1, 1, 'COLECCION FLOR CELESTIAL J15091', NULL, 0, 0, NULL, NULL, '2017-12-07'),
('5030958', 1, 1, 1, 1, 3, '29285832', 1, 1, 'ARETES FLOR CELESTIAL J15092', NULL, 0, 0, NULL, NULL, '2017-12-07'),
('5030960', 1, 1, 1, 1, 3, '29285832', 1, 1, 'COLECCION SAFARI KIDS J15070', NULL, 0, 0, NULL, NULL, '2017-12-07'),
('5030961', 1, 1, 1, 1, 3, '29285832', 1, 1, 'SET ARETES MUNDI KIDS J15071', NULL, 0, 0, NULL, NULL, '2017-12-07'),
('5030962', 1, 1, 1, 1, 3, '29285832', 1, 1, 'SET ARETES SAFARI KIDS J15072', NULL, 0, 0, NULL, NULL, '2017-12-07'),
('5030963', 1, 1, 1, 1, 3, '29285832', 1, 1, 'CADENA TERRA INDOMITA J15073', NULL, 0, 0, NULL, NULL, '2017-12-07'),
('5030964', 1, 1, 1, 1, 3, '29285832', 1, 1, 'CADENA BENEDETTI J15074', NULL, 0, 0, NULL, NULL, '2017-12-07'),
('5030965', 1, 1, 1, 1, 3, '29285832', 1, 1, 'ESCLAVA BENEDETTI J15075', NULL, 0, 0, NULL, NULL, '2017-12-07'),
('5030967', 1, 1, 1, 1, 3, '29285832', 1, 1, 'PULSERA SIARA J15049', NULL, 0, 0, NULL, NULL, '2017-12-07'),
('5030971', 1, 1, 1, 1, 3, '29285832', 1, 1, 'ARETES BENDECIDA CHIC J15375', NULL, 0, 0, NULL, NULL, '2017-12-07'),
('5030972', 1, 1, 1, 1, 3, '29285832', 1, 1, 'PULSERA FLORAMA FEM J15376', NULL, 0, 0, NULL, NULL, '2017-12-07'),
('5030973', 1, 1, 1, 1, 3, '29285832', 1, 1, 'COLECCION MARIPOSA PINK J15377', NULL, 0, 0, NULL, NULL, '2017-12-07'),
('5030974', 1, 1, 1, 1, 3, '29285832', 1, 1, 'COLECCION CRUZ ROSATO J15378', NULL, 0, 0, NULL, NULL, '2017-12-07'),
('5030975', 1, 1, 1, 1, 3, '29285832', 1, 1, 'SET ARETES COLORI CRISTAL J15379', NULL, 0, 0, NULL, NULL, '2017-12-07');
INSERT INTO `producto` (`idProducto`, `idTipoProducto`, `idSubCategoria`, `idColor`, `idUnidadMedida`, `idTamaño`, `idColaborador`, `idEstado`, `idGenero`, `nombreCorto`, `descripcion`, `costoEstimado`, `puntoReposicion`, `urlImagen`, `urlProducto`, `fechaCreacion`) VALUES
('5030976', 1, 1, 1, 1, 3, '29285832', 1, 1, 'ARETES CELEBRATION GLAM J15125', NULL, 0, 0, NULL, NULL, '2017-12-07'),
('5030978', 1, 1, 1, 1, 3, '29285832', 1, 1, 'ARETES NAIROBI CHIC J15156', NULL, 0, 0, NULL, NULL, '2017-12-07'),
('5030979', 1, 1, 1, 1, 3, '29285832', 1, 1, 'ARETES KENIA J15108', NULL, 0, 0, NULL, NULL, '2017-12-07'),
('5030980', 1, 1, 1, 1, 3, '29285832', 1, 1, 'BRAZALETE KENIA J15110', NULL, 0, 0, NULL, NULL, '2017-12-07'),
('5030981', 1, 1, 1, 1, 3, '29285832', 1, 1, 'ARETES KENIA DORE J15109', NULL, 0, 0, NULL, NULL, '2017-12-07'),
('5030989', 1, 1, 1, 1, 3, '29285832', 1, 1, 'COLLAR CELEBRATION J15122', NULL, 0, 0, NULL, NULL, '2017-12-07'),
('5030990', 1, 1, 1, 1, 3, '29285832', 1, 1, 'COLLAR CELEBRATION CHIC J15123', NULL, 0, 0, NULL, NULL, '2017-12-07'),
('5030991', 1, 1, 1, 1, 3, '29285832', 1, 1, 'ARETES CELEBRATION CRISTAL J15124', NULL, 0, 0, NULL, NULL, '2017-12-07'),
('5030992', 1, 1, 1, 1, 3, '29285832', 1, 1, 'COLLAR LUNA BLACK J15126', NULL, 0, 0, NULL, NULL, '2017-12-07'),
('5030994', 1, 1, 1, 1, 3, '29285832', 1, 1, 'ARETES LUNA BLACK J15128', NULL, 0, 0, NULL, NULL, '2017-12-07'),
('5030995', 1, 1, 1, 1, 3, '29285832', 1, 1, 'SORTIJA LUNA BLACK T5 J15129', NULL, 0, 0, NULL, NULL, '2017-12-07'),
('5030996', 1, 1, 1, 1, 3, '29285832', 1, 1, 'SORTIJA LUNA BLACK T6 J15129', NULL, 0, 0, NULL, NULL, '2017-12-07'),
('5030997', 1, 1, 1, 1, 3, '29285832', 1, 1, 'SORTIJA LUNA BLACK T7 J15129', NULL, 0, 0, NULL, NULL, '2017-12-07'),
('5030998', 1, 1, 1, 1, 3, '29285832', 1, 1, 'SORTIJA LUNA BLACK T8 J15129', NULL, 0, 0, NULL, NULL, '2017-12-07'),
('5030999', 1, 1, 1, 1, 3, '29285832', 1, 1, 'SORTIJA LUNA BLACK T9 J15129', NULL, 0, 0, NULL, NULL, '2017-12-07'),
('5031004', 1, 1, 1, 1, 3, '29285832', 1, 1, 'COLECCION BLACK ROMANCE J15134', NULL, 0, 0, NULL, NULL, '2017-12-07'),
('5031008', 1, 1, 1, 1, 3, '29285832', 1, 1, 'SET ARETES GEM COLORI J15136', NULL, 0, 0, NULL, NULL, '2017-12-07'),
('5031009', 1, 1, 1, 1, 3, '29285832', 1, 1, 'SET ARETES ZAIBA J15157', NULL, 0, 0, NULL, NULL, '2017-12-07'),
('5031020', 1, 1, 1, 1, 3, '29285832', 1, 1, 'COLLAR VIRGEN DIVIN J15146', NULL, 0, 0, NULL, NULL, '2017-12-07'),
('5031021', 1, 1, 1, 1, 3, '29285832', 1, 1, 'ARETES VIRGEN DIVIN J15147', NULL, 0, 0, NULL, NULL, '2017-12-07'),
('5031022', 1, 1, 1, 1, 3, '29285832', 1, 1, 'PULSERA VIRGEN DIVIN J15148', NULL, 0, 0, NULL, NULL, '2017-12-07'),
('5031023', 1, 1, 1, 1, 3, '29285832', 1, 1, 'COLECCION CORI ROSE J15150', NULL, 0, 0, NULL, NULL, '2017-12-07'),
('5031024', 1, 1, 1, 1, 3, '29285832', 1, 1, 'SET ARETES CORI ROSE J15151', NULL, 0, 0, NULL, NULL, '2017-12-07'),
('5031025', 1, 1, 1, 1, 3, '29285832', 1, 1, 'SET ARETES FLORILOVE J15152', NULL, 0, 0, NULL, NULL, '2017-12-07'),
('5031026', 1, 1, 1, 1, 3, '29285832', 1, 1, 'CADENA MILAGROSA J15153', NULL, 0, 0, NULL, NULL, '2017-12-07'),
('5031027', 1, 1, 1, 1, 3, '29285832', 1, 1, 'ESCLAVA MILAGROSA J15154', NULL, 0, 0, NULL, NULL, '2017-12-07'),
('5031029', 1, 1, 1, 1, 3, '29285832', 1, 1, 'COLLAR NAIROBI GLAM J15103', NULL, 0, 0, NULL, NULL, '2017-12-07'),
('5031030', 1, 1, 1, 1, 3, '29285832', 1, 1, 'ARETES NAIROBI GLAM J15104', NULL, 0, 0, NULL, NULL, '2017-12-07'),
('5031031', 1, 1, 1, 1, 3, '29285832', 1, 1, 'PULSERA NAIROBI GLAM J15105', NULL, 0, 0, NULL, NULL, '2017-12-07'),
('5031032', 1, 1, 1, 1, 3, '29285832', 1, 1, 'COLLAR KENIA DORE J15107', NULL, 0, 0, NULL, NULL, '2017-12-07'),
('5031033', 1, 1, 1, 1, 3, '29285832', 1, 1, 'ARETES KANYE J15137', NULL, 0, 0, NULL, NULL, '2017-12-07'),
('5031040', 1, 1, 1, 1, 3, '29285832', 1, 1, 'SET COLLARES CROSS GLAM J15141', NULL, 0, 0, NULL, NULL, '2017-12-07'),
('5031042', 1, 1, 1, 1, 3, '29285832', 1, 1, 'COLECCION BLESSING J15149', NULL, 0, 0, NULL, NULL, '2017-12-07'),
('5031046', 1, 1, 1, 1, 3, '29285832', 1, 1, 'GARGANTILLA STARLUXE J15383', NULL, 0, 0, NULL, NULL, '2017-12-07'),
('5031047', 1, 1, 1, 1, 3, '29285832', 1, 1, 'ARETES STARLUXE J15384', NULL, 0, 0, NULL, NULL, '2017-12-07'),
('5031048', 1, 1, 1, 1, 3, '29285832', 1, 1, 'SET ARETES PERLALUXE J15385', NULL, 0, 0, NULL, NULL, '2017-12-07'),
('5031050', 1, 1, 1, 1, 3, '29285832', 1, 1, 'COLLAR HELENA GLAM J15387', NULL, 0, 0, NULL, NULL, '2017-12-07'),
('5031051', 1, 1, 1, 1, 3, '29285832', 1, 1, 'ARETES HELENA GLAM J15388', NULL, 0, 0, NULL, NULL, '2017-12-07'),
('5031052', 1, 1, 1, 1, 3, '29285832', 1, 1, 'ARETES TWIST GLAM J15389', NULL, 0, 0, NULL, NULL, '2017-12-07'),
('5031053', 1, 1, 1, 1, 3, '29285832', 1, 1, 'COLLAR CAMELI DORE J15390', NULL, 0, 0, NULL, NULL, '2017-12-07'),
('5031054', 1, 1, 1, 1, 3, '29285832', 1, 1, 'PIN NEO DORE J15391', NULL, 0, 0, NULL, NULL, '2017-12-07'),
('5031055', 1, 1, 1, 1, 3, '29285832', 1, 1, 'ARETES NEO DORE J15392', NULL, 0, 0, NULL, NULL, '2017-12-07'),
('5031056', 1, 1, 1, 1, 3, '29285832', 1, 1, 'ARETES CAMELI DORE J15393', NULL, 0, 0, NULL, NULL, '2017-12-07'),
('5031058', 1, 1, 1, 1, 3, '29285832', 1, 1, 'ARGOLLAS LUZ ROMANTIC J15395', NULL, 0, 0, NULL, NULL, '2017-12-07'),
('5031064', 1, 1, 1, 1, 3, '29285832', 1, 1, 'COLLAR MARIBEL J15401', NULL, 0, 0, NULL, NULL, '2017-12-07'),
('5031065', 1, 1, 1, 1, 3, '29285832', 1, 1, 'ARETES MARIBEL J15402', NULL, 0, 0, NULL, NULL, '2017-12-07'),
('5031066', 1, 1, 1, 1, 3, '29285832', 1, 1, 'ARETES PERLA DREAM J15403', NULL, 0, 0, NULL, NULL, '2017-12-07'),
('5031071', 1, 1, 1, 1, 3, '29285832', 1, 1, 'ARETES VIBRANT CITY J15408', NULL, 0, 0, NULL, NULL, '2017-12-07'),
('5031072', 1, 1, 1, 1, 3, '29285832', 1, 1, 'ARETES DREAM GLITZ J15409', NULL, 0, 0, NULL, NULL, '2017-12-07'),
('5031073', 1, 1, 1, 1, 3, '29285832', 1, 1, 'ARETES MARIPOSA DE SEDA J15410', NULL, 0, 0, NULL, NULL, '2017-12-07'),
('5031074', 1, 1, 1, 1, 3, '29285832', 1, 1, 'ARETES FLORA CRISTAL J15411', NULL, 0, 0, NULL, NULL, '2017-12-07'),
('5031076', 1, 1, 1, 1, 3, '29285832', 1, 1, 'COLLAR ARROW GLAM J15413', NULL, 0, 0, NULL, NULL, '2017-12-07'),
('5031077', 1, 1, 1, 1, 3, '29285832', 1, 1, 'ARETES ARROW GLAM J15414', NULL, 0, 0, NULL, NULL, '2017-12-07'),
('5031079', 1, 1, 1, 1, 3, '29285832', 1, 1, 'ARETES ROYAL PERLE J15416', NULL, 0, 0, NULL, NULL, '2017-12-07'),
('5031082', 1, 1, 1, 1, 3, '29285832', 1, 1, 'ARETES MADAME ROSE J15434', NULL, 0, 0, NULL, NULL, '2017-12-07'),
('5031083', 1, 1, 1, 1, 3, '29285832', 1, 1, 'COLECCION DANDRIA J15435', NULL, 0, 0, NULL, NULL, '2017-12-07'),
('5031087', 1, 1, 1, 1, 3, '29285832', 1, 1, 'PULSERA ASTRAL - DIAMANTI J15421', NULL, 0, 0, NULL, NULL, '2017-12-07'),
('5031088', 1, 1, 1, 1, 3, '29285832', 1, 1, 'PULSERA ASTRAL - EMERALD J15422', NULL, 0, 0, NULL, NULL, '2017-12-07'),
('5031090', 1, 1, 1, 1, 3, '29285832', 1, 1, 'PULSERA ASTRAL - RUBY J15424', NULL, 0, 0, NULL, NULL, '2017-12-07'),
('5031092', 1, 1, 1, 1, 3, '29285832', 1, 1, 'PULSERA ASTRAL - SAFIRE J15426', NULL, 0, 0, NULL, NULL, '2017-12-07'),
('5031093', 1, 1, 1, 1, 3, '29285832', 1, 1, 'PULSERA ASTRAL - ROSE J15427', NULL, 0, 0, NULL, NULL, '2017-12-07'),
('5031094', 1, 1, 1, 1, 3, '29285832', 1, 1, 'PULSERA ASTRAL - CITRINE J15428', NULL, 0, 0, NULL, NULL, '2017-12-07'),
('5031112', 1, 1, 1, 1, 3, '29285832', 1, 1, 'COLECCION TRESSOR PERLA J15452', NULL, 0, 0, NULL, NULL, '2017-12-07'),
('5031113', 1, 1, 1, 1, 3, '29285832', 1, 1, 'SET PULSERAS BUHIC LOVE J15454', NULL, 0, 0, NULL, NULL, '2017-12-07'),
('5031114', 1, 1, 1, 1, 3, '29285832', 1, 1, 'ARETES FLORAL GLITZ J15455', NULL, 0, 0, NULL, NULL, '2017-12-07'),
('5031115', 1, 1, 1, 1, 3, '29285832', 1, 1, 'SORTIJA NAVONA GLAM T5 J15453', NULL, 0, 0, NULL, NULL, '2017-12-07'),
('5031116', 1, 1, 1, 1, 3, '29285832', 1, 1, 'SORTIJA NAVONA GLAM T6 J15453', NULL, 0, 0, NULL, NULL, '2017-12-07'),
('5031117', 1, 1, 1, 1, 3, '29285832', 1, 1, 'SORTIJA NAVONA GLAM T7 J15453', NULL, 0, 0, NULL, NULL, '2017-12-07'),
('5031118', 1, 1, 1, 1, 3, '29285832', 1, 1, 'SORTIJA NAVONA GLAM T8 J15453', NULL, 0, 0, NULL, NULL, '2017-12-07'),
('5031119', 1, 1, 1, 1, 3, '29285832', 1, 1, 'SORTIJA NAVONA GLAM T9 J15453', NULL, 0, 0, NULL, NULL, '2017-12-07'),
('5031120', 1, 1, 1, 1, 3, '29285832', 1, 1, 'ARETES SALVE SALVE J15456', NULL, 0, 0, NULL, NULL, '2017-12-07'),
('5031121', 1, 1, 1, 1, 3, '29285832', 1, 1, 'ARETES BORGUESE J15457', NULL, 0, 0, NULL, NULL, '2017-12-07'),
('5031122', 1, 1, 1, 1, 3, '29285832', 1, 1, 'COLECCION ELEFANTE BLING J15458', NULL, 0, 0, NULL, NULL, '2017-12-07'),
('5031123', 1, 1, 1, 1, 3, '29285832', 1, 1, 'COLECCION ANGEL LOVE J15459', NULL, 0, 0, NULL, NULL, '2017-12-07'),
('5031124', 1, 1, 1, 1, 3, '29285832', 1, 1, 'COLLAR FLORAL ELEMENT J15237', NULL, 0, 0, NULL, NULL, '2017-12-07'),
('5031125', 1, 1, 1, 1, 3, '29285832', 1, 1, 'ARETES FLORAL ELEMENT J15238', NULL, 0, 0, NULL, NULL, '2017-12-07'),
('5031126', 1, 1, 1, 1, 3, '29285832', 1, 1, 'ARETES FLORAL GLAM J15239', NULL, 0, 0, NULL, NULL, '2017-12-07'),
('5031127', 1, 1, 1, 1, 3, '29285832', 1, 1, 'BRAZALETE FLORAL ELEMENT J15240', NULL, 0, 0, NULL, NULL, '2017-12-07'),
('5031128', 1, 1, 1, 1, 3, '29285832', 1, 1, 'GARGANTILLA SFERA ELEGANT J15241', NULL, 0, 0, NULL, NULL, '2017-12-07'),
('5031129', 1, 1, 1, 1, 3, '29285832', 1, 1, 'SET ARETES SFERA ELEGANT J15242', NULL, 0, 0, NULL, NULL, '2017-12-07'),
('5031130', 1, 1, 1, 1, 3, '29285832', 1, 1, 'COLLAR PERLA LUNESSE J15243', NULL, 0, 0, NULL, NULL, '2017-12-07'),
('5031131', 1, 1, 1, 1, 3, '29285832', 1, 1, 'ARETES LUNESSE BLUE J15244', NULL, 0, 0, NULL, NULL, '2017-12-07'),
('5031132', 1, 1, 1, 1, 3, '29285832', 1, 1, 'ARETES LUNESSE CRISTAL J15245', NULL, 0, 0, NULL, NULL, '2017-12-07'),
('5031135', 1, 1, 1, 1, 3, '29285832', 1, 1, 'SET SORTIJAS LUNESSE CRISTAL T5 J15246', NULL, 0, 0, NULL, NULL, '2017-12-07'),
('5031136', 1, 1, 1, 1, 3, '29285832', 1, 1, 'SET SORTIJAS LUNESSE CRISTAL T6 J15246', NULL, 0, 0, NULL, NULL, '2017-12-07'),
('5031137', 1, 1, 1, 1, 3, '29285832', 1, 1, 'SET SORTIJAS LUNESSE CRISTAL T7 J15246', NULL, 0, 0, NULL, NULL, '2017-12-07'),
('5031138', 1, 1, 1, 1, 3, '29285832', 1, 1, 'SET SORTIJAS LUNESSE CRISTAL T8 J15246', NULL, 0, 0, NULL, NULL, '2017-12-07'),
('5031139', 1, 1, 1, 1, 3, '29285832', 1, 1, 'SET SORTIJAS LUNESSE CRISTAL T9 J15246', NULL, 0, 0, NULL, NULL, '2017-12-07'),
('5031141', 1, 1, 1, 1, 3, '29285832', 1, 1, 'COLLAR MAGIC QUARTZ J15250', NULL, 0, 0, NULL, NULL, '2017-12-07'),
('5031142', 1, 1, 1, 1, 3, '29285832', 1, 1, 'ARETES MAGIC QUARTZ J15251', NULL, 0, 0, NULL, NULL, '2017-12-07'),
('5031143', 1, 1, 1, 1, 3, '29285832', 1, 1, 'ARETES QUARTZ CHIC J15252', NULL, 0, 0, NULL, NULL, '2017-12-07'),
('5031144', 1, 1, 1, 1, 3, '29285832', 1, 1, 'PULSERA MAGIC QUARTZ J15253', NULL, 0, 0, NULL, NULL, '2017-12-07'),
('5031145', 1, 1, 1, 1, 3, '29285832', 1, 1, 'ARETES ABANIQUE PLAKE J15254', NULL, 0, 0, NULL, NULL, '2017-12-07'),
('5031149', 1, 1, 1, 1, 3, '29285832', 1, 1, 'COLLAR CINNAMAR J15258', NULL, 0, 0, NULL, NULL, '2017-12-07'),
('5031150', 1, 1, 1, 1, 3, '29285832', 1, 1, 'ARETES CINNAMAR CRISTAL J15259', NULL, 0, 0, NULL, NULL, '2017-12-07'),
('5031151', 1, 1, 1, 1, 3, '29285832', 1, 1, 'ARETES CINNAMAR J15260', NULL, 0, 0, NULL, NULL, '2017-12-07'),
('5031152', 1, 1, 1, 1, 3, '29285832', 1, 1, 'PULSERA CINNAMAR J15261', NULL, 0, 0, NULL, NULL, '2017-12-07'),
('5031153', 1, 1, 1, 1, 3, '29285832', 1, 1, 'COLLAR GEMA LUX J15262', NULL, 0, 0, NULL, NULL, '2017-12-07'),
('5031154', 1, 1, 1, 1, 3, '29285832', 1, 1, 'ARETES PERLA LUX J15263', NULL, 0, 0, NULL, NULL, '2017-12-07'),
('5031155', 1, 1, 1, 1, 3, '29285832', 1, 1, 'ARETES GEMA LUX J15264', NULL, 0, 0, NULL, NULL, '2017-12-07'),
('5031156', 1, 1, 1, 1, 3, '29285832', 1, 1, 'COLLAR SOLAZZE J15266', NULL, 0, 0, NULL, NULL, '2017-12-07'),
('5031157', 1, 1, 1, 1, 3, '29285832', 1, 1, 'ARETES SOLAZZE J15267', NULL, 0, 0, NULL, NULL, '2017-12-07'),
('5031158', 1, 1, 1, 1, 3, '29285832', 1, 1, 'ARETES SOLAZZE CRISTAL J15268', NULL, 0, 0, NULL, NULL, '2017-12-07'),
('5031159', 1, 1, 1, 1, 3, '29285832', 1, 1, 'COLECCION DIAFANNE J15269', NULL, 0, 0, NULL, NULL, '2017-12-07'),
('5031160', 1, 1, 1, 1, 3, '29285832', 1, 1, 'COLLAR LUNA BELLA J15270', NULL, 0, 0, NULL, NULL, '2017-12-07'),
('5031161', 1, 1, 1, 1, 3, '29285832', 1, 1, 'ARETES LUNA STAR J15271', NULL, 0, 0, NULL, NULL, '2017-12-07'),
('5031162', 1, 1, 1, 1, 3, '29285832', 1, 1, 'PULSERA GLAM ELEMENT J15272', NULL, 0, 0, NULL, NULL, '2017-12-07'),
('5031163', 1, 1, 1, 1, 3, '29285832', 1, 1, 'SET ARETES HARPER J15273', NULL, 0, 0, NULL, NULL, '2017-12-07'),
('5031165', 1, 1, 1, 1, 3, '29285832', 1, 1, 'SORTIJA GEMALUX T5 J15265', NULL, 0, 0, NULL, NULL, '2017-12-07'),
('5031166', 1, 1, 1, 1, 3, '29285832', 1, 1, 'SORTIJA GEMALUX T6 J15265', NULL, 0, 0, NULL, NULL, '2017-12-07'),
('5031167', 1, 1, 1, 1, 3, '29285832', 1, 1, 'SORTIJA GEMALUX T7 J15265', NULL, 0, 0, NULL, NULL, '2017-12-07'),
('5031168', 1, 1, 1, 1, 3, '29285832', 1, 1, 'SORTIJA GEMALUX T8 J15265', NULL, 0, 0, NULL, NULL, '2017-12-07'),
('5031169', 1, 1, 1, 1, 3, '29285832', 1, 1, 'SORTIJA GEMALUX T9 J15265', NULL, 0, 0, NULL, NULL, '2017-12-07'),
('5031170', 1, 1, 1, 1, 3, '29285832', 1, 1, 'COLECCION CRUZ GLAM J15275', NULL, 0, 0, NULL, NULL, '2017-12-07'),
('5031172', 1, 1, 1, 1, 3, '29285832', 1, 1, 'SET ARETES FORESTI J15277', NULL, 0, 0, NULL, NULL, '2017-12-07'),
('5031173', 1, 1, 1, 1, 3, '29285832', 1, 1, 'SET ARETES FLORIANA J15278', NULL, 0, 0, NULL, NULL, '2017-12-07'),
('5031174', 1, 1, 1, 1, 3, '29285832', 1, 1, 'CADENA FORT BLACK J15279', NULL, 0, 0, NULL, NULL, '2017-12-07'),
('5031175', 1, 1, 1, 1, 3, '29285832', 1, 1, 'ESCLAVA FORT BLACK J15280', NULL, 0, 0, NULL, NULL, '2017-12-07'),
('5031177', 1, 1, 1, 1, 3, '29285832', 1, 1, 'COLLAR HARMONY LOVE J15282', NULL, 0, 0, NULL, NULL, '2017-12-07'),
('5031178', 1, 1, 1, 1, 3, '29285832', 1, 1, 'ARETES HARMONY LOVE J15283', NULL, 0, 0, NULL, NULL, '2017-12-07'),
('5031179', 1, 1, 1, 1, 3, '29285832', 1, 1, 'ARETES HARMONY GLAM J15284', NULL, 0, 0, NULL, NULL, '2017-12-07'),
('5031180', 1, 1, 1, 1, 3, '29285832', 1, 1, 'PULSERA HARMONY LOVE J15285', NULL, 0, 0, NULL, NULL, '2017-12-07'),
('5031193', 1, 1, 1, 1, 3, '29285832', 1, 1, 'SET ARETES SYBIL J15294', NULL, 0, 0, NULL, NULL, '2017-12-07'),
('5031194', 1, 1, 1, 1, 3, '29285832', 1, 1, 'COLECCION PERLI ELEGANT J15295', NULL, 0, 0, NULL, NULL, '2017-12-07'),
('5031195', 1, 1, 1, 1, 3, '29285832', 1, 1, 'PULSERA SIMBOLIC LOVE J15296', NULL, 0, 0, NULL, NULL, '2017-12-07'),
('5031199', 1, 1, 1, 1, 3, '29285832', 1, 1, 'ARGOLLAS FLORENCE J15601', NULL, 0, 0, NULL, NULL, '2017-12-07'),
('5031200', 1, 1, 1, 1, 3, '29285832', 1, 1, 'ARETES FLORAL MIST J15602', NULL, 0, 0, NULL, NULL, '2017-12-07'),
('5031202', 1, 1, 1, 1, 3, '29285832', 1, 1, 'ARGOLLAS SALVE CRISTAL J15604', NULL, 0, 0, NULL, NULL, '2017-12-07'),
('5031203', 1, 1, 1, 1, 3, '29285832', 1, 1, 'PULSERA ETERNI LUCK J15605', NULL, 0, 0, NULL, NULL, '2017-12-07'),
('5031204', 1, 1, 1, 1, 3, '29285832', 1, 1, 'ARETES ANGELICAL TESOR J15606', NULL, 0, 0, NULL, NULL, '2017-12-07'),
('5031206', 1, 1, 1, 1, 3, '29285832', 1, 1, 'PULSERA DIVIN GREY J15302', NULL, 0, 0, NULL, NULL, '2017-12-07'),
('5031207', 1, 1, 1, 1, 3, '29285832', 1, 1, 'COLLAR BELLE NATURAL J15304', NULL, 0, 0, NULL, NULL, '2017-12-07'),
('5031208', 1, 1, 1, 1, 3, '29285832', 1, 1, 'ARETES DIVIN GREY J15300', NULL, 0, 0, NULL, NULL, '2017-12-07'),
('5031209', 1, 1, 1, 1, 3, '29285832', 1, 1, 'COLLAR DIVIN GREY J15299', NULL, 0, 0, NULL, NULL, '2017-12-07'),
('5031210', 1, 1, 1, 1, 3, '29285832', 1, 1, 'ARETES BELLE NATURAL J15305', NULL, 0, 0, NULL, NULL, '2017-12-07'),
('5031211', 1, 1, 1, 1, 3, '29285832', 1, 1, 'ARETES BELLE CRISTAL J15306', NULL, 0, 0, NULL, NULL, '2017-12-07'),
('5031212', 1, 1, 1, 1, 3, '29285832', 1, 1, 'PULSERA BELLE NATURAL J15307', NULL, 0, 0, NULL, NULL, '2017-12-07'),
('5031213', 1, 1, 1, 1, 3, '29285832', 1, 1, 'COLLAR TERRA PERLIZ J15308', NULL, 0, 0, NULL, NULL, '2017-12-07'),
('5031215', 1, 1, 1, 1, 3, '29285832', 1, 1, 'SORTIJA DIVIN GREY T5 J15303', NULL, 0, 0, NULL, NULL, '2017-12-07'),
('5031216', 1, 1, 1, 1, 3, '29285832', 1, 1, 'SORTIJA DIVIN GREY T6 J15303', NULL, 0, 0, NULL, NULL, '2017-12-07'),
('5031217', 1, 1, 1, 1, 3, '29285832', 1, 1, 'SORTIJA DIVIN GREY T7 J15303', NULL, 0, 0, NULL, NULL, '2017-12-07'),
('5031218', 1, 1, 1, 1, 3, '29285832', 1, 1, 'SORTIJA DIVIN GREY T8 J15303', NULL, 0, 0, NULL, NULL, '2017-12-07'),
('5031219', 1, 1, 1, 1, 3, '29285832', 1, 1, 'SORTIJA DIVIN GREY T9 J15303', NULL, 0, 0, NULL, NULL, '2017-12-07'),
('5031220', 1, 1, 1, 1, 3, '29285832', 1, 1, 'ARETES PERLIZ CRISTAL J15310', NULL, 0, 0, NULL, NULL, '2017-12-07'),
('5031224', 1, 1, 1, 1, 3, '29285832', 1, 1, 'COLECCION SILVESTRI J15314', NULL, 0, 0, NULL, NULL, '2017-12-07'),
('5031226', 1, 1, 1, 1, 3, '29285832', 1, 1, 'COLLAR AMORE CRISTALLI J15316', NULL, 0, 0, NULL, NULL, '2017-12-07'),
('5031227', 1, 1, 1, 1, 3, '29285832', 1, 1, 'ARETES AMORE CRISTALLI J15317', NULL, 0, 0, NULL, NULL, '2017-12-07'),
('5031229', 1, 1, 1, 1, 3, '29285832', 1, 1, 'PULSERA AMORE CRISTALLI J15319', NULL, 0, 0, NULL, NULL, '2017-12-07'),
('5031230', 1, 1, 1, 1, 3, '29285832', 1, 1, 'COLLAR IZADINNE J15320', NULL, 0, 0, NULL, NULL, '2017-12-07'),
('5031231', 1, 1, 1, 1, 3, '29285832', 1, 1, 'ARETES IZADINNE J15321', NULL, 0, 0, NULL, NULL, '2017-12-07'),
('5031234', 1, 1, 1, 1, 3, '29285832', 1, 1, 'ARETES IZADINNE GLAM J15322', NULL, 0, 0, NULL, NULL, '2017-12-07'),
('5031235', 1, 1, 1, 1, 3, '29285832', 1, 1, 'SORTIJA IZADINNE T5 J15323', NULL, 0, 0, NULL, NULL, '2017-12-07'),
('5031236', 1, 1, 1, 1, 3, '29285832', 1, 1, 'SORTIJA IZADINNE T6 J15323', NULL, 0, 0, NULL, NULL, '2017-12-07'),
('5031237', 1, 1, 1, 1, 3, '29285832', 1, 1, 'SORTIJA IZADINNE T7 J15323', NULL, 0, 0, NULL, NULL, '2017-12-07'),
('5031238', 1, 1, 1, 1, 3, '29285832', 1, 1, 'SORTIJA IZADINNE T8 J15323', NULL, 0, 0, NULL, NULL, '2017-12-07'),
('5031239', 1, 1, 1, 1, 3, '29285832', 1, 1, 'SORTIJA IZADINNE T9 J15323', NULL, 0, 0, NULL, NULL, '2017-12-07'),
('5031241', 1, 1, 1, 1, 3, '29285832', 1, 1, 'COLECCION IN DORET J15327', NULL, 0, 0, NULL, NULL, '2017-12-07'),
('5031245', 1, 1, 1, 1, 3, '29285832', 1, 1, 'ARETES STAR MOON J15331', NULL, 0, 0, NULL, NULL, '2017-12-07'),
('5031246', 1, 1, 1, 1, 3, '29285832', 1, 1, 'ARETES SOLAR MIST J15332', NULL, 0, 0, NULL, NULL, '2017-12-07'),
('5031247', 1, 1, 1, 1, 3, '29285832', 1, 1, 'ARETES AQUA ESTELAR J15333', NULL, 0, 0, NULL, NULL, '2017-12-07'),
('5031248', 1, 1, 1, 1, 3, '29285832', 1, 1, 'ARETES PROVENZE COLOR J15334', NULL, 0, 0, NULL, NULL, '2017-12-07'),
('5031254', 1, 1, 1, 1, 3, '29285832', 1, 1, 'COLLAR DIVINE ROSE J15340', NULL, 0, 0, NULL, NULL, '2017-12-07'),
('5031255', 1, 1, 1, 1, 3, '29285832', 1, 1, 'ARETES DIVINE ROSE J15341', NULL, 0, 0, NULL, NULL, '2017-12-07'),
('5031256', 1, 1, 1, 1, 3, '29285832', 1, 1, 'PULSERA DIVINE ROSE J15342', NULL, 0, 0, NULL, NULL, '2017-12-07'),
('5031258', 1, 1, 1, 1, 3, '29285832', 1, 1, 'COLLAR CANDENT J15344', NULL, 0, 0, NULL, NULL, '2017-12-07'),
('5031259', 1, 1, 1, 1, 3, '29285832', 1, 1, 'ARETES CANDENT CRISTAL J15345', NULL, 0, 0, NULL, NULL, '2017-12-07'),
('5031263', 1, 1, 1, 1, 3, '29285832', 1, 1, 'COLLAR STELLAR MOON J15349', NULL, 0, 0, NULL, NULL, '2017-12-07'),
('5031265', 1, 1, 1, 1, 3, '29285832', 1, 1, 'ARETES STELLAR MOON J15351', NULL, 0, 0, NULL, NULL, '2017-12-07'),
('5031266', 1, 1, 1, 1, 3, '29285832', 1, 1, 'PULSERA STELLAR MOON J15352', NULL, 0, 0, NULL, NULL, '2017-12-07'),
('5031267', 1, 1, 1, 1, 3, '29285832', 1, 1, 'COLECCION RUBI LOVE J15353', NULL, 0, 0, NULL, NULL, '2017-12-07'),
('5031268', 1, 1, 1, 1, 3, '29285832', 1, 1, 'PULSERA RUBI LOVE J15355', NULL, 0, 0, NULL, NULL, '2017-12-07'),
('5031269', 1, 1, 1, 1, 3, '29285832', 1, 1, 'COLLAR AMY LOVE J15356', NULL, 0, 0, NULL, NULL, '2017-12-07'),
('5031272', 1, 1, 1, 1, 3, '29285832', 1, 1, 'SET ARETES BRILLO FIX J15359', NULL, 0, 0, NULL, NULL, '2017-12-07'),
('5031273', 1, 1, 1, 1, 3, '29285832', 1, 1, 'COLECCION STAR KIDS J15360', NULL, 0, 0, NULL, NULL, '2017-12-07'),
('5031274', 1, 1, 1, 1, 3, '29285832', 1, 1, 'SET ARETES AMORI KIDS J15361', NULL, 0, 0, NULL, NULL, '2017-12-07'),
('5031275', 1, 1, 1, 1, 3, '29285832', 1, 1, 'SORTIJA LOVE CRISTAL T5 J15354', NULL, 0, 0, NULL, NULL, '2017-12-07'),
('5031276', 1, 1, 1, 1, 3, '29285832', 1, 1, 'SORTIJA LOVE CRISTAL T6 J15354', NULL, 0, 0, NULL, NULL, '2017-12-07'),
('5031277', 1, 1, 1, 1, 3, '29285832', 1, 1, 'SORTIJA LOVE CRISTAL T7 J15354', NULL, 0, 0, NULL, NULL, '2017-12-07'),
('5031278', 1, 1, 1, 1, 3, '29285832', 1, 1, 'SORTIJA LOVE CRISTAL T8 J15354', NULL, 0, 0, NULL, NULL, '2017-12-07'),
('5031279', 1, 1, 1, 1, 3, '29285832', 1, 1, 'SORTIJA LOVE CRISTAL T9 J15354', NULL, 0, 0, NULL, NULL, '2017-12-07'),
('5031280', 1, 1, 1, 1, 3, '29285832', 1, 1, 'SET ARETES DULCI AMOR J15362', NULL, 0, 0, NULL, NULL, '2017-12-07'),
('5031281', 1, 1, 1, 1, 3, '29285832', 1, 1, 'CADENA STAURUS J15363', NULL, 0, 0, NULL, NULL, '2017-12-07'),
('5031282', 1, 1, 1, 1, 3, '29285832', 1, 1, 'ESCLAVA STAURUS J15364', NULL, 0, 0, NULL, NULL, '2017-12-07'),
('5031284', 1, 1, 1, 1, 3, '29285832', 1, 1, 'ARETES NAVONA CHIC J15607', NULL, 0, 0, NULL, NULL, '2017-12-07'),
('5031285', 1, 1, 1, 1, 3, '29285832', 1, 1, 'COLLAR DIAMANTE DIVINE J15608', NULL, 0, 0, NULL, NULL, '2017-12-07'),
('5031286', 1, 1, 1, 1, 3, '29285832', 1, 1, 'ARETES DIAMANTE GLITZ J15609', NULL, 0, 0, NULL, NULL, '2017-12-07'),
('5031287', 1, 1, 1, 1, 3, '29285832', 1, 1, 'ARETES DIAMANTE DIVINE J15610', NULL, 0, 0, NULL, NULL, '2017-12-07'),
('5031288', 1, 1, 1, 1, 3, '29285832', 1, 1, 'PULSERA DIAMANTE DIVINE J15611', NULL, 0, 0, NULL, NULL, '2017-12-07'),
('5031291', 1, 1, 1, 1, 3, '29285832', 1, 1, 'ARETES CARELLI CRISTAL J15614', NULL, 0, 0, NULL, NULL, '2017-12-07'),
('5031292', 1, 1, 1, 1, 3, '29285832', 1, 1, 'COLECCION TUTTI CRISTAL J15615', NULL, 0, 0, NULL, NULL, '2017-12-07'),
('5031293', 1, 1, 1, 1, 3, '29285832', 1, 1, 'ARETES NAIROBI CRISTAL J15616', NULL, 0, 0, NULL, NULL, '2017-12-07'),
('5031298', 1, 1, 1, 1, 3, '29285832', 1, 1, 'COLLAR SIARA CRISTAL J15621', NULL, 0, 0, NULL, NULL, '2017-12-07'),
('5031299', 1, 1, 1, 1, 3, '29285832', 1, 1, 'ARETES SIARA J15622', NULL, 0, 0, NULL, NULL, '2017-12-07'),
('5031300', 1, 1, 1, 1, 3, '29285832', 1, 1, 'ARETES SIARA CRISTAL J15623', NULL, 0, 0, NULL, NULL, '2017-12-07'),
('5031301', 1, 1, 1, 1, 3, '29285832', 1, 1, 'PULSERA SIARA CRISTAL J15624', NULL, 0, 0, NULL, NULL, '2017-12-07'),
('5031303', 1, 1, 1, 1, 3, '29285832', 1, 1, 'ARETES BLANC PETAL J15626', NULL, 0, 0, NULL, NULL, '2017-12-07'),
('5031304', 1, 1, 1, 1, 3, '29285832', 1, 1, 'COLECCION PERLA CORAZON J15627', NULL, 0, 0, NULL, NULL, '2017-12-07'),
('5031305', 1, 1, 1, 1, 3, '29285832', 1, 1, 'COLECCION RUBY FEM J15628', NULL, 0, 0, NULL, NULL, '2017-12-07'),
('5031306', 1, 1, 1, 1, 3, '29285832', 1, 1, 'COLECCION CORAZON ZAFIRO J15629', NULL, 0, 0, NULL, NULL, '2017-12-07'),
('5031309', 1, 1, 1, 1, 3, '29285832', 1, 1, 'COLLAR CUADRATTI GLAM J15632', NULL, 0, 0, NULL, NULL, '2017-12-07'),
('5031311', 1, 1, 1, 1, 3, '29285832', 1, 1, 'PULSERA CUADRATTI GLAM J15634', NULL, 0, 0, NULL, NULL, '2017-12-07'),
('5031315', 1, 1, 1, 1, 3, '29285832', 1, 1, 'SORTIJA CUADRATTI GLAM T5 J9893', NULL, 0, 0, NULL, NULL, '2017-12-07'),
('5031316', 1, 1, 1, 1, 3, '29285832', 1, 1, 'SORTIJA CUADRATTI GLAM T6 J9893', NULL, 0, 0, NULL, NULL, '2017-12-07'),
('5031317', 1, 1, 1, 1, 3, '29285832', 1, 1, 'SORTIJA CUADRATTI GLAM T7 J9893', NULL, 0, 0, NULL, NULL, '2017-12-07'),
('5031318', 1, 1, 1, 1, 3, '29285832', 1, 1, 'SORTIJA CUADRATTI GLAM T8 J9893', NULL, 0, 0, NULL, NULL, '2017-12-07'),
('5031319', 1, 1, 1, 1, 3, '29285832', 1, 1, 'SORTIJA CUADRATTI GLAM T9 J9893', NULL, 0, 0, NULL, NULL, '2017-12-07'),
('5031321', 1, 1, 1, 1, 3, '29285832', 1, 1, 'PULSERA IZADINNE J15641', NULL, 0, 0, NULL, NULL, '2017-12-07'),
('5031325', 1, 1, 1, 1, 3, '29285832', 1, 1, 'SORTIJA DIAMANTI DELUXE T5 J15636', NULL, 0, 0, NULL, NULL, '2017-12-07'),
('5031326', 1, 1, 1, 1, 3, '29285832', 1, 1, 'SORTIJA DIAMANTI DELUXE T6 J15636', NULL, 0, 0, NULL, NULL, '2017-12-07'),
('5031327', 1, 1, 1, 1, 3, '29285832', 1, 1, 'SORTIJA DIAMANTI DELUXE T7 J15636', NULL, 0, 0, NULL, NULL, '2017-12-07'),
('5031328', 1, 1, 1, 1, 3, '29285832', 1, 1, 'SORTIJA DIAMANTI DELUXE T8 J15636', NULL, 0, 0, NULL, NULL, '2017-12-07'),
('5031329', 1, 1, 1, 1, 3, '29285832', 1, 1, 'SORTIJA DIAMANTI DELUXE T9 J15636', NULL, 0, 0, NULL, NULL, '2017-12-07'),
('5031330', 1, 1, 1, 1, 3, '29285832', 1, 1, 'ARETES ISSY COLOR J15645', NULL, 0, 0, NULL, NULL, '2017-12-07'),
('5031331', 1, 1, 1, 1, 3, '29285832', 1, 1, 'ARETES AMORI CRISTAL J15646', NULL, 0, 0, NULL, NULL, '2017-12-07'),
('5031332', 1, 1, 1, 1, 3, '29285832', 1, 1, 'ARETES RUBY FEM J15647', NULL, 0, 0, NULL, NULL, '2017-12-07'),
('5031336', 1, 1, 1, 1, 3, '29285832', 1, 1, 'ARGOLLAS TERRANOVA J15651', NULL, 0, 0, NULL, NULL, '2017-12-07'),
('5031338', 1, 1, 1, 1, 3, '29285832', 1, 1, 'ARETES BLACK ROMANCE J15653', NULL, 0, 0, NULL, NULL, '2017-12-07'),
('5031347', 1, 1, 1, 1, 3, '29285832', 1, 1, 'ARGOLLAS SAHARA FLOR J15662', NULL, 0, 0, NULL, NULL, '2017-12-07'),
('5031348', 1, 1, 1, 1, 3, '29285832', 1, 1, 'ARGOLLAS SAHARA GREY J15663', NULL, 0, 0, NULL, NULL, '2017-12-07'),
('5031349', 1, 1, 1, 1, 3, '29285832', 1, 1, 'ARETES CELEBRATION CHIC J15664', NULL, 0, 0, NULL, NULL, '2017-12-07'),
('5031350', 1, 1, 1, 1, 3, '29285832', 1, 1, 'COLLAR ECLIPSE CRISTAL J15665', NULL, 0, 0, NULL, NULL, '2017-12-07'),
('5031351', 1, 1, 1, 1, 3, '29285832', 1, 1, 'ARETES ECLIPSE GLAM J15666', NULL, 0, 0, NULL, NULL, '2017-12-07'),
('5031353', 1, 1, 1, 1, 3, '29285832', 1, 1, 'PULSERA ECLIPSE CRISTAL J15669', NULL, 0, 0, NULL, NULL, '2017-12-07'),
('5031354', 1, 1, 1, 1, 3, '29285832', 1, 1, 'ARETES TERRA CRISTAL J15670', NULL, 0, 0, NULL, NULL, '2017-12-07'),
('5031355', 1, 1, 1, 1, 3, '29285832', 1, 1, 'SORTIJA ECLIPSE CRISTAL T5 J15668', NULL, 0, 0, NULL, NULL, '2017-12-07'),
('5031356', 1, 1, 1, 1, 3, '29285832', 1, 1, 'SORTIJA ECLIPSE CRISTAL T6 J15668', NULL, 0, 0, NULL, NULL, '2017-12-07'),
('5031357', 1, 1, 1, 1, 3, '29285832', 1, 1, 'SORTIJA ECLIPSE CRISTAL T7 J15668', NULL, 0, 0, NULL, NULL, '2017-12-07'),
('5031358', 1, 1, 1, 1, 3, '29285832', 1, 1, 'SORTIJA ECLIPSE CRISTAL T8 J15668', NULL, 0, 0, NULL, NULL, '2017-12-07'),
('5031359', 1, 1, 1, 1, 3, '29285832', 1, 1, 'SORTIJA ECLIPSE CRISTAL T9 J15668', NULL, 0, 0, NULL, NULL, '2017-12-07'),
('5031360', 1, 1, 1, 1, 3, '29285832', 1, 1, 'ARETES ARTISAN CHIC J15671', NULL, 0, 0, NULL, NULL, '2017-12-07'),
('5031361', 1, 1, 1, 1, 3, '29285832', 1, 1, 'ARETES CRISTAL OBSESSION J15672', NULL, 0, 0, NULL, NULL, '2017-12-07'),
('5031362', 1, 1, 1, 1, 3, '29285832', 1, 1, 'ARETES VIRGIN DIVIN CHIC J15673', NULL, 0, 0, NULL, NULL, '2017-12-07'),
('5031363', 1, 1, 1, 1, 3, '29285832', 1, 1, 'COLECCION LIZZEL J15674', NULL, 0, 0, NULL, NULL, '2017-12-07'),
('5031364', 1, 1, 1, 1, 3, '29285832', 1, 1, 'COLECCION ZAFIR BUHIC J15675', NULL, 0, 0, NULL, NULL, '2017-12-07'),
('5031365', 1, 1, 1, 1, 3, '29285832', 1, 1, 'ESCLAVA ESCUDERO J15523', NULL, 0, 0, NULL, NULL, '2017-12-07'),
('5031366', 1, 1, 1, 1, 3, '29285832', 1, 1, 'PULSERA SUPERNOVA J15524', NULL, 0, 0, NULL, NULL, '2017-12-07'),
('5031367', 1, 1, 1, 1, 3, '29285832', 1, 1, 'COLLAR GLAMOUR DIVINE J15460', NULL, 0, 0, NULL, NULL, '2017-12-07'),
('5031368', 1, 1, 1, 1, 3, '29285832', 1, 1, 'ARETES GLAMOUR CHIC J15461', NULL, 0, 0, NULL, NULL, '2017-12-07'),
('5031369', 1, 1, 1, 1, 3, '29285832', 1, 1, 'ARETES GLAMOUR DIVINE J15462', NULL, 0, 0, NULL, NULL, '2017-12-07'),
('5031370', 1, 1, 1, 1, 3, '29285832', 1, 1, 'PULSERA GLAMOUR DIVINE J15463', NULL, 0, 0, NULL, NULL, '2017-12-07'),
('5031371', 1, 1, 1, 1, 3, '29285832', 1, 1, 'COLLAR METAL SUBLIME J15464', NULL, 0, 0, NULL, NULL, '2017-12-07'),
('5031372', 1, 1, 1, 1, 3, '29285832', 1, 1, 'ARETES METAL SUBLIME J15465', NULL, 0, 0, NULL, NULL, '2017-12-07'),
('5031373', 1, 1, 1, 1, 3, '29285832', 1, 1, 'ARETES SUBLIME CHIC J15466', NULL, 0, 0, NULL, NULL, '2017-12-07'),
('5031374', 1, 1, 1, 1, 3, '29285832', 1, 1, 'GARGANTILLA VALYA GLAM J15468', NULL, 0, 0, NULL, NULL, '2017-12-07'),
('5031380', 1, 1, 1, 1, 3, '29285832', 1, 1, 'ARETES VALYA GLAM J15469', NULL, 0, 0, NULL, NULL, '2017-12-07'),
('5031381', 1, 1, 1, 1, 3, '29285832', 1, 1, 'ARETES VALYA CRISTAL J15470', NULL, 0, 0, NULL, NULL, '2017-12-07'),
('5031385', 1, 1, 1, 1, 3, '29285832', 1, 1, 'SORTIJA FUTURIST T5 J15471', NULL, 0, 0, NULL, NULL, '2017-12-07'),
('5031386', 1, 1, 1, 1, 3, '29285832', 1, 1, 'SORTIJA FUTURIST T6 J15471', NULL, 0, 0, NULL, NULL, '2017-12-07'),
('5031387', 1, 1, 1, 1, 3, '29285832', 1, 1, 'SORTIJA FUTURIST T7 J15471', NULL, 0, 0, NULL, NULL, '2017-12-07'),
('5031388', 1, 1, 1, 1, 3, '29285832', 1, 1, 'SORTIJA FUTURIST T8 J15471', NULL, 0, 0, NULL, NULL, '2017-12-07'),
('5031389', 1, 1, 1, 1, 3, '29285832', 1, 1, 'SORTIJA FUTURIST T9 J15471', NULL, 0, 0, NULL, NULL, '2017-12-07'),
('5031392', 1, 1, 1, 1, 3, '29285832', 1, 1, 'SET ARETES ZIA J15478', NULL, 0, 0, NULL, NULL, '2017-12-07'),
('5031394', 1, 1, 1, 1, 3, '29285832', 1, 1, 'COLLAR GLAM PERLE J15481', NULL, 0, 0, NULL, NULL, '2017-12-07'),
('5031400', 1, 1, 1, 1, 3, '29285832', 1, 1, 'ARETES PERLE CRISTAL J15482', NULL, 0, 0, NULL, NULL, '2017-12-07'),
('5031402', 1, 1, 1, 1, 3, '29285832', 1, 1, 'COLLAR SUPERNOVA J15485', NULL, 0, 0, NULL, NULL, '2017-12-07'),
('5031403', 1, 1, 1, 1, 3, '29285832', 1, 1, 'ARETES SUPERNOVA CHIC J15486', NULL, 0, 0, NULL, NULL, '2017-12-07'),
('5031404', 1, 1, 1, 1, 3, '29285832', 1, 1, 'ARETES SUPERNOVA J15487', NULL, 0, 0, NULL, NULL, '2017-12-07'),
('5031414', 1, 1, 1, 1, 3, '29285832', 1, 1, 'COLLAR DEVINA J15493', NULL, 0, 0, NULL, NULL, '2017-12-07'),
('5031421', 1, 1, 1, 1, 3, '29285832', 1, 1, 'ARETES DEVINA CHIC J15495', NULL, 0, 0, NULL, NULL, '2017-12-07'),
('5031432', 1, 1, 1, 1, 3, '29285832', 1, 1, 'COLECCION SILK ROSE J15502', NULL, 0, 0, NULL, NULL, '2017-12-07'),
('5031435', 1, 1, 1, 1, 3, '29285832', 1, 1, 'SET ARETES SPARKLY J15513', NULL, 0, 0, NULL, NULL, '2017-12-07'),
('5031436', 1, 1, 1, 1, 3, '29285832', 1, 1, 'COLLAR BENDIT J15505', NULL, 0, 0, NULL, NULL, '2017-12-07'),
('5031437', 1, 1, 1, 1, 3, '29285832', 1, 1, 'ARETES BENDIT J15506', NULL, 0, 0, NULL, NULL, '2017-12-07'),
('5031438', 1, 1, 1, 1, 3, '29285832', 1, 1, 'SET ARETES DUO BENDIT J15507', NULL, 0, 0, NULL, NULL, '2017-12-07'),
('5031439', 1, 1, 1, 1, 3, '29285832', 1, 1, 'PULSERA MI ANGEL J15508', NULL, 0, 0, NULL, NULL, '2017-12-07'),
('5031440', 1, 1, 1, 1, 3, '29285832', 1, 1, 'COLLAR VIRGEN AMATIST J15509', NULL, 0, 0, NULL, NULL, '2017-12-07'),
('5031441', 1, 1, 1, 1, 3, '29285832', 1, 1, 'ARETES VIRGEN AMATIST J15510', NULL, 0, 0, NULL, NULL, '2017-12-07'),
('5031442', 1, 1, 1, 1, 3, '29285832', 1, 1, 'ARETES CROSS AMATIST J15511', NULL, 0, 0, NULL, NULL, '2017-12-07'),
('5031444', 1, 1, 1, 1, 3, '29285832', 1, 1, 'ARETES DIAMANTI SFERE J15514', NULL, 0, 0, NULL, NULL, '2017-12-07'),
('5031445', 1, 1, 1, 1, 3, '29285832', 1, 1, 'ARETES DIAMANDA J15515', NULL, 0, 0, NULL, NULL, '2017-12-07'),
('5031446', 1, 1, 1, 1, 3, '29285832', 1, 1, 'ARETES PERLE DISC J15516', NULL, 0, 0, NULL, NULL, '2017-12-07'),
('5031448', 1, 1, 1, 1, 3, '29285832', 1, 1, 'COLECCION SIANNA MAGIC J15518', NULL, 0, 0, NULL, NULL, '2017-12-07'),
('5031449', 1, 1, 1, 1, 3, '29285832', 1, 1, 'SET ARETES SONRISITAS J15519', NULL, 0, 0, NULL, NULL, '2017-12-07'),
('5031452', 1, 1, 1, 1, 3, '29285832', 1, 1, 'CADENA ESCUDERO J15522', NULL, 0, 0, NULL, NULL, '2017-12-07'),
('5031456', 1, 1, 1, 1, 3, '29285832', 1, 1, 'ARETES FUTURIST GLAM J15536', NULL, 0, 0, NULL, NULL, '2017-12-07'),
('5031458', 1, 1, 1, 1, 3, '29285832', 1, 1, 'BRAZALETE FUTURIST J15538', NULL, 0, 0, NULL, NULL, '2017-12-07'),
('5031463', 1, 1, 1, 1, 3, '29285832', 1, 1, 'COLLAR FUTURIST J15535', NULL, 0, 0, NULL, NULL, '2017-12-07'),
('5031464', 1, 1, 1, 1, 3, '29285832', 1, 1, 'COLLAR FLOR OPAL J15539', NULL, 0, 0, NULL, NULL, '2017-12-07'),
('5031470', 1, 1, 1, 1, 3, '29285832', 1, 1, 'ARETES OPAL CHIC J15540', NULL, 0, 0, NULL, NULL, '2017-12-07'),
('5031471', 1, 1, 1, 1, 3, '29285832', 1, 1, 'ARETES FLOR OPAL J15541', NULL, 0, 0, NULL, NULL, '2017-12-07'),
('5031475', 1, 1, 1, 1, 3, '29285832', 1, 1, 'SET ARETES SYNTEX J15545', NULL, 0, 0, NULL, NULL, '2017-12-07'),
('5031485', 1, 1, 1, 1, 3, '29285832', 1, 1, 'COLLAR MAIA DELUXE J15555', NULL, 0, 0, NULL, NULL, '2017-12-07'),
('5031486', 1, 1, 1, 1, 3, '29285832', 1, 1, 'ARETES MAIA DELUXE J15556', NULL, 0, 0, NULL, NULL, '2017-12-07'),
('5031490', 1, 1, 1, 1, 3, '29285832', 1, 1, 'SET ARETES ARANTXA J15561', NULL, 0, 0, NULL, NULL, '2017-12-07'),
('5031492', 1, 1, 1, 1, 3, '29285832', 1, 1, 'COLLAR MINIMALIST DORE J15563', NULL, 0, 0, NULL, NULL, '2017-12-07'),
('5031493', 1, 1, 1, 1, 3, '29285832', 1, 1, 'ARETES MINIMALIST GLAM J15564', NULL, 0, 0, NULL, NULL, '2017-12-07'),
('5031494', 1, 1, 1, 1, 3, '29285832', 1, 1, 'ARETES MINIMALIST DORE J15565', NULL, 0, 0, NULL, NULL, '2017-12-07'),
('5031500', 1, 1, 1, 1, 3, '29285832', 1, 1, 'ARETES LAIA J15567', NULL, 0, 0, NULL, NULL, '2017-12-07'),
('5031508', 1, 1, 1, 1, 3, '29285832', 1, 1, 'SET ARETES PETIT KIDS J15574', NULL, 0, 0, NULL, NULL, '2017-12-07'),
('5031509', 1, 1, 1, 1, 3, '29285832', 1, 1, 'SET ARETES LOVE PINK J15575', NULL, 0, 0, NULL, NULL, '2017-12-07'),
('5031513', 1, 1, 1, 1, 3, '29285832', 1, 1, 'COLLAR ROSE DIVINE J15579', NULL, 0, 0, NULL, NULL, '2017-12-07'),
('5031514', 1, 1, 1, 1, 3, '29285832', 1, 1, 'ARETES ROSE DIVINE J15580', NULL, 0, 0, NULL, NULL, '2017-12-07'),
('5031515', 1, 1, 1, 1, 3, '29285832', 1, 1, 'ARETES ROSE CRISTAL J15581', NULL, 0, 0, NULL, NULL, '2017-12-07'),
('5031516', 1, 1, 1, 1, 3, '29285832', 1, 1, 'PULSERA ROSE DIVINE J15582', NULL, 0, 0, NULL, NULL, '2017-12-07'),
('5031520', 1, 1, 1, 1, 3, '29285832', 1, 1, 'COLLAR FLORENCE PETAL J15586', NULL, 0, 0, NULL, NULL, '2017-12-07'),
('5031521', 1, 1, 1, 1, 3, '29285832', 1, 1, 'ARETES FLORENCE PETAL J15587', NULL, 0, 0, NULL, NULL, '2017-12-07'),
('5031524', 1, 1, 1, 1, 3, '29285832', 1, 1, 'PULSERA BENDIZZI J15590', NULL, 0, 0, NULL, NULL, '2017-12-07'),
('5031525', 1, 1, 1, 1, 3, '29285832', 1, 1, 'SORTIJA AMORE INFINITO DORE T5 J15591', NULL, 0, 0, NULL, NULL, '2017-12-07'),
('5031526', 1, 1, 1, 1, 3, '29285832', 1, 1, 'SORTIJA AMORE INFINITO DORE T6 J15591', NULL, 0, 0, NULL, NULL, '2017-12-07'),
('5031527', 1, 1, 1, 1, 3, '29285832', 1, 1, 'SORTIJA AMORE INFINITO DORE T7 J15591', NULL, 0, 0, NULL, NULL, '2017-12-07'),
('5031528', 1, 1, 1, 1, 3, '29285832', 1, 1, 'SORTIJA AMORE INFINITO DORE T8 J15591', NULL, 0, 0, NULL, NULL, '2017-12-07'),
('5031529', 1, 1, 1, 1, 3, '29285832', 1, 1, 'SORTIJA AMORE INFINITO DORE T9 J15591', NULL, 0, 0, NULL, NULL, '2017-12-07'),
('5031530', 1, 1, 1, 1, 3, '29285832', 1, 1, 'COLLAR GALAXY CRISTAL J15676', NULL, 0, 0, NULL, NULL, '2017-12-07'),
('5031531', 1, 1, 1, 1, 3, '29285832', 1, 1, 'ARETES GALAXY CRISTAL J15677', NULL, 0, 0, NULL, NULL, '2017-12-07'),
('5031533', 1, 1, 1, 1, 3, '29285832', 1, 1, 'ARETES BASIC PLAKE J15679', NULL, 0, 0, NULL, NULL, '2017-12-07'),
('5031535', 1, 1, 1, 1, 3, '29285832', 1, 1, 'ARETES LUNA COLOR J15681', NULL, 0, 0, NULL, NULL, '2017-12-07'),
('5031536', 1, 1, 1, 1, 3, '29285832', 1, 1, 'ARETES LUNA BELLA J15682', NULL, 0, 0, NULL, NULL, '2017-12-07'),
('5031539', 1, 1, 1, 1, 3, '29285832', 1, 1, 'ARETES FLORAL CHIC J15685', NULL, 0, 0, NULL, NULL, '2017-12-07'),
('5031540', 1, 1, 1, 1, 3, '29285832', 1, 1, 'COLLAR PERLA LUNESSE CHIC J15686', NULL, 0, 0, NULL, NULL, '2017-12-07'),
('5031541', 1, 1, 1, 1, 3, '29285832', 1, 1, 'COLECCION GEM CRISTAL J15687', NULL, 0, 0, NULL, NULL, '2017-12-07'),
('5031543', 1, 1, 1, 1, 3, '29285832', 1, 1, 'ARETES GLAM ELEMENT J15689', NULL, 0, 0, NULL, NULL, '2017-12-07'),
('5031545', 1, 1, 1, 1, 3, '29285832', 1, 1, 'COLECCION MAGENTI J15691', NULL, 0, 0, NULL, NULL, '2017-12-07'),
('5031546', 1, 1, 1, 1, 3, '29285832', 1, 1, 'SET ARETES LLUVIA AMATIST J15692', NULL, 0, 0, NULL, NULL, '2017-12-07'),
('5031550', 1, 1, 1, 1, 3, '29285832', 1, 1, 'SET ARETES COLOR EXPLODE J15696', NULL, 0, 0, NULL, NULL, '2017-12-07'),
('5031551', 1, 1, 1, 1, 3, '29285832', 1, 1, 'PULSERA VIRGEN DE FATIMA J15697', NULL, 0, 0, NULL, NULL, '2017-12-07'),
('5031552', 1, 1, 1, 1, 3, '29285832', 1, 1, 'ARETES BASIC DORE J15698', NULL, 0, 0, NULL, NULL, '2017-12-07'),
('5031553', 1, 1, 1, 1, 3, '29285832', 1, 1, 'GARGANTILLA LOVELY CRISTAL J15699', NULL, 0, 0, NULL, NULL, '2017-12-07'),
('5031554', 1, 1, 1, 1, 3, '29285832', 1, 1, 'ARETES LOVELY CRISTAL J15700', NULL, 0, 0, NULL, NULL, '2017-12-07'),
('5031555', 1, 1, 1, 1, 3, '29285832', 1, 1, 'SORTIJA LOVELY CRISTAL T5 J15701', NULL, 0, 0, NULL, NULL, '2017-12-07'),
('5031556', 1, 1, 1, 1, 3, '29285832', 1, 1, 'SORTIJA LOVELY CRISTAL T6 J15701', NULL, 0, 0, NULL, NULL, '2017-12-07'),
('5031557', 1, 1, 1, 1, 3, '29285832', 1, 1, 'SORTIJA LOVELY CRISTAL T7 J15701', NULL, 0, 0, NULL, NULL, '2017-12-07'),
('5031558', 1, 1, 1, 1, 3, '29285832', 1, 1, 'SORTIJA LOVELY CRISTAL T8 J15701', NULL, 0, 0, NULL, NULL, '2017-12-07'),
('5031559', 1, 1, 1, 1, 3, '29285832', 1, 1, 'SORTIJA LOVELY CRISTAL T9 J15701', NULL, 0, 0, NULL, NULL, '2017-12-07'),
('5031560', 1, 1, 1, 1, 3, '29285832', 1, 1, 'ARETES ELENNE J15702', NULL, 0, 0, NULL, NULL, '2017-12-07'),
('5031562', 1, 1, 1, 1, 3, '29285832', 1, 1, 'ARETES ABANIQUE DORE J15704', NULL, 0, 0, NULL, NULL, '2017-12-07'),
('5031565', 1, 1, 1, 1, 3, '29285832', 1, 1, 'SORTIJA PERFECT LOVE T5 J15705', NULL, 0, 0, NULL, NULL, '2017-12-07'),
('5031566', 1, 1, 1, 1, 3, '29285832', 1, 1, 'SORTIJA PERFECT LOVE T6 J15705', NULL, 0, 0, NULL, NULL, '2017-12-07'),
('5031567', 1, 1, 1, 1, 3, '29285832', 1, 1, 'SORTIJA PERFECT LOVE T7 J15705', NULL, 0, 0, NULL, NULL, '2017-12-07'),
('5031568', 1, 1, 1, 1, 3, '29285832', 1, 1, 'SORTIJA PERFECT LOVE T8 J15705', NULL, 0, 0, NULL, NULL, '2017-12-07'),
('5031569', 1, 1, 1, 1, 3, '29285832', 1, 1, 'SORTIJA PERFECT LOVE T9 J15705', NULL, 0, 0, NULL, NULL, '2017-12-07'),
('5031570', 1, 1, 1, 1, 3, '29285832', 1, 1, 'PULSERA CELEBRATION J15849', NULL, 0, 0, NULL, NULL, '2017-12-07'),
('5031571', 1, 1, 1, 1, 3, '29285832', 1, 1, 'ARETES DIVIN OPAL J15850', NULL, 0, 0, NULL, NULL, '2017-12-07'),
('5031572', 1, 1, 1, 1, 3, '29285832', 1, 1, 'SET ARGOLLAS ELEMENTAL J15851', NULL, 0, 0, NULL, NULL, '2017-12-07'),
('5031573', 1, 1, 1, 1, 3, '29285832', 1, 1, 'ARETES LOVE ELEMENT J15852', NULL, 0, 0, NULL, NULL, '2017-12-07'),
('5031575', 1, 1, 1, 1, 3, '29285832', 1, 1, 'SORTIJA PERFECT LOVE GLAM T5 J15706', NULL, 0, 0, NULL, NULL, '2017-12-07'),
('5031576', 1, 1, 1, 1, 3, '29285832', 1, 1, 'SORTIJA PERFECT LOVE GLAM T6 J15706', NULL, 0, 0, NULL, NULL, '2017-12-07'),
('5031577', 1, 1, 1, 1, 3, '29285832', 1, 1, 'SORTIJA PERFECT LOVE GLAM T7 J15706', NULL, 0, 0, NULL, NULL, '2017-12-07'),
('5031578', 1, 1, 1, 1, 3, '29285832', 1, 1, 'SORTIJA PERFECT LOVE GLAM T8 J15706', NULL, 0, 0, NULL, NULL, '2017-12-07'),
('5031579', 1, 1, 1, 1, 3, '29285832', 1, 1, 'SORTIJA PERFECT LOVE GLAM T9 J15706', NULL, 0, 0, NULL, NULL, '2017-12-07'),
('5031581', 1, 1, 1, 1, 3, '29285832', 1, 1, 'ARETES CRISTALLI CHIC J15855', NULL, 0, 0, NULL, NULL, '2017-12-07'),
('5031582', 1, 1, 1, 1, 3, '29285832', 1, 1, 'ARETES HAZEL J15856', NULL, 0, 0, NULL, NULL, '2017-12-07'),
('5031584', 1, 1, 1, 1, 3, '29285832', 1, 1, 'ARETES RUBI LOVE J15858', NULL, 0, 0, NULL, NULL, '2017-12-07'),
('5031585', 1, 1, 1, 1, 3, '29285832', 1, 1, 'ARETES AMY CRISTAL J15859', NULL, 0, 0, NULL, NULL, '2017-12-07'),
('5031586', 1, 1, 1, 1, 3, '29285832', 1, 1, 'ARETES SILVESTRI J15860', NULL, 0, 0, NULL, NULL, '2017-12-07'),
('5031588', 1, 1, 1, 1, 3, '29285832', 1, 1, 'COLECCION ELEMENT ENERO J15862', NULL, 0, 0, NULL, NULL, '2017-12-07'),
('5031589', 1, 1, 1, 1, 3, '29285832', 1, 1, 'COLECCION ELEMENT FEBRERO J15863', NULL, 0, 0, NULL, NULL, '2017-12-07'),
('5031590', 1, 1, 1, 1, 3, '29285832', 1, 1, 'COLECCION ELEMENT MARZO J15864', NULL, 0, 0, NULL, NULL, '2017-12-07'),
('5031591', 1, 1, 1, 1, 3, '29285832', 1, 1, 'COLECCION ELEMENT ABRIL J15865', NULL, 0, 0, NULL, NULL, '2017-12-07'),
('5031592', 1, 1, 1, 1, 3, '29285832', 1, 1, 'COLECCION ELEMENT MAYO J15866', NULL, 0, 0, NULL, NULL, '2017-12-07'),
('5031593', 1, 1, 1, 1, 3, '29285832', 1, 1, 'COLECCION ELEMENT JUNIO J15867', NULL, 0, 0, NULL, NULL, '2017-12-07'),
('5031594', 1, 1, 1, 1, 3, '29285832', 1, 1, 'COLECCION ELEMENT JULIO J15868', NULL, 0, 0, NULL, NULL, '2017-12-07'),
('5031595', 1, 1, 1, 1, 3, '29285832', 1, 1, 'COLECCION ELEMENT AGOSTO J15869', NULL, 0, 0, NULL, NULL, '2017-12-07'),
('5031596', 1, 1, 1, 1, 3, '29285832', 1, 1, 'COLECCION ELEMENT SEPTIEMBRE J15870', NULL, 0, 0, NULL, NULL, '2017-12-07'),
('5031597', 1, 1, 1, 1, 3, '29285832', 1, 1, 'COLECCION ELEMENT OCTUBRE J15871', NULL, 0, 0, NULL, NULL, '2017-12-07'),
('5031598', 1, 1, 1, 1, 3, '29285832', 1, 1, 'COLECCION ELEMENT NOVIEMBRE J15872', NULL, 0, 0, NULL, NULL, '2017-12-07'),
('5031599', 1, 1, 1, 1, 3, '29285832', 1, 1, 'COLECCION ELEMENT DICIEMBRE J15873', NULL, 0, 0, NULL, NULL, '2017-12-07'),
('5031604', 1, 1, 1, 1, 3, '29285832', 1, 1, 'COLECCION CRISTALINE PERLE J15884', NULL, 0, 0, NULL, NULL, '2017-12-07'),
('5031612', 1, 1, 1, 1, 3, '29285832', 1, 1, 'ARETES BELLE CHIC J15887', NULL, 0, 0, NULL, NULL, '2017-12-07'),
('5031614', 1, 1, 1, 1, 3, '29285832', 1, 1, 'ARETES NATURA CRISTAL J15889', NULL, 0, 0, NULL, NULL, '2017-12-07'),
('5031615', 1, 1, 1, 1, 3, '29285832', 1, 1, 'SORTIJA AMORE INFINITO T5 J15592', NULL, 0, 0, NULL, NULL, '2017-12-07'),
('5031616', 1, 1, 1, 1, 3, '29285832', 1, 1, 'SORTIJA AMORE INFINITO T6 J15592', NULL, 0, 0, NULL, NULL, '2017-12-07'),
('5031617', 1, 1, 1, 1, 3, '29285832', 1, 1, 'SORTIJA AMORE INFINITO T7 J15592', NULL, 0, 0, NULL, NULL, '2017-12-07'),
('5031618', 1, 1, 1, 1, 3, '29285832', 1, 1, 'SORTIJA AMORE INFINITO T8 J15592', NULL, 0, 0, NULL, NULL, '2017-12-07'),
('5031619', 1, 1, 1, 1, 3, '29285832', 1, 1, 'SORTIJA AMORE INFINITO T9 J15592', NULL, 0, 0, NULL, NULL, '2017-12-07'),
('5031620', 1, 1, 1, 1, 3, '29285832', 1, 1, 'COLLAR CRYSTAL OPULENCE J15708', NULL, 0, 0, NULL, NULL, '2017-12-07'),
('5031621', 1, 1, 1, 1, 3, '29285832', 1, 1, 'ARETES CRYSTAL OPULENCE J15709', NULL, 0, 0, NULL, NULL, '2017-12-07'),
('5031622', 1, 1, 1, 1, 3, '29285832', 1, 1, 'ARETES OPULENCE GLAM J15710', NULL, 0, 0, NULL, NULL, '2017-12-07'),
('5031623', 1, 1, 1, 1, 3, '29285832', 1, 1, 'COLLAR SUBLIME ELEGANCE J15712', NULL, 0, 0, NULL, NULL, '2017-12-07'),
('5031624', 1, 1, 1, 1, 3, '29285832', 1, 1, 'ARETES SUBLIME CRYSTAL J15713', NULL, 0, 0, NULL, NULL, '2017-12-07'),
('5031630', 1, 1, 1, 1, 3, '29285832', 1, 1, 'ARETES SUBLIME ELEGANCE J15714', NULL, 0, 0, NULL, NULL, '2017-12-07'),
('5031635', 1, 1, 1, 1, 3, '29285832', 1, 1, 'SORTIJA CRYSTAL OPULENCE T5 J15711', NULL, 0, 0, NULL, NULL, '2017-12-07'),
('5031636', 1, 1, 1, 1, 3, '29285832', 1, 1, 'SORTIJA CRYSTAL OPULENCE T6 J15711', NULL, 0, 0, NULL, NULL, '2017-12-07'),
('5031637', 1, 1, 1, 1, 3, '29285832', 1, 1, 'SORTIJA CRYSTAL OPULENCE T7 J15711', NULL, 0, 0, NULL, NULL, '2017-12-07'),
('5031638', 1, 1, 1, 1, 3, '29285832', 1, 1, 'SORTIJA CRYSTAL OPULENCE T8 J15711', NULL, 0, 0, NULL, NULL, '2017-12-07'),
('5031639', 1, 1, 1, 1, 3, '29285832', 1, 1, 'SORTIJA CRYSTAL OPULENCE T9 J15711', NULL, 0, 0, NULL, NULL, '2017-12-07'),
('5031641', 1, 1, 1, 1, 3, '29285832', 1, 1, 'COLLAR OFFRAY LUXE J15727', NULL, 0, 0, NULL, NULL, '2017-12-07'),
('5031642', 1, 1, 1, 1, 3, '29285832', 1, 1, 'COLLAR IRIS CRYSTAL J15721', NULL, 0, 0, NULL, NULL, '2017-12-07'),
('5031643', 1, 1, 1, 1, 3, '29285832', 1, 1, 'ARETES IRIS CRYSTAL J15722', NULL, 0, 0, NULL, NULL, '2017-12-07'),
('5031644', 1, 1, 1, 1, 3, '29285832', 1, 1, 'ARETES IRIS GLAM J15723', NULL, 0, 0, NULL, NULL, '2017-12-07'),
('5031650', 1, 1, 1, 1, 3, '29285832', 1, 1, 'BRAZALETE IRIS GLAM J15724', NULL, 0, 0, NULL, NULL, '2017-12-07'),
('5031653', 1, 1, 1, 1, 3, '29285832', 1, 1, 'ARETES OFFRAY LUXE J15728', NULL, 0, 0, NULL, NULL, '2017-12-07'),
('5031654', 1, 1, 1, 1, 3, '29285832', 1, 1, 'ARETES OFFRAY J15729', NULL, 0, 0, NULL, NULL, '2017-12-07'),
('5031655', 1, 1, 1, 1, 3, '29285832', 1, 1, 'COLECCION ECLECTIC GLOW J15730', NULL, 0, 0, NULL, NULL, '2017-12-07'),
('5031656', 1, 1, 1, 1, 3, '29285832', 1, 1, 'ARETES ECLECTIC GLOW J15731', NULL, 0, 0, NULL, NULL, '2017-12-07'),
('5031660', 1, 1, 1, 1, 3, '29285832', 1, 1, 'COLLAR GLAZE EN DORE J15736', NULL, 0, 0, NULL, NULL, '2017-12-07'),
('5031661', 1, 1, 1, 1, 3, '29285832', 1, 1, 'ARETES GLAZE J15737', NULL, 0, 0, NULL, NULL, '2017-12-07'),
('5031662', 1, 1, 1, 1, 3, '29285832', 1, 1, 'ARETES GLAZE CHIC J15738', NULL, 0, 0, NULL, NULL, '2017-12-07'),
('5031676', 1, 1, 1, 1, 3, '29285832', 1, 1, 'PULSERA BELLE LOVE J15749', NULL, 0, 0, NULL, NULL, '2017-12-07'),
('5031678', 1, 1, 1, 1, 3, '29285832', 1, 1, 'COLLAR BLESS CRYSTAL J15751', NULL, 0, 0, NULL, NULL, '2017-12-07'),
('5031679', 1, 1, 1, 1, 3, '29285832', 1, 1, 'ARETES BLESS CRYSTAL J15752', NULL, 0, 0, NULL, NULL, '2017-12-07'),
('5031680', 1, 1, 1, 1, 3, '29285832', 1, 1, 'SET ARETES BLESS CRYSTAL J15753', NULL, 0, 0, NULL, NULL, '2017-12-07'),
('5031681', 1, 1, 1, 1, 3, '29285832', 1, 1, 'PULSERA BLESS CRYSTAL J15754', NULL, 0, 0, NULL, NULL, '2017-12-07'),
('5031688', 1, 1, 1, 1, 3, '29285832', 1, 1, 'PULSERA ANGELI CRYSTAL J15761', NULL, 0, 0, NULL, NULL, '2017-12-07'),
('5031689', 1, 1, 1, 1, 3, '29285832', 1, 1, 'COLECCION FLORENCE CRYSTAL J15762', NULL, 0, 0, NULL, NULL, '2017-12-07'),
('5031695', 1, 1, 1, 1, 3, '29285832', 1, 1, 'COLECCION MY ANGEL J15767', NULL, 0, 0, NULL, NULL, '2017-12-07'),
('5031696', 1, 1, 1, 1, 3, '29285832', 1, 1, 'SET ARETES LIANNA J15768', NULL, 0, 0, NULL, NULL, '2017-12-07'),
('5031698', 1, 1, 1, 1, 3, '29285832', 1, 1, 'CADENA BONICCELI J15770', NULL, 0, 0, NULL, NULL, '2017-12-07'),
('5031699', 1, 1, 1, 1, 3, '29285832', 1, 1, 'ESCLAVA BONICCELI J15771', NULL, 0, 0, NULL, NULL, '2017-12-07'),
('5031753', 1, 1, 1, 1, 3, '29285832', 1, 1, 'COLECCION IMMA LOVE J15817', NULL, 0, 0, NULL, NULL, '2017-12-07'),
('5031762', 1, 1, 1, 1, 3, '29285832', 1, 1, 'SET ARETES CRISTAL DREAM J15828', NULL, 0, 0, NULL, NULL, '2017-12-07'),
('5031782', 1, 1, 1, 1, 3, '29285832', 1, 1, 'ARETES FUTURIST CRISTAL J16032', NULL, 0, 0, NULL, NULL, '2017-12-07'),
('5031790', 1, 1, 1, 1, 3, '29285832', 1, 1, 'ARETES OPAL CRISTAL J16041', NULL, 0, 0, NULL, NULL, '2017-12-07'),
('5031791', 1, 1, 1, 1, 3, '29285832', 1, 1, 'PULSERA FLOR OPAL J16042', NULL, 0, 0, NULL, NULL, '2017-12-07'),
('5031794', 1, 1, 1, 1, 3, '29285832', 1, 1, 'ARETES SILK ROSE J16047', NULL, 0, 0, NULL, NULL, '2017-12-07'),
('5031800', 1, 1, 1, 1, 3, '29285832', 1, 1, 'ARETES MAIA CHIC J16048', NULL, 0, 0, NULL, NULL, '2017-12-07'),
('5031803', 1, 1, 1, 1, 3, '29285832', 1, 1, 'ARETES VALYA CHIC J16059', NULL, 0, 0, NULL, NULL, '2017-12-07'),
('5031804', 1, 1, 1, 1, 3, '29285832', 1, 1, 'ARGOLLAS INFUSION J16060', NULL, 0, 0, NULL, NULL, '2017-12-07'),
('5031810', 1, 1, 1, 1, 3, '29285832', 1, 1, 'COLECCION ROMBINNE J16062', NULL, 0, 0, NULL, NULL, '2017-12-07'),
('5031811', 1, 1, 1, 1, 3, '29285832', 1, 1, 'COLECCION SENSITY GLAM J16063', NULL, 0, 0, NULL, NULL, '2017-12-07'),
('5031820', 1, 1, 1, 1, 3, '29285832', 1, 1, 'SET ARETES MIX CRISTAL J16067', NULL, 0, 0, NULL, NULL, '2017-12-07'),
('5031832', 1, 1, 1, 1, 3, '29285832', 1, 1, 'COLLAR BLUE INFUSION J16074', NULL, 0, 0, NULL, NULL, '2017-12-07'),
('5031834', 1, 1, 1, 1, 3, '29285832', 1, 1, 'ARETES BLUE INFUSION J16076', NULL, 0, 0, NULL, NULL, '2017-12-07'),
('5031835', 1, 1, 1, 1, 3, '29285832', 1, 1, 'PULSERA INFUSION GLAM J16077', NULL, 0, 0, NULL, NULL, '2017-12-07'),
('5031838', 1, 1, 1, 1, 3, '29285832', 1, 1, 'SET COLLARES MINIMALIST J16080', NULL, 0, 0, NULL, NULL, '2017-12-07'),
('5031839', 1, 1, 1, 1, 3, '29285832', 1, 1, 'ARETES MINIMALIST CRISTAL J16081', NULL, 0, 0, NULL, NULL, '2017-12-07'),
('5031840', 1, 1, 1, 1, 3, '29285832', 1, 1, 'ARETES TRAPIZZE J15875', NULL, 0, 0, NULL, NULL, '2017-12-07'),
('5031841', 1, 1, 1, 1, 3, '29285832', 1, 1, 'ARETES ROMBIAN J16082', NULL, 0, 0, NULL, NULL, '2017-12-07'),
('5031842', 1, 1, 1, 1, 3, '29285832', 1, 1, 'ARETES OVALDINE DUO J15878', NULL, 0, 0, NULL, NULL, '2017-12-07'),
('5031937', 1, 1, 1, 1, 3, '29285832', 1, 1, 'GARGANTILLA GRAZZI J16097', NULL, 0, 0, NULL, NULL, '2017-12-07'),
('5031938', 1, 1, 1, 1, 3, '29285832', 1, 1, 'ARETES GRAZZI J16098', NULL, 0, 0, NULL, NULL, '2017-12-07'),
('5031939', 1, 1, 1, 1, 3, '29285832', 1, 1, 'ARETES PERLE CHIC J16099', NULL, 0, 0, NULL, NULL, '2017-12-07'),
('5031943', 1, 1, 1, 1, 3, '29285832', 1, 1, 'COLLAR BEVERLY J16103', NULL, 0, 0, NULL, NULL, '2017-12-07'),
('5031944', 1, 1, 1, 1, 3, '29285832', 1, 1, 'ARETES BEVERLY J16104', NULL, 0, 0, NULL, NULL, '2017-12-07'),
('5031945', 1, 1, 1, 1, 3, '29285832', 1, 1, 'ARETES BEVERLY CRISTAL J16105', NULL, 0, 0, NULL, NULL, '2017-12-07'),
('5031948', 1, 1, 1, 1, 3, '29285832', 1, 1, 'COLLAR FLORAL BLUE J16108', NULL, 0, 0, NULL, NULL, '2017-12-07'),
('5031949', 1, 1, 1, 1, 3, '29285832', 1, 1, 'ARETES FLORAL BLUE J16109', NULL, 0, 0, NULL, NULL, '2017-12-07'),
('5031953', 1, 1, 1, 1, 3, '29285832', 1, 1, 'ARETES ZAFINNE J16113', NULL, 0, 0, NULL, NULL, '2017-12-07'),
('5031954', 1, 1, 1, 1, 3, '29285832', 1, 1, 'COLECCION VERONIQUE J16114', NULL, 0, 0, NULL, NULL, '2017-12-07'),
('5031955', 1, 1, 1, 1, 3, '29285832', 1, 1, 'COLECCION CELESTINE J16115', NULL, 0, 0, NULL, NULL, '2017-12-07'),
('5031957', 1, 1, 1, 1, 3, '29285832', 1, 1, 'COLECCION RED MARIPOSINE J16117', NULL, 0, 0, NULL, NULL, '2017-12-07'),
('5031958', 1, 1, 1, 1, 3, '29285832', 1, 1, 'COLECCION CRUCI PINK J16118', NULL, 0, 0, NULL, NULL, '2017-12-07'),
('5031960', 1, 1, 1, 1, 3, '29285832', 1, 1, 'ARETES FLORENCE PERLA J16120', NULL, 0, 0, NULL, NULL, '2017-12-07'),
('5032027', 1, 1, 1, 1, 3, '29285832', 1, 1, 'ARETES OPULENCE CHIC J16202', NULL, 0, 0, NULL, NULL, '2017-12-07'),
('5032029', 1, 1, 1, 1, 3, '29285832', 1, 1, 'PULSERA GLAZE EN DORE J16204', NULL, 0, 0, NULL, NULL, '2017-12-07'),
('5032030', 1, 1, 1, 1, 3, '29285832', 1, 1, 'COLLAR FLORISTAR DORE J16205', NULL, 0, 0, NULL, NULL, '2017-12-07'),
('5032031', 1, 1, 1, 1, 3, '29285832', 1, 1, 'ARETES FLORISTAR DORE J16206', NULL, 0, 0, NULL, NULL, '2017-12-07'),
('5032032', 1, 1, 1, 1, 3, '29285832', 1, 1, 'ARETES FLORISTAR CRYSTAL J16207', NULL, 0, 0, NULL, NULL, '2017-12-07'),
('5032033', 1, 1, 1, 1, 3, '29285832', 1, 1, 'PULSERA FLORISTAR DORE J16208', NULL, 0, 0, NULL, NULL, '2017-12-07'),
('5032061', 1, 1, 1, 1, 3, '29285832', 1, 1, 'COLECCION TREBOLLI CRYSTAL J16236', NULL, 0, 0, NULL, NULL, '2017-12-07');
INSERT INTO `producto` (`idProducto`, `idTipoProducto`, `idSubCategoria`, `idColor`, `idUnidadMedida`, `idTamaño`, `idColaborador`, `idEstado`, `idGenero`, `nombreCorto`, `descripcion`, `costoEstimado`, `puntoReposicion`, `urlImagen`, `urlProducto`, `fechaCreacion`) VALUES
('5032066', 1, 1, 1, 1, 3, '29285832', 1, 1, 'COLECCION ANGELI CRYSTAL J16241', NULL, 0, 0, NULL, NULL, '2017-12-07'),
('5032068', 1, 1, 1, 1, 3, '29285832', 1, 1, 'ARETES FLORENCE CRISTAL J16243', NULL, 0, 0, NULL, NULL, '2017-12-07'),
('5032069', 1, 1, 1, 1, 3, '29285832', 1, 1, 'COLECCION INITIAL GLAM ?B? J16244', NULL, 0, 0, NULL, NULL, '2017-12-07'),
('5032095', 1, 1, 1, 1, 3, '29285832', 1, 1, 'ARETES SUBLIME BLUE J16245', NULL, 0, 0, NULL, NULL, '2017-12-07'),
('5032096', 1, 1, 1, 1, 3, '29285832', 1, 1, 'COLLAR CELEBRITY CRISTAL J16246', NULL, 0, 0, NULL, NULL, '2017-12-07'),
('5032097', 1, 1, 1, 1, 3, '29285832', 1, 1, 'COLLAR LOVE POP J16247', NULL, 0, 0, NULL, NULL, '2017-12-07'),
('5032098', 1, 1, 1, 1, 3, '29285832', 1, 1, 'ARETES LOVE POP CHIC J16248', NULL, 0, 0, NULL, NULL, '2017-12-07'),
('5032099', 1, 1, 1, 1, 3, '29285832', 1, 1, 'ARETES LOVE POP J16249', NULL, 0, 0, NULL, NULL, '2017-12-07'),
('5032101', 1, 1, 1, 1, 3, '29285832', 1, 1, 'COLECCION INITIAL GLAM ?A? J16251', NULL, 0, 0, NULL, NULL, '2017-12-07'),
('5032102', 1, 1, 1, 1, 3, '29285832', 1, 1, 'COLECCION INITIAL GLAM ?C? J16252', NULL, 0, 0, NULL, NULL, '2017-12-07'),
('5032103', 1, 1, 1, 1, 3, '29285832', 1, 1, 'COLECCION INITIAL GLAM ?D? J16253', NULL, 0, 0, NULL, NULL, '2017-12-07'),
('5032104', 1, 1, 1, 1, 3, '29285832', 1, 1, 'COLECCION INITIAL GLAM ?E? J16254', NULL, 0, 0, NULL, NULL, '2017-12-07'),
('5032105', 1, 1, 1, 1, 3, '29285832', 1, 1, 'COLECCION INITIAL GLAM ?F? J16255', NULL, 0, 0, NULL, NULL, '2017-12-07'),
('5032106', 1, 1, 1, 1, 3, '29285832', 1, 1, 'COLECCION INITIAL GLAM ?G? J16256', NULL, 0, 0, NULL, NULL, '2017-12-07'),
('5032107', 1, 1, 1, 1, 3, '29285832', 1, 1, 'COLECCION INITIAL GLAM ?H? J16257', NULL, 0, 0, NULL, NULL, '2017-12-07'),
('5032108', 1, 1, 1, 1, 3, '29285832', 1, 1, 'COLECCION INITIAL GLAM ?I? J16258', NULL, 0, 0, NULL, NULL, '2017-12-07'),
('5032109', 1, 1, 1, 1, 3, '29285832', 1, 1, 'COLECCION INITIAL GLAM ?J? J16259', NULL, 0, 0, NULL, NULL, '2017-12-07'),
('5032110', 1, 1, 1, 1, 3, '29285832', 1, 1, 'COLECCION INITIAL GLAM ?K? J16260', NULL, 0, 0, NULL, NULL, '2017-12-07'),
('5032111', 1, 1, 1, 1, 3, '29285832', 1, 1, 'COLECCION INITIAL GLAM ?L? J16261', NULL, 0, 0, NULL, NULL, '2017-12-07'),
('5032112', 1, 1, 1, 1, 3, '29285832', 1, 1, 'COLECCION INITIAL GLAM ?M? J16262', NULL, 0, 0, NULL, NULL, '2017-12-07'),
('5032113', 1, 1, 1, 1, 3, '29285832', 1, 1, 'COLECCION INITIAL GLAM ?N? J16263', NULL, 0, 0, NULL, NULL, '2017-12-07'),
('5032114', 1, 1, 1, 1, 3, '29285832', 1, 1, 'COLECCION INITIAL GLAM ?O? J16264', NULL, 0, 0, NULL, NULL, '2017-12-07'),
('5032115', 1, 1, 1, 1, 3, '29285832', 1, 1, 'COLECCION INITIAL GLAM ?P? J16265', NULL, 0, 0, NULL, NULL, '2017-12-07'),
('5032116', 1, 1, 1, 1, 3, '29285832', 1, 1, 'COLECCION INITIAL GLAM ?Q? J16266', NULL, 0, 0, NULL, NULL, '2017-12-07'),
('5032117', 1, 1, 1, 1, 3, '29285832', 1, 1, 'COLECCION INITIAL GLAM ?R? J16267', NULL, 0, 0, NULL, NULL, '2017-12-07'),
('5032118', 1, 1, 1, 1, 3, '29285832', 1, 1, 'COLECCION INITIAL GLAM ?S? J16268', NULL, 0, 0, NULL, NULL, '2017-12-07'),
('5032119', 1, 1, 1, 1, 3, '29285832', 1, 1, 'COLECCION INITIAL GLAM ?T? J16269', NULL, 0, 0, NULL, NULL, '2017-12-07'),
('5032120', 1, 1, 1, 1, 3, '29285832', 1, 1, 'COLECCION INITIAL GLAM ?U? J16270', NULL, 0, 0, NULL, NULL, '2017-12-07'),
('5032121', 1, 1, 1, 1, 3, '29285832', 1, 1, 'COLECCION INITIAL GLAM ?V? J16271', NULL, 0, 0, NULL, NULL, '2017-12-07'),
('5032122', 1, 1, 1, 1, 3, '29285832', 1, 1, 'COLECCION INITIAL GLAM ?W? J16272', NULL, 0, 0, NULL, NULL, '2017-12-07'),
('5032123', 1, 1, 1, 1, 3, '29285832', 1, 1, 'COLECCION INITIAL GLAM ?X? J16273', NULL, 0, 0, NULL, NULL, '2017-12-07'),
('5032124', 1, 1, 1, 1, 3, '29285832', 1, 1, 'COLECCION INITIAL GLAM ?Y? J16274', NULL, 0, 0, NULL, NULL, '2017-12-07'),
('5032125', 1, 1, 1, 1, 3, '29285832', 1, 1, 'COLECCION INITIAL GLAM ?Z? J16275', NULL, 0, 0, NULL, NULL, '2017-12-07'),
('5032201', 1, 1, 1, 1, 3, '29285832', 1, 1, 'ARETES CELEBRITY CRISTAL J16427', NULL, 0, 0, NULL, NULL, '2017-12-07'),
('5032202', 1, 1, 1, 1, 3, '29285832', 1, 1, 'ARETES GLAZE EN DORE J16429', NULL, 0, 0, NULL, NULL, '2017-12-07'),
('5032203', 1, 1, 1, 1, 3, '29285832', 1, 1, 'ARETES BELLE LOVE J16430', NULL, 0, 0, NULL, NULL, '2017-12-07'),
('5032210', 1, 1, 1, 1, 3, '29285832', 1, 1, 'ARETES NATIVITY STAR J16432', NULL, 0, 0, NULL, NULL, '2017-12-07'),
('5032211', 1, 1, 1, 1, 3, '29285832', 1, 1, 'ARETES CUORE NATIVITY J16433', NULL, 0, 0, NULL, NULL, '2017-12-07'),
('5032222', 1, 1, 1, 1, 3, '29285832', 1, 1, 'COLLAR ELISSE GLAM J16439', NULL, 0, 0, NULL, NULL, '2017-12-07'),
('5032223', 1, 1, 1, 1, 3, '29285832', 1, 1, 'ARETES ELISSE CRISTAL J16440', NULL, 0, 0, NULL, NULL, '2017-12-07'),
('5032224', 1, 1, 1, 1, 3, '29285832', 1, 1, 'ARETES ELISSE CHIC J16441', NULL, 0, 0, NULL, NULL, '2017-12-07'),
('5032265', 1, 1, 1, 1, 3, '29285832', 1, 1, 'SET ARETES PASSIONY J16474', NULL, 0, 0, NULL, NULL, '2017-12-07'),
('5032268', 1, 1, 1, 1, 3, '29285832', 1, 1, 'PULSERA Y ARETES NATIVITY DUO J16477', NULL, 0, 0, NULL, NULL, '2017-12-07');

-- --------------------------------------------------------

--
-- Estructura de tabla para la tabla `proveedor`
--

CREATE TABLE `proveedor` (
  `idProveedor` varchar(45) NOT NULL,
  `idTipoProveedor` int(11) NOT NULL,
  `nombre` varchar(200) DEFAULT NULL,
  `correoElectronico` varchar(45) DEFAULT NULL,
  `fechaNacimiento` varchar(45) DEFAULT NULL
) ENGINE=InnoDB DEFAULT CHARSET=utf8;

--
-- Volcado de datos para la tabla `proveedor`
--

INSERT INTO `proveedor` (`idProveedor`, `idTipoProveedor`, `nombre`, `correoElectronico`, `fechaNacimiento`) VALUES
('20100102413', 6, 'Unique S.A.', 'contacto@yanbal.com', '04/07/1980'),
('20539587294', 1, 'Carvasq E.I.R.L.', 'uniquegleny@hotmail.com', '03/09/2012');

-- --------------------------------------------------------

--
-- Estructura de tabla para la tabla `proveedordireccion`
--

CREATE TABLE `proveedordireccion` (
  `idProveedor` varchar(45) NOT NULL,
  `idDireccion` int(11) NOT NULL
) ENGINE=InnoDB DEFAULT CHARSET=utf8;

-- --------------------------------------------------------

--
-- Estructura de tabla para la tabla `proveedortelefono`
--

CREATE TABLE `proveedortelefono` (
  `idProveedor` varchar(45) NOT NULL,
  `idTelefono` int(11) NOT NULL
) ENGINE=InnoDB DEFAULT CHARSET=utf8;

-- --------------------------------------------------------

--
-- Estructura de tabla para la tabla `subcategoria`
--

CREATE TABLE `subcategoria` (
  `idSubCategoria` int(11) NOT NULL,
  `idCategoria` int(11) NOT NULL,
  `descripcion` varchar(45) DEFAULT NULL
) ENGINE=InnoDB DEFAULT CHARSET=utf8;

--
-- Volcado de datos para la tabla `subcategoria`
--

INSERT INTO `subcategoria` (`idSubCategoria`, `idCategoria`, `descripcion`) VALUES
(1, 1, 'Collares'),
(2, 1, 'Aretes'),
(3, 1, 'Colecciones'),
(4, 1, 'Pulseras'),
(5, 1, 'Sortijas'),
(6, 2, 'Correctores'),
(7, 2, 'Bases'),
(8, 2, 'Polvos'),
(9, 2, 'Rubor'),
(10, 2, 'Esmaltes'),
(11, 2, 'Tratamiento de Uñas'),
(12, 2, 'Sombras'),
(13, 2, 'Rímeles'),
(14, 2, 'Delineadores'),
(15, 2, 'Labiales Mate'),
(16, 2, 'Labiales'),
(17, 2, 'Brillos'),
(18, 2, 'Delineadores de Labios'),
(19, 3, 'Perfumería Dama'),
(20, 3, 'Perfumería Varón'),
(21, 4, 'Catálogo de Producto'),
(22, 4, 'Catálogo de Premios'),
(23, 5, 'Limpiadores y Tónicos'),
(24, 5, 'Cremas y Sueros'),
(25, 5, 'Multiactivas'),
(26, 5, 'Desmaquilladores'),
(27, 5, 'Antimanchas y Aclarantes'),
(28, 6, 'Cuidado de la Piel'),
(29, 6, 'Protectores Solares'),
(30, 6, 'Modeladoras'),
(31, 6, 'Cabello'),
(32, 6, 'Desodorantes'),
(33, 7, 'Material Promocional'),
(34, 6, 'Colonia'),
(35, 8, 'Shampoo'),
(36, 8, 'Colonia');

-- --------------------------------------------------------

--
-- Estructura de tabla para la tabla `tamaño`
--

CREATE TABLE `tamaño` (
  `idTamaño` int(11) NOT NULL,
  `nombre` varchar(30) DEFAULT NULL,
  `descripcion` varchar(200) DEFAULT NULL
) ENGINE=InnoDB DEFAULT CHARSET=utf8;

--
-- Volcado de datos para la tabla `tamaño`
--

INSERT INTO `tamaño` (`idTamaño`, `nombre`, `descripcion`) VALUES
(1, 'Grande', 'Paquete mayor a 50x50cm'),
(2, 'Mediano', 'Paquete entre 10x10cm a 50x50cm'),
(3, 'Pequeño', 'Paquete menor a 10x10cm');

-- --------------------------------------------------------

--
-- Estructura de tabla para la tabla `telefono`
--

CREATE TABLE `telefono` (
  `idTelefono` int(11) NOT NULL,
  `numeroTelefono` varchar(45) DEFAULT NULL
) ENGINE=InnoDB DEFAULT CHARSET=utf8;

-- --------------------------------------------------------

--
-- Estructura de tabla para la tabla `tipomovimiento`
--

CREATE TABLE `tipomovimiento` (
  `idTipoMovimiento` int(11) NOT NULL,
  `descripcion` varchar(45) DEFAULT NULL,
  `tipo` tinyint(1) DEFAULT NULL
) ENGINE=InnoDB DEFAULT CHARSET=utf8;

--
-- Volcado de datos para la tabla `tipomovimiento`
--

INSERT INTO `tipomovimiento` (`idTipoMovimiento`, `descripcion`, `tipo`) VALUES
(1, 'Compra', 0),
(2, 'Venta', 1),
(3, 'Pago de Servicios', 0),
(4, 'Préstamos de Efectivo', 0),
(5, 'Otros Egreso', 0),
(6, 'Otros Ingreso', 1),
(7, 'Pago Préstamo Efectivo', 1),
(8, 'Pago Préstamo Producto', 1),
(9, 'Pago Compra', 0),
(10, 'Cobro Venta', 1),
(11, 'Pago con Cupón', NULL);

-- --------------------------------------------------------

--
-- Estructura de tabla para la tabla `tipoproducto`
--

CREATE TABLE `tipoproducto` (
  `idTipoProducto` int(11) NOT NULL,
  `descripcion` varchar(45) DEFAULT NULL
) ENGINE=InnoDB DEFAULT CHARSET=utf8;

--
-- Volcado de datos para la tabla `tipoproducto`
--

INSERT INTO `tipoproducto` (`idTipoProducto`, `descripcion`) VALUES
(1, 'Producto Estandar'),
(2, 'Premio'),
(3, 'Material Promocional');

-- --------------------------------------------------------

--
-- Estructura de tabla para la tabla `tipoproveedor`
--

CREATE TABLE `tipoproveedor` (
  `idTipoProveedor` int(11) NOT NULL,
  `descripcion` varchar(200) DEFAULT NULL
) ENGINE=InnoDB DEFAULT CHARSET=utf8;

--
-- Volcado de datos para la tabla `tipoproveedor`
--

INSERT INTO `tipoproveedor` (`idTipoProveedor`, `descripcion`) VALUES
(1, 'Propio'),
(2, 'Directora Externa'),
(3, 'Cliente'),
(4, 'Colaboradora Interna'),
(5, 'Colaboradora Externa'),
(6, 'Proveedor');

-- --------------------------------------------------------

--
-- Estructura de tabla para la tabla `tipotransaccion`
--

CREATE TABLE `tipotransaccion` (
  `idTipoTransaccion` int(11) NOT NULL,
  `descripcion` varchar(45) DEFAULT NULL
) ENGINE=InnoDB DEFAULT CHARSET=utf8;

--
-- Volcado de datos para la tabla `tipotransaccion`
--

INSERT INTO `tipotransaccion` (`idTipoTransaccion`, `descripcion`) VALUES
(1, 'Orden de Compra'),
(2, 'Devolución Préstamo'),
(4, 'Orden de Recepción'),
(5, 'Orden de Venta'),
(6, 'Préstamo'),
(7, 'Transferencia de Ubicación'),
(8, 'Conteo de Inventario');

-- --------------------------------------------------------

--
-- Estructura de tabla para la tabla `transaccion`
--

CREATE TABLE `transaccion` (
  `idTransaccion` varchar(45) NOT NULL,
  `idEstado` int(11) NOT NULL,
  `idProveedor` varchar(45) NOT NULL,
  `idTipoTransaccion` int(11) NOT NULL,
  `idColaborador` varchar(45) DEFAULT NULL,
  `escalaDescuento` int(11) DEFAULT NULL,
  `idComprobante` int(11) DEFAULT NULL,
  `fechaTransaccion` varchar(45) DEFAULT NULL,
  `fechaEstimada` varchar(45) DEFAULT NULL,
  `fechaVencimiento` varchar(45) DEFAULT NULL,
  `costoTransaccion` float DEFAULT NULL,
  `observacion` varchar(300) DEFAULT NULL,
  `referenciaTransaccion` varchar(45) DEFAULT NULL,
  `montoTotal` float DEFAULT NULL,
  `montoRestante` float DEFAULT NULL
) ENGINE=InnoDB DEFAULT CHARSET=utf8;

--
-- Volcado de datos para la tabla `transaccion`
--

INSERT INTO `transaccion` (`idTransaccion`, `idEstado`, `idProveedor`, `idTipoTransaccion`, `idColaborador`, `escalaDescuento`, `idComprobante`, `fechaTransaccion`, `fechaEstimada`, `fechaVencimiento`, `costoTransaccion`, `observacion`, `referenciaTransaccion`, `montoTotal`, `montoRestante`) VALUES
('OV18A22Q5021', 4, '20539587294', 5, '2954585', NULL, NULL, '2018-01-22|17:50:38', NULL, NULL, 0, '-', NULL, NULL, NULL),
('OV18A22R0218', 4, '20539587294', 5, '2954585', NULL, NULL, '', NULL, NULL, 0, '', NULL, NULL, NULL),
('OV18A22R0351', 4, '20539587294', 5, '2954585', NULL, NULL, '', NULL, NULL, 0, '0', NULL, NULL, NULL),
('OV18A22R0532', 4, '20539587294', 5, '2954585', NULL, NULL, '2018-01-22|18:05:41', NULL, NULL, 0, '', NULL, NULL, NULL),
('OV18A22R0711', 4, '20539587294', 5, '2954585', NULL, NULL, '2018-01-22|18:07:22', NULL, NULL, 0, '0', NULL, NULL, NULL);

-- --------------------------------------------------------

--
-- Estructura de tabla para la tabla `transaccionproducto`
--

CREATE TABLE `transaccionproducto` (
  `idProducto` varchar(45) NOT NULL,
  `idTransaccion` varchar(45) NOT NULL,
  `idUbicacionInicial` varchar(10) DEFAULT NULL,
  `idUbicacionFinal` varchar(10) DEFAULT NULL,
  `idDescuento` int(11) DEFAULT NULL,
  `valorUnitario` float DEFAULT NULL,
  `cantidad` int(11) DEFAULT NULL,
  `idPromocion` varchar(45) DEFAULT NULL,
  `observacion` varchar(300) DEFAULT NULL,
  `stockInicial` int(11) DEFAULT NULL,
  `stockFinal` int(11) DEFAULT NULL,
  `descuento` tinyint(1) DEFAULT NULL
) ENGINE=InnoDB DEFAULT CHARSET=utf8;

-- --------------------------------------------------------

--
-- Estructura de tabla para la tabla `ubicacion`
--

CREATE TABLE `ubicacion` (
  `idUbicacion` varchar(10) NOT NULL,
  `idAlmacen` int(11) NOT NULL,
  `descripcion` varchar(45) DEFAULT NULL
) ENGINE=InnoDB DEFAULT CHARSET=utf8;

--
-- Volcado de datos para la tabla `ubicacion`
--

INSERT INTO `ubicacion` (`idUbicacion`, `idAlmacen`, `descripcion`) VALUES
('AP-A1', 2, 'Almacén Principal - Anaquel A Fila 1');

-- --------------------------------------------------------

--
-- Estructura de tabla para la tabla `ubicacionproducto`
--

CREATE TABLE `ubicacionproducto` (
  `idProducto` varchar(45) NOT NULL,
  `idUbicacion` varchar(10) NOT NULL,
  `stock` int(11) DEFAULT NULL,
  `fechaModificacion` varchar(45) DEFAULT NULL
) ENGINE=InnoDB DEFAULT CHARSET=utf8;

-- --------------------------------------------------------

--
-- Estructura de tabla para la tabla `unidadmedida`
--

CREATE TABLE `unidadmedida` (
  `idUnidadMedida` int(11) NOT NULL,
  `descripcion` varchar(200) DEFAULT NULL,
  `simbolo` varchar(5) DEFAULT NULL
) ENGINE=InnoDB DEFAULT CHARSET=utf8;

--
-- Volcado de datos para la tabla `unidadmedida`
--

INSERT INTO `unidadmedida` (`idUnidadMedida`, `descripcion`, `simbolo`) VALUES
(1, 'Unidad', 'un.');

--
-- Índices para tablas volcadas
--

--
-- Indices de la tabla `almacen`
--
ALTER TABLE `almacen`
  ADD PRIMARY KEY (`idAlmacen`),
  ADD UNIQUE KEY `idAlmacen_UNIQUE` (`idAlmacen`);

--
-- Indices de la tabla `campana`
--
ALTER TABLE `campana`
  ADD PRIMARY KEY (`idCampana`),
  ADD UNIQUE KEY `idCampana_UNIQUE` (`idCampana`);

--
-- Indices de la tabla `catalogo`
--
ALTER TABLE `catalogo`
  ADD PRIMARY KEY (`idCatalogo`,`idCampana`),
  ADD UNIQUE KEY `idCatalogo_UNIQUE` (`idCatalogo`),
  ADD KEY `fk_Catalogo_Campana1_idx` (`idCampana`);

--
-- Indices de la tabla `catalogoproducto`
--
ALTER TABLE `catalogoproducto`
  ADD PRIMARY KEY (`idProducto`,`idCatalogo`),
  ADD KEY `fk_Catalogo_has_Producto_Producto1_idx` (`idProducto`),
  ADD KEY `fk_CatalogoProducto_Catalogo1_idx` (`idCatalogo`);

--
-- Indices de la tabla `catalogoproveedor`
--
ALTER TABLE `catalogoproveedor`
  ADD PRIMARY KEY (`idProveedor`,`idCatalogo`),
  ADD KEY `fk_Catalogo_has_Proveedor_Proveedor1_idx` (`idProveedor`),
  ADD KEY `fk_CatalogoProveedor_Catalogo1_idx` (`idCatalogo`);

--
-- Indices de la tabla `categoria`
--
ALTER TABLE `categoria`
  ADD PRIMARY KEY (`idCategoria`),
  ADD UNIQUE KEY `idCategoria_UNIQUE` (`idCategoria`);

--
-- Indices de la tabla `categoriausuario`
--
ALTER TABLE `categoriausuario`
  ADD PRIMARY KEY (`idCategoriaUsuario`),
  ADD UNIQUE KEY `idCategoriaUsuario_UNIQUE` (`idCategoriaUsuario`);

--
-- Indices de la tabla `ciudad`
--
ALTER TABLE `ciudad`
  ADD PRIMARY KEY (`idCiudad`);

--
-- Indices de la tabla `colaborador`
--
ALTER TABLE `colaborador`
  ADD PRIMARY KEY (`idColaborador`,`idCategoriaUsuario`),
  ADD UNIQUE KEY `idColaborador_UNIQUE` (`idColaborador`),
  ADD KEY `fk_Colaborador_CategoriaUsuario1_idx` (`idCategoriaUsuario`);

--
-- Indices de la tabla `color`
--
ALTER TABLE `color`
  ADD PRIMARY KEY (`idColor`),
  ADD UNIQUE KEY `idColor_UNIQUE` (`idColor`);

--
-- Indices de la tabla `comprobante`
--
ALTER TABLE `comprobante`
  ADD PRIMARY KEY (`idComprobante`),
  ADD UNIQUE KEY `idComprobante_UNIQUE` (`idComprobante`);

--
-- Indices de la tabla `cuenta`
--
ALTER TABLE `cuenta`
  ADD PRIMARY KEY (`idCuenta`),
  ADD UNIQUE KEY `idCuenta_UNIQUE` (`idCuenta`);

--
-- Indices de la tabla `databaselog`
--
ALTER TABLE `databaselog`
  ADD PRIMARY KEY (`idDatabaseLog`,`idColaborador`),
  ADD UNIQUE KEY `idDatabaseLog_UNIQUE` (`idDatabaseLog`),
  ADD KEY `fk_DatabaseLog_Colaborador1_idx` (`idColaborador`);

--
-- Indices de la tabla `descuento`
--
ALTER TABLE `descuento`
  ADD PRIMARY KEY (`idDescuento`);

--
-- Indices de la tabla `direccion`
--
ALTER TABLE `direccion`
  ADD PRIMARY KEY (`idDireccion`,`idCiudad`),
  ADD KEY `fk_Direccion_Ciudad1_idx` (`idCiudad`);

--
-- Indices de la tabla `estado`
--
ALTER TABLE `estado`
  ADD PRIMARY KEY (`idEstado`),
  ADD UNIQUE KEY `idEstado_UNIQUE` (`idEstado`);

--
-- Indices de la tabla `genero`
--
ALTER TABLE `genero`
  ADD PRIMARY KEY (`idGenero`),
  ADD UNIQUE KEY `idGenero_UNIQUE` (`idGenero`);

--
-- Indices de la tabla `logsaldos`
--
ALTER TABLE `logsaldos`
  ADD PRIMARY KEY (`idLogSaldos`,`idCuenta`),
  ADD UNIQUE KEY `idLogSaldos_UNIQUE` (`idLogSaldos`),
  ADD KEY `fk_LogSaldos_Cuenta1_idx` (`idCuenta`);

--
-- Indices de la tabla `mediopago`
--
ALTER TABLE `mediopago`
  ADD PRIMARY KEY (`idMedioPago`),
  ADD UNIQUE KEY `idMedioPago_UNIQUE` (`idMedioPago`);

--
-- Indices de la tabla `movimiento`
--
ALTER TABLE `movimiento`
  ADD PRIMARY KEY (`idMovimiento`,`idProveedor`,`idTipoMovimiento`),
  ADD UNIQUE KEY `idMovimiento_UNIQUE` (`idMovimiento`),
  ADD KEY `fk_Movimientos_Transaccion1_idx` (`idTransaccionPrimaria`),
  ADD KEY `fk_Movimientos_MedioPago1_idx` (`idMedioPago`),
  ADD KEY `fk_Movimientos_Transaccion2_idx` (`idTransaccionReferencial`),
  ADD KEY `fk_Movimientos_Cuenta1_idx` (`idCuenta`),
  ADD KEY `fk_Movimiento_Proveedor1_idx` (`idProveedor`),
  ADD KEY `fk_Movimiento_Comprobante1_idx` (`idComprobante`),
  ADD KEY `fk_Movimiento_TipoMovimiento1_idx` (`idTipoMovimiento`),
  ADD KEY `fk_Movimiento_Colaborador1_idx` (`idColaborador`);

--
-- Indices de la tabla `producto`
--
ALTER TABLE `producto`
  ADD PRIMARY KEY (`idProducto`,`idTipoProducto`,`idSubCategoria`,`idUnidadMedida`,`idColaborador`,`idEstado`,`idGenero`),
  ADD UNIQUE KEY `idProducto_UNIQUE` (`idProducto`),
  ADD KEY `fk_Producto_Color1_idx` (`idColor`),
  ADD KEY `fk_Producto_UnidadMedida1_idx` (`idUnidadMedida`),
  ADD KEY `fk_Producto_Tamaño1_idx` (`idTamaño`),
  ADD KEY `fk_Producto_Colaborador1_idx` (`idColaborador`),
  ADD KEY `fk_Producto_TipoProducto1_idx` (`idTipoProducto`),
  ADD KEY `fk_Producto_Estado1_idx` (`idEstado`),
  ADD KEY `fk_Producto_SubCategoria1_idx` (`idSubCategoria`),
  ADD KEY `fk_Producto_Genero1_idx` (`idGenero`);

--
-- Indices de la tabla `proveedor`
--
ALTER TABLE `proveedor`
  ADD PRIMARY KEY (`idProveedor`,`idTipoProveedor`),
  ADD UNIQUE KEY `idProveedor_UNIQUE` (`idProveedor`),
  ADD KEY `fk_Proveedor_TipoProveedor1_idx` (`idTipoProveedor`);

--
-- Indices de la tabla `proveedordireccion`
--
ALTER TABLE `proveedordireccion`
  ADD PRIMARY KEY (`idProveedor`,`idDireccion`),
  ADD KEY `fk_Proveedor_has_Direccion_Direccion1_idx` (`idDireccion`),
  ADD KEY `fk_Proveedor_has_Direccion_Proveedor1_idx` (`idProveedor`);

--
-- Indices de la tabla `proveedortelefono`
--
ALTER TABLE `proveedortelefono`
  ADD PRIMARY KEY (`idProveedor`,`idTelefono`),
  ADD KEY `fk_Proveedor_has_Telefono_Telefono1_idx` (`idTelefono`),
  ADD KEY `fk_Proveedor_has_Telefono_Proveedor1_idx` (`idProveedor`);

--
-- Indices de la tabla `subcategoria`
--
ALTER TABLE `subcategoria`
  ADD PRIMARY KEY (`idSubCategoria`,`idCategoria`),
  ADD UNIQUE KEY `idSubCategoria_UNIQUE` (`idSubCategoria`),
  ADD KEY `fk_SubCategoria_Categoria1_idx` (`idCategoria`);

--
-- Indices de la tabla `tamaño`
--
ALTER TABLE `tamaño`
  ADD PRIMARY KEY (`idTamaño`),
  ADD UNIQUE KEY `idTamaño_UNIQUE` (`idTamaño`);

--
-- Indices de la tabla `telefono`
--
ALTER TABLE `telefono`
  ADD PRIMARY KEY (`idTelefono`);

--
-- Indices de la tabla `tipomovimiento`
--
ALTER TABLE `tipomovimiento`
  ADD PRIMARY KEY (`idTipoMovimiento`),
  ADD UNIQUE KEY `idTipoMovimiento_UNIQUE` (`idTipoMovimiento`);

--
-- Indices de la tabla `tipoproducto`
--
ALTER TABLE `tipoproducto`
  ADD PRIMARY KEY (`idTipoProducto`),
  ADD UNIQUE KEY `idTipoProducto_UNIQUE` (`idTipoProducto`);

--
-- Indices de la tabla `tipoproveedor`
--
ALTER TABLE `tipoproveedor`
  ADD PRIMARY KEY (`idTipoProveedor`),
  ADD UNIQUE KEY `idTipoProveedor_UNIQUE` (`idTipoProveedor`);

--
-- Indices de la tabla `tipotransaccion`
--
ALTER TABLE `tipotransaccion`
  ADD PRIMARY KEY (`idTipoTransaccion`),
  ADD UNIQUE KEY `idTipoTransaccion_UNIQUE` (`idTipoTransaccion`);

--
-- Indices de la tabla `transaccion`
--
ALTER TABLE `transaccion`
  ADD PRIMARY KEY (`idTransaccion`,`idEstado`,`idProveedor`,`idTipoTransaccion`),
  ADD UNIQUE KEY `idTransaccion_UNIQUE` (`idTransaccion`),
  ADD KEY `fk_Transaccion_Estado1_idx` (`idEstado`),
  ADD KEY `fk_Transaccion_Proveedor1_idx` (`idProveedor`),
  ADD KEY `fk_Transaccion_TipoTransaccion1_idx` (`idTipoTransaccion`),
  ADD KEY `fk_Transaccion_Colaborador1_idx` (`idColaborador`),
  ADD KEY `fk_Transaccion_Comprobante1_idx` (`idComprobante`);

--
-- Indices de la tabla `transaccionproducto`
--
ALTER TABLE `transaccionproducto`
  ADD PRIMARY KEY (`idProducto`,`idTransaccion`),
  ADD KEY `fk_Producto_has_Transaccion_Transaccion1_idx` (`idTransaccion`),
  ADD KEY `fk_Producto_has_Transaccion_Producto1_idx` (`idProducto`),
  ADD KEY `fk_TransaccionProducto_Ubicacion1_idx` (`idUbicacionFinal`),
  ADD KEY `fk_TransaccionProducto_Ubicacion2_idx` (`idUbicacionInicial`),
  ADD KEY `fk_TransaccionProducto_Descuento1_idx` (`idDescuento`);

--
-- Indices de la tabla `ubicacion`
--
ALTER TABLE `ubicacion`
  ADD PRIMARY KEY (`idUbicacion`,`idAlmacen`),
  ADD UNIQUE KEY `idUbicacion_UNIQUE` (`idUbicacion`),
  ADD KEY `fk_Ubicacion_Almacen1_idx` (`idAlmacen`);

--
-- Indices de la tabla `ubicacionproducto`
--
ALTER TABLE `ubicacionproducto`
  ADD PRIMARY KEY (`idProducto`,`idUbicacion`),
  ADD KEY `fk_Producto_has_Ubicacion_Ubicacion1_idx` (`idUbicacion`),
  ADD KEY `fk_Producto_has_Ubicacion_Producto1_idx` (`idProducto`);

--
-- Indices de la tabla `unidadmedida`
--
ALTER TABLE `unidadmedida`
  ADD PRIMARY KEY (`idUnidadMedida`),
  ADD UNIQUE KEY `idUnidadMedida_UNIQUE` (`idUnidadMedida`);

--
-- AUTO_INCREMENT de las tablas volcadas
--

--
-- AUTO_INCREMENT de la tabla `almacen`
--
ALTER TABLE `almacen`
  MODIFY `idAlmacen` int(11) NOT NULL AUTO_INCREMENT, AUTO_INCREMENT=4;
--
-- AUTO_INCREMENT de la tabla `categoria`
--
ALTER TABLE `categoria`
  MODIFY `idCategoria` int(11) NOT NULL AUTO_INCREMENT, AUTO_INCREMENT=9;
--
-- AUTO_INCREMENT de la tabla `categoriausuario`
--
ALTER TABLE `categoriausuario`
  MODIFY `idCategoriaUsuario` int(11) NOT NULL AUTO_INCREMENT, AUTO_INCREMENT=3;
--
-- AUTO_INCREMENT de la tabla `ciudad`
--
ALTER TABLE `ciudad`
  MODIFY `idCiudad` int(11) NOT NULL AUTO_INCREMENT, AUTO_INCREMENT=2;
--
-- AUTO_INCREMENT de la tabla `color`
--
ALTER TABLE `color`
  MODIFY `idColor` int(11) NOT NULL AUTO_INCREMENT, AUTO_INCREMENT=58;
--
-- AUTO_INCREMENT de la tabla `comprobante`
--
ALTER TABLE `comprobante`
  MODIFY `idComprobante` int(11) NOT NULL AUTO_INCREMENT, AUTO_INCREMENT=3;
--
-- AUTO_INCREMENT de la tabla `databaselog`
--
ALTER TABLE `databaselog`
  MODIFY `idDatabaseLog` int(11) NOT NULL AUTO_INCREMENT, AUTO_INCREMENT=1314;
--
-- AUTO_INCREMENT de la tabla `descuento`
--
ALTER TABLE `descuento`
  MODIFY `idDescuento` int(11) NOT NULL AUTO_INCREMENT, AUTO_INCREMENT=5;
--
-- AUTO_INCREMENT de la tabla `direccion`
--
ALTER TABLE `direccion`
  MODIFY `idDireccion` int(11) NOT NULL AUTO_INCREMENT;
--
-- AUTO_INCREMENT de la tabla `estado`
--
ALTER TABLE `estado`
  MODIFY `idEstado` int(11) NOT NULL AUTO_INCREMENT, AUTO_INCREMENT=7;
--
-- AUTO_INCREMENT de la tabla `genero`
--
ALTER TABLE `genero`
  MODIFY `idGenero` int(11) NOT NULL AUTO_INCREMENT, AUTO_INCREMENT=5;
--
-- AUTO_INCREMENT de la tabla `logsaldos`
--
ALTER TABLE `logsaldos`
  MODIFY `idLogSaldos` int(11) NOT NULL AUTO_INCREMENT, AUTO_INCREMENT=2;
--
-- AUTO_INCREMENT de la tabla `mediopago`
--
ALTER TABLE `mediopago`
  MODIFY `idMedioPago` int(11) NOT NULL AUTO_INCREMENT, AUTO_INCREMENT=5;
--
-- AUTO_INCREMENT de la tabla `subcategoria`
--
ALTER TABLE `subcategoria`
  MODIFY `idSubCategoria` int(11) NOT NULL AUTO_INCREMENT, AUTO_INCREMENT=37;
--
-- AUTO_INCREMENT de la tabla `tamaño`
--
ALTER TABLE `tamaño`
  MODIFY `idTamaño` int(11) NOT NULL AUTO_INCREMENT, AUTO_INCREMENT=4;
--
-- AUTO_INCREMENT de la tabla `telefono`
--
ALTER TABLE `telefono`
  MODIFY `idTelefono` int(11) NOT NULL AUTO_INCREMENT;
--
-- AUTO_INCREMENT de la tabla `tipomovimiento`
--
ALTER TABLE `tipomovimiento`
  MODIFY `idTipoMovimiento` int(11) NOT NULL AUTO_INCREMENT, AUTO_INCREMENT=12;
--
-- AUTO_INCREMENT de la tabla `tipoproducto`
--
ALTER TABLE `tipoproducto`
  MODIFY `idTipoProducto` int(11) NOT NULL AUTO_INCREMENT, AUTO_INCREMENT=4;
--
-- AUTO_INCREMENT de la tabla `tipoproveedor`
--
ALTER TABLE `tipoproveedor`
  MODIFY `idTipoProveedor` int(11) NOT NULL AUTO_INCREMENT, AUTO_INCREMENT=7;
--
-- AUTO_INCREMENT de la tabla `tipotransaccion`
--
ALTER TABLE `tipotransaccion`
  MODIFY `idTipoTransaccion` int(11) NOT NULL AUTO_INCREMENT, AUTO_INCREMENT=9;
--
-- AUTO_INCREMENT de la tabla `unidadmedida`
--
ALTER TABLE `unidadmedida`
  MODIFY `idUnidadMedida` int(11) NOT NULL AUTO_INCREMENT, AUTO_INCREMENT=2;
--
-- Restricciones para tablas volcadas
--

--
-- Filtros para la tabla `catalogo`
--
ALTER TABLE `catalogo`
  ADD CONSTRAINT `fk_Catalogo_Campana1` FOREIGN KEY (`idCampana`) REFERENCES `campana` (`idCampana`) ON DELETE NO ACTION ON UPDATE NO ACTION;

--
-- Filtros para la tabla `catalogoproducto`
--
ALTER TABLE `catalogoproducto`
  ADD CONSTRAINT `fk_CatalogoProducto_Catalogo1` FOREIGN KEY (`idCatalogo`) REFERENCES `catalogo` (`idCatalogo`) ON DELETE NO ACTION ON UPDATE NO ACTION,
  ADD CONSTRAINT `fk_Catalogo_has_Producto_Producto1` FOREIGN KEY (`idProducto`) REFERENCES `producto` (`idProducto`) ON DELETE NO ACTION ON UPDATE NO ACTION;

--
-- Filtros para la tabla `catalogoproveedor`
--
ALTER TABLE `catalogoproveedor`
  ADD CONSTRAINT `fk_CatalogoProveedor_Catalogo1` FOREIGN KEY (`idCatalogo`) REFERENCES `catalogo` (`idCatalogo`) ON DELETE NO ACTION ON UPDATE NO ACTION,
  ADD CONSTRAINT `fk_Catalogo_has_Proveedor_Proveedor1` FOREIGN KEY (`idProveedor`) REFERENCES `proveedor` (`idProveedor`) ON DELETE NO ACTION ON UPDATE NO ACTION;

--
-- Filtros para la tabla `colaborador`
--
ALTER TABLE `colaborador`
  ADD CONSTRAINT `fk_Colaborador_CategoriaUsuario1` FOREIGN KEY (`idCategoriaUsuario`) REFERENCES `categoriausuario` (`idCategoriaUsuario`) ON DELETE NO ACTION ON UPDATE NO ACTION;

--
-- Filtros para la tabla `databaselog`
--
ALTER TABLE `databaselog`
  ADD CONSTRAINT `fk_DatabaseLog_Colaborador1` FOREIGN KEY (`idColaborador`) REFERENCES `colaborador` (`idColaborador`) ON DELETE NO ACTION ON UPDATE NO ACTION;

--
-- Filtros para la tabla `direccion`
--
ALTER TABLE `direccion`
  ADD CONSTRAINT `fk_Direccion_Ciudad1` FOREIGN KEY (`idCiudad`) REFERENCES `ciudad` (`idCiudad`) ON DELETE NO ACTION ON UPDATE NO ACTION;

--
-- Filtros para la tabla `logsaldos`
--
ALTER TABLE `logsaldos`
  ADD CONSTRAINT `fk_LogSaldos_Cuenta1` FOREIGN KEY (`idCuenta`) REFERENCES `cuenta` (`idCuenta`) ON DELETE NO ACTION ON UPDATE NO ACTION;

--
-- Filtros para la tabla `movimiento`
--
ALTER TABLE `movimiento`
  ADD CONSTRAINT `fk_Movimiento_Colaborador1` FOREIGN KEY (`idColaborador`) REFERENCES `colaborador` (`idColaborador`) ON DELETE NO ACTION ON UPDATE NO ACTION,
  ADD CONSTRAINT `fk_Movimiento_Comprobante1` FOREIGN KEY (`idComprobante`) REFERENCES `comprobante` (`idComprobante`) ON DELETE NO ACTION ON UPDATE NO ACTION,
  ADD CONSTRAINT `fk_Movimiento_Proveedor1` FOREIGN KEY (`idProveedor`) REFERENCES `proveedor` (`idProveedor`) ON DELETE NO ACTION ON UPDATE NO ACTION,
  ADD CONSTRAINT `fk_Movimiento_TipoMovimiento1` FOREIGN KEY (`idTipoMovimiento`) REFERENCES `tipomovimiento` (`idTipoMovimiento`) ON DELETE NO ACTION ON UPDATE NO ACTION,
  ADD CONSTRAINT `fk_Movimientos_Cuenta1` FOREIGN KEY (`idCuenta`) REFERENCES `cuenta` (`idCuenta`) ON DELETE NO ACTION ON UPDATE NO ACTION,
  ADD CONSTRAINT `fk_Movimientos_MedioPago1` FOREIGN KEY (`idMedioPago`) REFERENCES `mediopago` (`idMedioPago`) ON DELETE NO ACTION ON UPDATE NO ACTION,
  ADD CONSTRAINT `fk_Movimientos_Transaccion1` FOREIGN KEY (`idTransaccionPrimaria`) REFERENCES `transaccion` (`idTransaccion`) ON DELETE NO ACTION ON UPDATE NO ACTION,
  ADD CONSTRAINT `fk_Movimientos_Transaccion2` FOREIGN KEY (`idTransaccionReferencial`) REFERENCES `transaccion` (`idTransaccion`) ON DELETE NO ACTION ON UPDATE NO ACTION;

--
-- Filtros para la tabla `producto`
--
ALTER TABLE `producto`
  ADD CONSTRAINT `fk_Producto_Colaborador1` FOREIGN KEY (`idColaborador`) REFERENCES `colaborador` (`idColaborador`) ON DELETE NO ACTION ON UPDATE NO ACTION,
  ADD CONSTRAINT `fk_Producto_Color1` FOREIGN KEY (`idColor`) REFERENCES `color` (`idColor`) ON DELETE NO ACTION ON UPDATE NO ACTION,
  ADD CONSTRAINT `fk_Producto_Estado1` FOREIGN KEY (`idEstado`) REFERENCES `estado` (`idEstado`) ON DELETE NO ACTION ON UPDATE NO ACTION,
  ADD CONSTRAINT `fk_Producto_Genero1` FOREIGN KEY (`idGenero`) REFERENCES `genero` (`idGenero`) ON DELETE NO ACTION ON UPDATE NO ACTION,
  ADD CONSTRAINT `fk_Producto_SubCategoria1` FOREIGN KEY (`idSubCategoria`) REFERENCES `subcategoria` (`idSubCategoria`) ON DELETE NO ACTION ON UPDATE NO ACTION,
  ADD CONSTRAINT `fk_Producto_Tamaño1` FOREIGN KEY (`idTamaño`) REFERENCES `tamaño` (`idTamaño`) ON DELETE NO ACTION ON UPDATE NO ACTION,
  ADD CONSTRAINT `fk_Producto_TipoProducto1` FOREIGN KEY (`idTipoProducto`) REFERENCES `tipoproducto` (`idTipoProducto`) ON DELETE NO ACTION ON UPDATE NO ACTION,
  ADD CONSTRAINT `fk_Producto_UnidadMedida1` FOREIGN KEY (`idUnidadMedida`) REFERENCES `unidadmedida` (`idUnidadMedida`) ON DELETE NO ACTION ON UPDATE NO ACTION;

--
-- Filtros para la tabla `proveedor`
--
ALTER TABLE `proveedor`
  ADD CONSTRAINT `fk_Proveedor_TipoProveedor1` FOREIGN KEY (`idTipoProveedor`) REFERENCES `tipoproveedor` (`idTipoProveedor`) ON DELETE NO ACTION ON UPDATE NO ACTION;

--
-- Filtros para la tabla `proveedordireccion`
--
ALTER TABLE `proveedordireccion`
  ADD CONSTRAINT `fk_Proveedor_has_Direccion_Direccion1` FOREIGN KEY (`idDireccion`) REFERENCES `direccion` (`idDireccion`) ON DELETE NO ACTION ON UPDATE NO ACTION,
  ADD CONSTRAINT `fk_Proveedor_has_Direccion_Proveedor1` FOREIGN KEY (`idProveedor`) REFERENCES `proveedor` (`idProveedor`) ON DELETE NO ACTION ON UPDATE NO ACTION;

--
-- Filtros para la tabla `proveedortelefono`
--
ALTER TABLE `proveedortelefono`
  ADD CONSTRAINT `fk_Proveedor_has_Telefono_Proveedor1` FOREIGN KEY (`idProveedor`) REFERENCES `proveedor` (`idProveedor`) ON DELETE NO ACTION ON UPDATE NO ACTION,
  ADD CONSTRAINT `fk_Proveedor_has_Telefono_Telefono1` FOREIGN KEY (`idTelefono`) REFERENCES `telefono` (`idTelefono`) ON DELETE NO ACTION ON UPDATE NO ACTION;

--
-- Filtros para la tabla `subcategoria`
--
ALTER TABLE `subcategoria`
  ADD CONSTRAINT `fk_SubCategoria_Categoria1` FOREIGN KEY (`idCategoria`) REFERENCES `categoria` (`idCategoria`) ON DELETE NO ACTION ON UPDATE NO ACTION;

--
-- Filtros para la tabla `transaccion`
--
ALTER TABLE `transaccion`
  ADD CONSTRAINT `fk_Transaccion_Colaborador1` FOREIGN KEY (`idColaborador`) REFERENCES `colaborador` (`idColaborador`) ON DELETE NO ACTION ON UPDATE NO ACTION,
  ADD CONSTRAINT `fk_Transaccion_Comprobante1` FOREIGN KEY (`idComprobante`) REFERENCES `comprobante` (`idComprobante`) ON DELETE NO ACTION ON UPDATE NO ACTION,
  ADD CONSTRAINT `fk_Transaccion_Estado1` FOREIGN KEY (`idEstado`) REFERENCES `estado` (`idEstado`) ON DELETE NO ACTION ON UPDATE NO ACTION,
  ADD CONSTRAINT `fk_Transaccion_Proveedor1` FOREIGN KEY (`idProveedor`) REFERENCES `proveedor` (`idProveedor`) ON DELETE NO ACTION ON UPDATE NO ACTION,
  ADD CONSTRAINT `fk_Transaccion_TipoTransaccion1` FOREIGN KEY (`idTipoTransaccion`) REFERENCES `tipotransaccion` (`idTipoTransaccion`) ON DELETE NO ACTION ON UPDATE NO ACTION;

--
-- Filtros para la tabla `transaccionproducto`
--
ALTER TABLE `transaccionproducto`
  ADD CONSTRAINT `fk_Producto_has_Transaccion_Producto1` FOREIGN KEY (`idProducto`) REFERENCES `producto` (`idProducto`) ON DELETE NO ACTION ON UPDATE NO ACTION,
  ADD CONSTRAINT `fk_Producto_has_Transaccion_Transaccion1` FOREIGN KEY (`idTransaccion`) REFERENCES `transaccion` (`idTransaccion`) ON DELETE NO ACTION ON UPDATE NO ACTION,
  ADD CONSTRAINT `fk_TransaccionProducto_Descuento1` FOREIGN KEY (`idDescuento`) REFERENCES `descuento` (`idDescuento`) ON DELETE NO ACTION ON UPDATE NO ACTION,
  ADD CONSTRAINT `fk_TransaccionProducto_Ubicacion1` FOREIGN KEY (`idUbicacionFinal`) REFERENCES `ubicacion` (`idUbicacion`) ON DELETE NO ACTION ON UPDATE NO ACTION,
  ADD CONSTRAINT `fk_TransaccionProducto_Ubicacion2` FOREIGN KEY (`idUbicacionInicial`) REFERENCES `ubicacion` (`idUbicacion`) ON DELETE NO ACTION ON UPDATE NO ACTION;

--
-- Filtros para la tabla `ubicacion`
--
ALTER TABLE `ubicacion`
  ADD CONSTRAINT `fk_Ubicacion_Almacen1` FOREIGN KEY (`idAlmacen`) REFERENCES `almacen` (`idAlmacen`) ON DELETE NO ACTION ON UPDATE NO ACTION;

--
-- Filtros para la tabla `ubicacionproducto`
--
ALTER TABLE `ubicacionproducto`
  ADD CONSTRAINT `fk_Producto_has_Ubicacion_Producto1` FOREIGN KEY (`idProducto`) REFERENCES `producto` (`idProducto`) ON DELETE NO ACTION ON UPDATE NO ACTION,
  ADD CONSTRAINT `fk_Producto_has_Ubicacion_Ubicacion1` FOREIGN KEY (`idUbicacion`) REFERENCES `ubicacion` (`idUbicacion`) ON DELETE NO ACTION ON UPDATE NO ACTION;
COMMIT;

/*!40101 SET CHARACTER_SET_CLIENT=@OLD_CHARACTER_SET_CLIENT */;
/*!40101 SET CHARACTER_SET_RESULTS=@OLD_CHARACTER_SET_RESULTS */;
/*!40101 SET COLLATION_CONNECTION=@OLD_COLLATION_CONNECTION */;
